consumo_kwh,uso_horario_pico,cantidad_equipos,tipo_inmueble,horas_alto_consumo,categoria
78.9,False,3,Departamento,4,Eficiente
323.0,False,13,Casa,8,Ineficiente
287.3,False,15,Departamento,7,Eficiente
143.7,False,7,Departamento,4,Eficiente
247.8,False,14,Casa,7,Moderado
156.2,False,8,Departamento,4,Eficiente
195.4,False,9,Departamento,6,Moderado
107.5,False,5,Departamento,3,Eficiente
258.5,False,13,Casa,5,Moderado
100.1,False,2,Casa,2,Eficiente
92.5,False,5,Casa,2,Eficiente
165.0,False,10,Departamento,4,Eficiente
159.0,False,9,Departamento,4,Eficiente
196.7,False,10,Departamento,5,Moderado
154.4,False,4,Casa,3,Moderado
436.8,True,19,Casa,11,Eficiente
183.0,False,6,Departamento,5,Moderado
219.9,False,13,Casa,8,Moderado
189.0,False,14,Departamento,7,Eficiente
265.1,False,14,Departamento,5,Moderado
222.7,False,13,Departamento,5,Eficiente
241.9,True,14,Casa,8,Ineficiente
238.2,False,13,Departamento,7,Moderado
80.1,False,8,Departamento,3,Eficiente
81.4,False,2,Departamento,2,Eficiente
195.9,True,9,Casa,7,Eficiente
184.0,False,9,Casa,7,Moderado
252.4,False,17,Casa,6,Eficiente
199.8,False,10,Casa,6,Moderado
218.5,True,13,Departamento,8,Ineficiente
104.6,False,6,Departamento,2,Eficiente
172.7,False,10,Departamento,5,Eficiente
113.8,False,6,Casa,5,Ineficiente
231.3,False,15,Casa,6,Eficiente
90.4,False,4,Casa,2,Eficiente
234.8,False,12,Casa,8,Moderado
107.7,False,5,Casa,3,Eficiente
169.7,False,8,Casa,5,Moderado
290.7,True,19,Casa,10,Ineficiente
193.7,False,9,Departamento,6,Moderado
100.1,False,5,Casa,5,Eficiente
129.0,False,3,Departamento,3,Moderado
93.1,False,4,Departamento,4,Eficiente
98.9,False,3,Casa,3,Ineficiente
183.7,False,11,Departamento,5,Eficiente
219.6,False,13,Departamento,5,Ineficiente
240.5,False,16,Casa,6,Eficiente
257.5,True,16,Casa,9,Ineficiente
174.6,False,9,Departamento,4,Eficiente
179.1,False,8,Casa,4,Moderado
128.4,False,4,Casa,3,Moderado
167.6,False,9,Casa,6,Eficiente
99.7,False,4,Departamento,3,Eficiente
122.0,False,6,Departamento,3,Eficiente
180.6,False,8,Departamento,3,Eficiente
164.1,False,11,Departamento,6,Eficiente
712.1,False,14,Casa,9,Ineficiente
97.2,False,3,Departamento,4,Moderado
186.5,True,8,Casa,5,Ineficiente
109.8,False,4,Casa,3,Eficiente
149.6,False,9,Departamento,3,Eficiente
174.8,False,8,Casa,6,Moderado
251.0,False,14,Departamento,7,Moderado
141.7,False,8,Departamento,4,Moderado
162.9,True,8,Departamento,5,Moderado
144.6,True,7,Departamento,4,Moderado
97.7,False,4,Departamento,2,Eficiente
154.2,False,5,Casa,4,Moderado
168.7,False,8,Casa,4,Eficiente
204.3,False,12,Casa,6,Eficiente
252.1,True,16,Casa,7,Moderado
180.7,False,12,Casa,5,Eficiente
154.9,True,11,Departamento,8,Moderado
96.8,False,5,Casa,3,Eficiente
249.7,False,13,Casa,7,Moderado
151.4,False,7,Casa,4,Eficiente
277.6,True,14,Casa,8,Ineficiente
301.6,False,14,Departamento,9,Ineficiente
161.6,False,9,Departamento,5,Eficiente
112.7,False,5,Departamento,3,Eficiente
172.5,True,7,Departamento,7,Ineficiente
234.8,False,15,Casa,7,Moderado
152.2,False,4,Departamento,2,Moderado
155.1,False,7,Casa,4,Eficiente
256.3,False,16,Casa,9,Moderado
242.3,False,14,Casa,8,Moderado
147.9,False,6,Departamento,4,Moderado
100.3,False,8,Casa,3,Eficiente
241.8,True,12,Casa,8,Ineficiente
145.5,False,3,Casa,4,Moderado
216.7,False,13,Casa,5,Eficiente
183.5,False,6,Departamento,4,Moderado
91.7,False,2,Casa,2,Eficiente
204.7,False,12,Casa,8,Moderado
248.1,False,13,Casa,6,Moderado
227.4,False,13,Departamento,7,Moderado
213.1,False,10,Casa,5,Moderado
86.2,False,5,Casa,2,Eficiente
341.3,False,13,Casa,8,Ineficiente
209.2,False,14,Departamento,4,Eficiente
104.5,False,3,Departamento,3,Moderado
124.8,False,8,Departamento,3,Eficiente
218.0,True,10,Casa,7,Ineficiente
229.1,False,16,Departamento,5,Eficiente
141.5,False,5,Departamento,6,Moderado
249.0,False,10,Departamento,6,Ineficiente
93.8,False,4,Casa,2,Eficiente
128.5,False,8,Casa,4,Eficiente
84.0,False,5,Casa,1,Eficiente
120.3,False,7,Departamento,4,Eficiente
372.8,False,18,Casa,8,Ineficiente
478.4,False,15,Casa,6,Ineficiente
219.7,False,13,Casa,5,Eficiente
131.9,False,6,Departamento,2,Eficiente
181.4,False,8,Casa,5,Moderado
214.0,False,12,Departamento,5,Eficiente
89.4,False,3,Departamento,1,Eficiente
134.5,False,9,Departamento,4,Eficiente
369.5,True,15,Casa,10,Ineficiente
112.7,False,4,Departamento,4,Moderado
126.5,False,4,Departamento,4,Moderado
174.7,False,12,Departamento,5,Eficiente
224.8,False,11,Casa,7,Moderado
156.0,False,10,Casa,2,Eficiente
206.2,False,9,Casa,6,Moderado
255.4,False,15,Casa,7,Moderado
454.4,True,17,Casa,11,Ineficiente
189.3,False,12,Casa,5,Eficiente
194.5,True,12,Casa,7,Moderado
327.5,True,16,Departamento,9,Ineficiente
158.1,False,7,Casa,6,Moderado
99.3,False,7,Departamento,3,Eficiente
190.1,False,9,Departamento,3,Eficiente
313.7,False,11,Casa,8,Ineficiente
204.2,False,8,Departamento,5,Moderado
191.9,False,7,Casa,6,Ineficiente
93.8,False,5,Departamento,3,Moderado
196.0,False,15,Casa,7,Eficiente
290.8,False,11,Departamento,8,Ineficiente
118.0,True,3,Casa,6,Ineficiente
179.6,False,10,Casa,6,Eficiente
169.4,False,11,Casa,5,Eficiente
129.5,False,4,Departamento,2,Ineficiente
192.8,False,11,Departamento,4,Eficiente
238.3,False,12,Casa,5,Moderado
237.6,False,18,Casa,7,Eficiente
134.6,False,6,Casa,1,Eficiente
99.9,False,5,Casa,2,Eficiente
225.1,True,12,Casa,8,Ineficiente
161.6,False,7,Casa,6,Moderado
376.0,False,18,Departamento,8,Ineficiente
382.3,False,14,Departamento,7,Ineficiente
459.3,False,13,Casa,9,Ineficiente
116.9,False,5,Departamento,3,Eficiente
257.6,True,15,Casa,8,Ineficiente
250.2,False,12,Departamento,6,Moderado
272.4,False,15,Casa,7,Moderado
149.9,False,5,Departamento,3,Moderado
297.3,False,17,Departamento,7,Moderado
175.5,False,10,Departamento,6,Eficiente
210.1,False,11,Casa,6,Moderado
92.5,True,4,Departamento,4,Moderado
263.4,False,11,Casa,5,Ineficiente
180.1,False,7,Casa,5,Moderado
214.6,False,11,Departamento,5,Moderado
220.6,False,13,Casa,5,Eficiente
187.7,False,11,Departamento,4,Eficiente
170.0,False,8,Departamento,5,Moderado
275.3,True,16,Casa,7,Ineficiente
159.8,False,10,Departamento,5,Eficiente
107.4,False,4,Casa,2,Eficiente
253.9,True,14,Casa,9,Ineficiente
140.9,False,6,Casa,4,Moderado
99.3,False,4,Departamento,3,Eficiente
131.7,False,6,Casa,4,Eficiente
221.4,False,15,Casa,8,Moderado
191.2,False,12,Casa,7,Eficiente
72.1,False,5,Departamento,1,Moderado
146.7,False,6,Departamento,3,Eficiente
283.6,False,13,Departamento,6,Ineficiente
142.6,False,7,Departamento,4,Eficiente
160.8,False,10,Departamento,3,Eficiente
313.4,False,18,Casa,7,Moderado
281.5,False,10,Casa,6,Ineficiente
268.5,False,19,Departamento,7,Ineficiente
53.8,False,4,Departamento,3,Eficiente
412.3,False,18,Casa,6,Ineficiente
258.8,False,11,Casa,6,Ineficiente
487.9,False,16,Departamento,6,Ineficiente
143.3,False,8,Casa,1,Eficiente
83.0,False,2,Departamento,3,Moderado
198.5,True,6,Casa,8,Ineficiente
179.6,True,10,Casa,7,Moderado
230.9,False,12,Departamento,8,Moderado
314.0,False,18,Casa,5,Moderado
189.5,False,10,Casa,3,Eficiente
159.6,False,8,Departamento,3,Eficiente
214.7,False,13,Departamento,3,Eficiente
177.9,False,11,Casa,4,Ineficiente
173.0,False,8,Casa,5,Moderado
270.3,False,16,Departamento,7,Moderado
299.7,False,14,Departamento,8,Ineficiente
311.9,False,15,Casa,8,Ineficiente
183.2,False,11,Casa,4,Moderado
80.0,True,5,Casa,3,Eficiente
184.7,False,10,Casa,5,Eficiente
144.1,False,5,Casa,2,Moderado
164.8,False,5,Departamento,1,Moderado
149.3,False,7,Casa,4,Eficiente
199.8,True,13,Casa,8,Moderado
112.3,False,5,Departamento,5,Eficiente
100.6,False,4,Departamento,3,Eficiente
334.1,False,16,Casa,8,Ineficiente
116.4,False,5,Departamento,2,Eficiente
176.1,False,7,Departamento,4,Moderado
259.1,False,15,Departamento,6,Moderado
290.8,False,16,Casa,8,Moderado
274.5,True,14,Casa,9,Ineficiente
197.1,False,11,Departamento,6,Eficiente
272.3,False,11,Casa,7,Ineficiente
355.3,False,16,Casa,6,Ineficiente
236.8,False,13,Casa,8,Moderado
79.7,True,6,Departamento,5,Eficiente
140.5,False,6,Departamento,4,Moderado
267.4,False,16,Casa,7,Moderado
134.4,False,5,Departamento,4,Ineficiente
393.1,True,12,Casa,9,Ineficiente
169.0,False,8,Departamento,4,Eficiente
181.2,False,10,Departamento,4,Eficiente
320.6,False,16,Casa,7,Ineficiente
182.1,False,10,Casa,6,Eficiente
211.7,False,11,Casa,7,Moderado
257.5,False,13,Departamento,7,Moderado
92.8,False,2,Departamento,3,Moderado
155.1,False,4,Departamento,3,Moderado
250.1,True,13,Departamento,7,Ineficiente
207.9,False,10,Casa,5,Eficiente
320.9,False,17,Departamento,7,Moderado
103.6,False,2,Casa,3,Ineficiente
98.3,False,4,Casa,3,Eficiente
240.4,False,17,Departamento,8,Moderado
252.4,True,13,Departamento,6,Ineficiente
184.3,False,10,Casa,4,Eficiente
236.1,False,14,Casa,6,Moderado
236.9,False,14,Departamento,7,Moderado
125.1,False,5,Departamento,6,Moderado
128.1,False,4,Departamento,2,Ineficiente
217.5,False,13,Casa,5,Eficiente
291.0,False,11,Casa,7,Eficiente
121.4,False,7,Casa,2,Eficiente
157.5,False,7,Departamento,3,Eficiente
156.6,False,8,Departamento,4,Eficiente
238.3,False,12,Casa,7,Moderado
198.9,False,13,Casa,5,Eficiente
158.5,False,8,Casa,3,Eficiente
293.5,False,14,Departamento,7,Ineficiente
138.5,True,6,Departamento,4,Moderado
176.1,False,9,Casa,6,Moderado
102.3,True,8,Casa,6,Eficiente
130.4,False,3,Departamento,1,Moderado
246.0,True,15,Casa,9,Ineficiente
199.1,True,12,Departamento,6,Moderado
260.9,False,17,Casa,7,Moderado
249.7,False,15,Casa,6,Moderado
424.3,True,17,Departamento,8,Ineficiente
145.8,False,9,Casa,5,Eficiente
102.4,False,4,Casa,2,Eficiente
127.3,False,7,Casa,2,Eficiente
149.5,True,10,Casa,6,Moderado
131.4,False,6,Casa,2,Eficiente
210.4,False,11,Casa,5,Moderado
332.7,False,15,Casa,5,Ineficiente
378.2,True,17,Casa,7,Ineficiente
218.2,True,10,Departamento,7,Ineficiente
429.8,False,16,Departamento,7,Ineficiente
171.9,False,7,Casa,2,Moderado
100.6,False,5,Casa,2,Eficiente
310.7,True,14,Casa,9,Ineficiente
79.0,False,2,Departamento,2,Eficiente
126.4,False,3,Departamento,4,Moderado
252.4,False,13,Casa,9,Ineficiente
191.5,False,9,Casa,6,Moderado
184.2,False,10,Casa,4,Eficiente
121.2,True,5,Casa,6,Ineficiente
173.2,False,10,Departamento,6,Eficiente
301.6,False,16,Casa,6,Moderado
200.7,True,12,Casa,6,Moderado
139.6,False,3,Casa,2,Moderado
119.8,False,3,Casa,2,Moderado
139.9,True,7,Casa,6,Moderado
206.9,False,12,Departamento,7,Moderado
228.6,False,14,Casa,7,Eficiente
124.1,False,3,Departamento,3,Eficiente
79.0,False,2,Casa,2,Ineficiente
204.1,False,11,Departamento,6,Moderado
119.2,False,5,Departamento,3,Eficiente
231.4,False,13,Departamento,8,Moderado
127.7,False,6,Departamento,3,Eficiente
115.9,False,5,Departamento,3,Eficiente
184.8,False,12,Departamento,4,Eficiente
467.6,False,20,Departamento,8,Moderado
269.3,False,12,Casa,6,Ineficiente
208.2,False,11,Casa,4,Eficiente
234.4,False,14,Casa,7,Moderado
83.3,False,4,Departamento,4,Eficiente
125.4,False,5,Casa,3,Eficiente
68.5,False,4,Casa,2,Eficiente
356.5,False,13,Departamento,9,Ineficiente
384.1,False,16,Casa,8,Ineficiente
234.8,False,10,Casa,6,Ineficiente
213.3,False,13,Casa,5,Eficiente
105.4,False,2,Casa,2,Eficiente
180.4,False,10,Casa,5,Eficiente
429.4,False,17,Casa,8,Ineficiente
212.3,False,12,Casa,7,Eficiente
160.0,False,7,Casa,4,Moderado
94.6,False,3,Casa,1,Eficiente
305.5,False,17,Departamento,9,Moderado
195.7,True,10,Casa,6,Ineficiente
83.2,False,3,Departamento,1,Eficiente
117.5,False,4,Departamento,2,Eficiente
116.7,False,7,Casa,1,Eficiente
189.1,False,10,Casa,5,Eficiente
215.9,False,10,Casa,7,Moderado
140.6,False,6,Departamento,3,Eficiente
243.1,True,13,Departamento,10,Ineficiente
178.0,False,12,Departamento,6,Eficiente
316.0,True,15,Casa,10,Ineficiente
149.7,False,5,Departamento,1,Moderado
716.4,False,18,Casa,10,Ineficiente
135.0,False,9,Departamento,3,Eficiente
135.5,False,8,Casa,5,Eficiente
114.7,False,3,Departamento,2,Eficiente
160.0,False,7,Departamento,4,Moderado
95.5,False,4,Casa,2,Eficiente
194.9,False,10,Departamento,4,Eficiente
89.7,False,4,Casa,1,Eficiente
185.4,False,9,Departamento,2,Eficiente
112.3,False,3,Casa,6,Moderado
148.0,False,9,Departamento,2,Eficiente
258.9,False,12,Casa,5,Moderado
456.7,False,15,Departamento,9,Ineficiente
110.5,False,2,Departamento,1,Eficiente
164.7,False,9,Departamento,2,Ineficiente
127.2,False,6,Departamento,1,Eficiente
120.4,False,7,Departamento,3,Eficiente
129.9,False,4,Departamento,2,Eficiente
281.4,False,12,Casa,8,Ineficiente
140.3,False,6,Departamento,3,Eficiente
512.8,False,17,Casa,8,Ineficiente
208.9,False,12,Departamento,5,Eficiente
129.6,False,3,Casa,3,Moderado
146.7,False,8,Departamento,3,Eficiente
123.7,False,4,Departamento,2,Eficiente
279.3,False,13,Casa,6,Ineficiente
98.8,False,6,Casa,4,Eficiente
100.2,False,2,Departamento,2,Eficiente
136.4,False,7,Departamento,1,Eficiente
263.9,False,15,Casa,7,Moderado
289.4,True,13,Departamento,8,Ineficiente
309.4,False,14,Departamento,7,Ineficiente
248.7,False,16,Casa,6,Eficiente
189.9,True,14,Casa,9,Moderado
276.6,True,16,Casa,8,Ineficiente
108.8,False,8,Departamento,4,Eficiente
93.5,False,2,Casa,3,Moderado
209.0,False,9,Departamento,4,Moderado
113.9,False,5,Departamento,3,Eficiente
192.7,False,12,Casa,4,Eficiente
181.3,False,6,Departamento,3,Moderado
193.1,False,9,Departamento,4,Moderado
295.6,False,13,Casa,8,Ineficiente
278.8,False,15,Casa,10,Ineficiente
220.1,False,12,Casa,5,Eficiente
165.8,False,7,Casa,5,Moderado
205.7,False,12,Casa,6,Moderado
135.4,False,4,Departamento,3,Moderado
182.4,False,9,Casa,7,Moderado
597.8,True,15,Casa,13,Ineficiente
187.3,False,10,Departamento,4,Eficiente
209.9,False,10,Departamento,8,Moderado
129.2,False,7,Departamento,2,Eficiente
262.6,False,14,Departamento,6,Moderado
274.7,False,14,Casa,7,Moderado
275.2,False,18,Casa,8,Moderado
192.0,False,11,Departamento,5,Eficiente
268.2,False,13,Departamento,8,Ineficiente
301.2,False,14,Departamento,7,Ineficiente
223.1,False,10,Casa,8,Ineficiente
165.8,False,8,Departamento,5,Moderado
253.3,False,14,Departamento,8,Moderado
137.9,False,3,Casa,2,Moderado
128.7,True,3,Departamento,5,Ineficiente
168.6,False,8,Departamento,4,Eficiente
96.7,False,2,Casa,1,Eficiente
287.1,False,15,Casa,6,Moderado
116.7,False,5,Departamento,3,Eficiente
163.6,True,8,Casa,7,Ineficiente
182.0,False,11,Casa,5,Eficiente
202.9,False,10,Casa,7,Moderado
172.6,False,9,Casa,3,Eficiente
166.3,True,7,Departamento,6,Ineficiente
171.7,False,9,Departamento,3,Eficiente
168.1,False,9,Casa,5,Eficiente
127.6,False,3,Departamento,4,Moderado
274.0,False,14,Departamento,8,Ineficiente
82.6,False,3,Casa,1,Eficiente
161.5,False,8,Departamento,5,Eficiente
162.7,False,9,Casa,6,Eficiente
205.6,False,10,Departamento,4,Moderado
95.2,False,5,Departamento,1,Eficiente
140.7,True,7,Departamento,4,Moderado
272.0,False,12,Departamento,6,Ineficiente
229.5,False,11,Casa,7,Moderado
120.5,False,2,Casa,3,Moderado
160.2,False,8,Casa,6,Moderado
251.8,True,16,Departamento,9,Moderado
120.5,False,8,Casa,2,Eficiente
168.1,False,7,Departamento,4,Moderado
173.1,False,10,Departamento,5,Eficiente
172.0,False,9,Casa,3,Eficiente
617.6,False,13,Casa,9,Ineficiente
170.6,False,8,Casa,4,Eficiente
209.8,False,11,Departamento,7,Moderado
124.0,False,7,Departamento,3,Eficiente
252.4,True,12,Casa,8,Ineficiente
253.8,False,15,Departamento,6,Moderado
155.9,False,7,Casa,6,Eficiente
172.0,True,6,Departamento,6,Ineficiente
120.0,False,4,Departamento,7,Moderado
108.5,False,7,Departamento,3,Eficiente
266.2,False,14,Departamento,6,Moderado
136.5,False,8,Departamento,1,Eficiente
71.9,False,5,Casa,4,Eficiente
412.6,False,16,Casa,8,Ineficiente
142.5,False,4,Casa,5,Moderado
182.4,False,8,Casa,8,Ineficiente
340.8,True,18,Departamento,10,Ineficiente
162.3,False,8,Departamento,5,Eficiente
162.0,True,5,Departamento,8,Ineficiente
119.9,False,7,Casa,4,Eficiente
87.4,False,2,Departamento,1,Eficiente
184.7,False,8,Casa,7,Moderado
230.7,False,13,Casa,6,Moderado
197.3,False,15,Departamento,7,Eficiente
140.7,False,8,Departamento,4,Eficiente
177.5,False,8,Departamento,6,Ineficiente
91.5,False,4,Casa,2,Eficiente
208.9,True,13,Departamento,6,Moderado
210.4,False,14,Casa,6,Eficiente
396.9,False,16,Departamento,9,Ineficiente
177.1,False,9,Departamento,4,Eficiente
134.3,False,4,Casa,3,Moderado
197.3,False,12,Casa,3,Eficiente
176.2,True,11,Casa,6,Moderado
206.9,False,8,Departamento,4,Moderado
205.1,False,10,Casa,6,Eficiente
103.7,False,2,Departamento,3,Moderado
88.0,False,4,Departamento,2,Eficiente
196.6,False,8,Departamento,7,Ineficiente
351.4,False,14,Casa,8,Ineficiente
178.2,False,11,Departamento,5,Eficiente
285.4,False,14,Casa,7,Ineficiente
265.8,False,14,Departamento,6,Moderado
194.1,False,11,Departamento,6,Eficiente
121.5,False,7,Departamento,2,Eficiente
186.9,False,9,Departamento,5,Moderado
330.5,False,15,Casa,9,Ineficiente
247.2,True,13,Casa,7,Ineficiente
273.3,False,16,Casa,5,Eficiente
166.0,True,8,Casa,5,Moderado
183.3,False,9,Casa,7,Moderado
189.9,False,11,Casa,4,Eficiente
193.6,True,14,Casa,6,Moderado
326.0,False,16,Casa,8,Ineficiente
75.7,False,3,Casa,1,Eficiente
177.7,True,13,Departamento,6,Moderado
169.1,False,11,Departamento,6,Eficiente
112.2,True,7,Casa,4,Eficiente
269.0,False,13,Casa,6,Moderado
149.6,False,6,Casa,4,Moderado
147.3,False,4,Departamento,4,Moderado
430.1,False,18,Casa,7,Ineficiente
302.7,False,15,Casa,8,Ineficiente
255.7,False,10,Casa,8,Ineficiente
234.6,True,15,Casa,7,Moderado
184.8,False,9,Casa,4,Eficiente
399.2,False,16,Departamento,8,Ineficiente
241.5,False,10,Departamento,7,Ineficiente
126.8,False,6,Departamento,3,Ineficiente
97.8,False,5,Departamento,2,Eficiente
223.3,False,12,Departamento,4,Eficiente
196.9,False,10,Casa,4,Eficiente
95.3,False,8,Departamento,3,Eficiente
240.5,False,11,Casa,6,Moderado
178.1,False,8,Casa,4,Moderado
215.2,False,13,Departamento,6,Eficiente
236.7,True,11,Casa,11,Ineficiente
152.3,True,5,Casa,5,Ineficiente
228.1,False,14,Departamento,8,Moderado
141.2,False,8,Departamento,5,Eficiente
142.7,False,7,Departamento,5,Eficiente
158.2,False,8,Casa,3,Eficiente
321.0,False,14,Casa,8,Ineficiente
154.2,False,7,Departamento,3,Eficiente
355.2,False,16,Casa,10,Ineficiente
372.3,False,18,Departamento,8,Ineficiente
148.3,False,8,Casa,3,Eficiente
58.6,False,2,Casa,4,Moderado
310.0,False,17,Casa,7,Moderado
150.5,False,4,Departamento,4,Moderado
141.0,False,6,Casa,4,Moderado
154.7,True,5,Casa,6,Ineficiente
168.8,False,7,Casa,4,Moderado
346.4,True,19,Casa,11,Ineficiente
213.5,False,9,Casa,5,Moderado
300.8,True,14,Departamento,10,Ineficiente
243.8,False,14,Casa,6,Moderado
150.3,False,6,Departamento,5,Moderado
146.3,False,7,Departamento,5,Moderado
252.0,False,16,Casa,7,Moderado
279.6,False,16,Casa,7,Moderado
265.7,False,13,Departamento,8,Ineficiente
177.5,False,9,Casa,5,Eficiente
213.2,False,13,Casa,2,Eficiente
222.0,False,13,Departamento,5,Eficiente
148.8,True,7,Departamento,6,Ineficiente
108.9,False,5,Departamento,3,Eficiente
142.5,False,7,Casa,4,Eficiente
157.0,False,7,Departamento,6,Moderado
227.4,True,11,Departamento,9,Ineficiente
338.7,False,17,Casa,5,Moderado
97.4,False,4,Departamento,3,Eficiente
155.1,False,4,Casa,5,Moderado
174.0,False,7,Casa,5,Moderado
282.4,False,14,Casa,7,Moderado
158.5,False,7,Casa,3,Eficiente
165.4,False,10,Casa,5,Eficiente
96.2,False,10,Departamento,2,Eficiente
212.3,True,7,Departamento,8,Ineficiente
162.3,False,9,Departamento,5,Eficiente
131.0,False,6,Departamento,3,Eficiente
157.3,True,7,Departamento,7,Ineficiente
320.1,True,16,Casa,10,Ineficiente
130.9,False,6,Casa,5,Eficiente
138.9,False,6,Casa,4,Eficiente
337.4,True,16,Casa,11,Ineficiente
182.3,False,11,Departamento,4,Eficiente
262.4,True,15,Casa,8,Moderado
238.6,True,13,Casa,8,Ineficiente
193.7,False,9,Casa,6,Moderado
172.4,False,14,Casa,5,Eficiente
250.3,False,14,Departamento,6,Moderado
325.7,True,17,Casa,10,Ineficiente
312.0,False,14,Casa,6,Ineficiente
119.5,False,5,Casa,4,Eficiente
344.4,False,16,Casa,8,Ineficiente
150.4,False,4,Departamento,3,Moderado
146.3,False,6,Casa,3,Eficiente
187.7,False,9,Casa,5,Moderado
287.6,False,14,Casa,7,Ineficiente
220.9,False,10,Departamento,5,Moderado
157.1,False,8,Departamento,5,Eficiente
250.3,False,16,Departamento,8,Moderado
184.2,False,10,Departamento,6,Eficiente
136.4,False,4,Departamento,4,Moderado
148.2,False,5,Casa,3,Eficiente
241.0,False,12,Casa,6,Moderado
192.8,True,8,Casa,7,Ineficiente
113.5,False,5,Casa,3,Eficiente
248.0,False,16,Departamento,8,Moderado
161.9,False,7,Casa,4,Moderado
339.1,False,16,Departamento,5,Moderado
97.0,False,3,Departamento,3,Eficiente
182.2,False,8,Casa,5,Moderado
131.6,False,6,Departamento,3,Eficiente
113.6,False,3,Departamento,1,Eficiente
139.5,True,5,Departamento,4,Ineficiente
426.7,False,14,Casa,7,Ineficiente
213.4,False,12,Casa,5,Eficiente
142.0,False,8,Casa,3,Eficiente
93.8,False,5,Casa,1,Eficiente
96.8,False,7,Casa,5,Eficiente
138.7,False,5,Departamento,5,Moderado
133.3,True,7,Departamento,6,Moderado
180.3,False,7,Casa,5,Moderado
76.9,False,5,Casa,4,Eficiente
192.1,False,13,Casa,7,Eficiente
306.5,True,16,Casa,8,Ineficiente
344.0,False,19,Departamento,8,Moderado
90.1,False,2,Casa,2,Eficiente
142.2,False,6,Casa,3,Eficiente
123.0,False,4,Departamento,3,Moderado
212.2,False,12,Casa,6,Moderado
118.5,False,5,Casa,3,Eficiente
349.1,True,16,Departamento,10,Ineficiente
177.2,False,8,Departamento,6,Moderado
162.5,False,7,Departamento,3,Eficiente
339.2,False,16,Departamento,9,Ineficiente
198.0,False,10,Casa,4,Eficiente
205.5,True,9,Departamento,8,Ineficiente
128.0,False,2,Departamento,4,Moderado
97.7,False,3,Departamento,3,Eficiente
133.3,False,3,Departamento,3,Moderado
439.6,False,15,Departamento,8,Ineficiente
226.6,False,12,Departamento,8,Moderado
223.4,False,12,Casa,5,Moderado
117.2,False,4,Departamento,3,Eficiente
288.2,False,19,Casa,8,Moderado
99.5,False,2,Departamento,2,Eficiente
91.1,False,6,Departamento,4,Eficiente
137.0,False,6,Departamento,6,Moderado
393.7,False,15,Departamento,9,Eficiente
441.8,False,18,Casa,9,Ineficiente
144.7,False,6,Departamento,2,Eficiente
128.9,False,4,Departamento,2,Eficiente
99.3,False,7,Casa,2,Eficiente
208.3,False,7,Casa,5,Ineficiente
213.4,False,11,Casa,6,Moderado
242.1,True,13,Departamento,5,Ineficiente
292.6,False,17,Casa,8,Moderado
157.5,False,7,Departamento,4,Moderado
249.9,False,18,Casa,6,Eficiente
129.4,False,7,Departamento,5,Eficiente
249.8,False,9,Casa,6,Ineficiente
140.2,False,4,Departamento,2,Moderado
242.4,True,14,Casa,9,Ineficiente
201.9,False,9,Departamento,6,Moderado
178.3,False,10,Departamento,4,Eficiente
244.9,False,12,Departamento,9,Ineficiente
89.8,False,2,Departamento,2,Eficiente
127.3,False,4,Casa,4,Ineficiente
177.7,False,11,Casa,5,Eficiente
109.6,False,2,Casa,4,Moderado
166.8,False,10,Casa,4,Ineficiente
149.9,False,9,Departamento,2,Eficiente
301.1,False,14,Departamento,8,Ineficiente
183.0,True,7,Departamento,7,Ineficiente
263.6,False,15,Departamento,8,Moderado
200.4,False,10,Departamento,5,Moderado
138.7,False,4,Departamento,4,Moderado
210.9,False,15,Casa,4,Eficiente
270.8,False,13,Casa,6,Moderado
286.5,True,12,Departamento,8,Ineficiente
167.0,False,9,Departamento,5,Eficiente
99.9,False,4,Casa,2,Eficiente
95.5,False,6,Casa,1,Eficiente
151.3,False,6,Departamento,3,Moderado
75.2,False,3,Casa,3,Eficiente
424.2,False,17,Casa,8,Ineficiente
226.2,False,13,Departamento,5,Eficiente
132.9,False,6,Departamento,4,Eficiente
125.4,False,6,Casa,5,Ineficiente
267.2,False,14,Departamento,8,Moderado
127.1,False,5,Casa,1,Eficiente
113.3,False,6,Departamento,3,Eficiente
144.9,False,6,Casa,3,Eficiente
184.7,False,11,Departamento,2,Moderado
259.0,False,16,Casa,5,Eficiente
329.9,False,14,Casa,8,Ineficiente
269.9,False,18,Departamento,7,Moderado
202.3,False,10,Casa,6,Moderado
306.9,True,14,Casa,8,Ineficiente
150.6,False,8,Casa,5,Eficiente
81.9,False,4,Departamento,1,Eficiente
130.1,False,6,Departamento,2,Eficiente
154.1,False,8,Casa,2,Eficiente
133.6,False,10,Casa,2,Eficiente
163.2,True,8,Casa,7,Ineficiente
224.8,False,11,Departamento,5,Ineficiente
353.9,False,15,Departamento,9,Ineficiente
82.9,False,4,Departamento,3,Eficiente
102.5,False,5,Departamento,2,Eficiente
141.0,False,7,Casa,2,Eficiente
240.0,False,11,Departamento,6,Moderado
183.1,False,12,Casa,2,Eficiente
149.6,False,11,Casa,3,Eficiente
274.1,True,14,Casa,9,Ineficiente
293.8,False,18,Casa,8,Moderado
198.0,False,12,Casa,5,Eficiente
144.0,False,11,Casa,3,Eficiente
221.6,True,13,Casa,7,Moderado
157.3,False,8,Departamento,3,Eficiente
180.4,False,11,Casa,6,Eficiente
160.8,False,7,Casa,5,Moderado
256.2,False,14,Departamento,7,Moderado
192.9,False,13,Departamento,6,Eficiente
305.7,False,17,Casa,7,Moderado
348.9,True,16,Casa,8,Ineficiente
210.7,False,12,Departamento,4,Eficiente
161.4,True,9,Casa,7,Ineficiente
308.6,False,16,Casa,6,Moderado
214.1,False,13,Departamento,5,Eficiente
595.7,False,18,Casa,8,Ineficiente
199.8,False,9,Departamento,4,Moderado
232.3,False,11,Departamento,4,Moderado
196.3,False,11,Departamento,4,Eficiente
189.8,False,12,Casa,3,Eficiente
177.7,False,10,Casa,5,Eficiente
222.4,False,11,Casa,6,Moderado
246.3,False,13,Casa,5,Moderado
280.0,True,12,Departamento,7,Ineficiente
225.5,False,10,Casa,7,Ineficiente
143.0,False,7,Departamento,4,Eficiente
152.4,False,10,Departamento,3,Eficiente
99.4,False,4,Departamento,4,Ineficiente
398.0,True,20,Casa,10,Ineficiente
159.0,True,7,Casa,6,Ineficiente
258.5,False,14,Departamento,5,Moderado
196.4,False,9,Departamento,3,Moderado
195.9,False,10,Departamento,3,Eficiente
162.9,False,6,Departamento,7,Ineficiente
123.8,False,2,Departamento,2,Moderado
131.7,False,4,Casa,3,Moderado
363.8,False,16,Departamento,8,Ineficiente
208.8,False,10,Casa,6,Moderado
283.2,True,14,Departamento,9,Ineficiente
308.4,False,16,Departamento,7,Moderado
168.2,False,6,Casa,5,Moderado
240.0,True,13,Casa,7,Ineficiente
203.7,True,13,Casa,7,Moderado
107.5,False,6,Departamento,1,Eficiente
184.7,False,11,Casa,3,Eficiente
259.6,False,14,Casa,5,Eficiente
161.9,False,7,Casa,5,Moderado
175.9,False,9,Casa,4,Eficiente
188.6,False,13,Casa,6,Eficiente
484.5,True,17,Casa,10,Ineficiente
93.3,False,3,Casa,3,Eficiente
244.3,True,14,Casa,7,Ineficiente
178.1,False,9,Casa,5,Eficiente
151.3,False,8,Casa,4,Eficiente
174.9,False,9,Casa,7,Moderado
229.9,True,12,Departamento,8,Ineficiente
270.3,False,16,Casa,8,Moderado
219.3,False,8,Casa,6,Ineficiente
319.0,False,16,Casa,6,Moderado
339.2,False,15,Casa,9,Ineficiente
277.0,False,11,Casa,9,Ineficiente
158.3,False,6,Casa,4,Moderado
213.8,False,12,Departamento,5,Eficiente
249.4,True,14,Casa,9,Ineficiente
143.6,False,8,Casa,4,Eficiente
103.3,False,6,Casa,5,Eficiente
85.1,False,2,Casa,3,Moderado
202.4,False,12,Casa,4,Eficiente
195.2,False,12,Departamento,7,Eficiente
104.2,False,5,Departamento,3,Eficiente
307.0,False,16,Casa,8,Ineficiente
210.9,False,8,Casa,6,Ineficiente
356.5,False,14,Casa,9,Ineficiente
236.3,False,15,Casa,7,Moderado
109.3,False,4,Departamento,2,Eficiente
239.8,False,17,Casa,6,Eficiente
264.5,False,12,Casa,7,Ineficiente
140.3,False,9,Departamento,4,Eficiente
110.4,False,3,Casa,3,Moderado
208.2,False,13,Casa,5,Eficiente
116.0,False,4,Departamento,3,Eficiente
321.7,False,16,Casa,7,Ineficiente
168.5,False,10,Casa,2,Eficiente
408.7,True,15,Casa,11,Ineficiente
71.0,False,5,Departamento,2,Eficiente
212.6,False,11,Casa,5,Moderado
368.6,False,16,Casa,8,Ineficiente
139.2,False,2,Casa,3,Moderado
187.0,True,9,Casa,6,Ineficiente
148.1,False,9,Departamento,4,Eficiente
151.3,False,8,Casa,6,Eficiente
192.8,False,12,Departamento,5,Eficiente
100.7,False,4,Departamento,1,Eficiente
166.1,False,11,Departamento,4,Eficiente
247.6,False,14,Casa,7,Moderado
158.7,False,7,Departamento,5,Eficiente
114.3,False,6,Departamento,4,Eficiente
305.3,False,17,Casa,8,Moderado
238.4,False,14,Departamento,7,Moderado
111.2,False,4,Departamento,5,Moderado
114.2,False,5,Casa,1,Eficiente
116.2,False,7,Departamento,6,Eficiente
252.6,True,14,Casa,10,Ineficiente
195.1,False,8,Departamento,8,Ineficiente
240.2,False,12,Departamento,5,Moderado
173.9,False,8,Casa,5,Ineficiente
118.6,False,4,Departamento,3,Ineficiente
289.2,False,11,Casa,8,Ineficiente
138.6,False,10,Departamento,4,Eficiente
187.7,False,8,Departamento,5,Moderado
104.1,False,3,Casa,3,Moderado
156.9,False,4,Casa,4,Moderado
305.0,False,17,Casa,7,Moderado
147.8,False,7,Casa,4,Ineficiente
276.8,False,14,Casa,6,Moderado
73.9,False,3,Casa,2,Eficiente
159.9,False,9,Casa,2,Eficiente
187.6,False,9,Casa,5,Moderado
367.0,False,13,Departamento,7,Ineficiente
108.0,False,2,Departamento,3,Moderado
229.7,True,10,Departamento,7,Ineficiente
308.4,False,16,Casa,7,Moderado
128.2,False,7,Departamento,4,Eficiente
148.1,False,10,Departamento,3,Eficiente
210.2,False,9,Casa,5,Moderado
107.1,False,5,Casa,3,Eficiente
143.7,True,6,Departamento,7,Ineficiente
341.1,False,21,Casa,8,Moderado
246.4,True,16,Casa,8,Ineficiente
162.5,False,11,Departamento,3,Eficiente
212.7,False,13,Casa,5,Eficiente
256.4,False,14,Casa,7,Moderado
238.2,False,12,Departamento,4,Moderado
137.7,False,5,Departamento,2,Eficiente
376.9,True,15,Casa,11,Ineficiente
306.0,False,16,Departamento,7,Ineficiente
230.6,True,15,Departamento,10,Ineficiente
141.0,False,6,Casa,5,Moderado
112.9,False,3,Departamento,2,Ineficiente
175.1,False,6,Casa,4,Moderado
201.7,False,11,Casa,7,Moderado
82.7,False,6,Departamento,3,Eficiente
243.5,False,15,Casa,8,Moderado
301.3,False,17,Departamento,7,Moderado
221.7,False,13,Departamento,6,Eficiente
148.9,False,7,Casa,3,Eficiente
123.5,False,8,Departamento,3,Eficiente
224.7,False,10,Casa,5,Moderado
161.5,False,7,Departamento,4,Moderado
238.3,False,16,Casa,6,Eficiente
221.7,False,10,Departamento,5,Moderado
272.4,False,14,Departamento,8,Moderado
125.7,False,7,Casa,1,Eficiente
191.9,True,10,Departamento,8,Ineficiente
149.1,False,9,Departamento,3,Moderado
169.4,True,11,Departamento,5,Moderado
249.8,True,14,Departamento,8,Ineficiente
264.9,False,16,Departamento,7,Moderado
362.7,False,14,Casa,5,Ineficiente
235.1,False,12,Casa,6,Moderado
190.1,False,14,Casa,5,Eficiente
154.9,False,11,Departamento,3,Eficiente
95.6,False,2,Casa,3,Moderado
345.1,True,16,Casa,8,Ineficiente
173.9,False,9,Casa,4,Eficiente
214.9,False,12,Departamento,4,Eficiente
265.5,False,16,Casa,9,Moderado
104.3,False,7,Departamento,4,Eficiente
135.4,False,6,Casa,4,Eficiente
330.2,False,18,Departamento,6,Moderado
223.8,False,13,Casa,6,Moderado
156.0,False,8,Casa,4,Eficiente
164.7,False,5,Departamento,5,Moderado
273.4,True,16,Departamento,9,Ineficiente
293.3,False,16,Casa,7,Moderado
108.5,False,5,Casa,3,Eficiente
342.5,False,14,Departamento,7,Ineficiente
260.0,True,17,Departamento,9,Ineficiente
184.4,True,10,Casa,6,Moderado
122.6,False,3,Casa,2,Moderado
273.1,False,12,Departamento,9,Ineficiente
212.2,True,13,Departamento,8,Moderado
93.4,False,5,Departamento,4,Eficiente
157.4,False,7,Departamento,4,Moderado
751.8,False,18,Casa,11,Ineficiente
172.3,False,10,Departamento,5,Eficiente
126.2,False,6,Departamento,4,Eficiente
115.6,False,3,Departamento,3,Moderado
413.8,False,18,Casa,8,Ineficiente
282.5,False,16,Casa,7,Moderado
316.8,False,16,Departamento,7,Ineficiente
223.0,False,11,Casa,7,Eficiente
294.6,True,12,Departamento,9,Ineficiente
139.4,False,6,Casa,4,Eficiente
184.6,False,11,Departamento,6,Eficiente
196.0,True,12,Departamento,9,Moderado
354.0,False,17,Casa,8,Ineficiente
226.2,True,12,Casa,6,Ineficiente
132.6,False,4,Departamento,3,Moderado
178.7,False,9,Departamento,5,Moderado
99.7,True,4,Casa,4,Eficiente
66.0,False,5,Departamento,4,Eficiente
245.7,False,12,Departamento,8,Ineficiente
169.2,False,8,Casa,4,Eficiente
180.0,False,13,Casa,8,Eficiente
282.2,False,17,Casa,7,Ineficiente
362.4,True,15,Casa,9,Ineficiente
249.9,False,16,Casa,5,Eficiente
448.1,True,15,Casa,8,Ineficiente
218.0,True,11,Departamento,6,Ineficiente
227.0,False,12,Casa,7,Moderado
195.3,False,10,Departamento,6,Moderado
116.2,False,6,Casa,2,Eficiente
295.6,True,15,Casa,9,Ineficiente
62.0,False,4,Departamento,3,Eficiente
137.6,False,6,Departamento,1,Eficiente
201.5,False,12,Casa,8,Moderado
142.0,False,7,Casa,5,Eficiente
163.8,False,6,Casa,5,Moderado
428.4,True,17,Casa,11,Ineficiente
314.9,False,15,Casa,5,Moderado
149.7,False,6,Casa,3,Moderado
162.4,False,7,Casa,6,Moderado
116.4,False,4,Casa,3,Eficiente
233.0,False,12,Departamento,7,Moderado
156.0,False,11,Departamento,6,Eficiente
88.3,False,7,Casa,3,Ineficiente
206.6,True,6,Casa,7,Ineficiente
243.9,False,14,Casa,7,Moderado
298.3,True,17,Casa,7,Ineficiente
167.2,False,8,Departamento,5,Moderado
148.8,False,9,Departamento,5,Eficiente
402.7,False,19,Departamento,8,Ineficiente
172.7,False,6,Departamento,6,Moderado
238.8,False,13,Departamento,7,Ineficiente
138.1,False,10,Departamento,4,Eficiente
266.7,False,12,Casa,9,Ineficiente
107.5,False,4,Casa,1,Eficiente
164.4,False,7,Casa,6,Eficiente
104.6,False,6,Departamento,4,Eficiente
152.5,False,9,Casa,5,Eficiente
293.7,False,15,Departamento,7,Moderado
134.0,False,6,Departamento,4,Eficiente
273.5,False,11,Casa,6,Ineficiente
377.1,False,19,Casa,7,Moderado
197.1,False,10,Casa,5,Moderado
303.0,True,15,Casa,8,Ineficiente
213.9,False,13,Departamento,5,Eficiente
183.6,False,10,Departamento,4,Eficiente
241.9,False,15,Departamento,7,Moderado
428.5,False,18,Casa,10,Ineficiente
152.6,False,8,Casa,6,Eficiente
132.4,False,6,Casa,2,Eficiente
112.3,False,3,Departamento,2,Eficiente
264.2,True,14,Departamento,9,Ineficiente
315.9,False,17,Casa,8,Moderado
138.7,False,5,Departamento,3,Moderado
81.9,False,2,Casa,3,Eficiente
129.9,False,4,Departamento,4,Moderado
251.2,False,14,Casa,5,Moderado
191.2,False,13,Casa,5,Eficiente
189.2,False,11,Departamento,4,Eficiente
162.8,False,4,Casa,4,Moderado
301.0,True,16,Casa,9,Ineficiente
232.0,False,12,Casa,7,Moderado
184.3,False,9,Departamento,4,Eficiente
215.9,True,10,Departamento,10,Eficiente
210.9,False,11,Departamento,5,Moderado
137.4,False,5,Casa,4,Moderado
233.2,True,13,Casa,9,Ineficiente
282.8,False,13,Casa,7,Ineficiente
324.3,True,13,Casa,8,Ineficiente
235.6,False,14,Casa,5,Eficiente
116.0,False,7,Departamento,4,Eficiente
123.6,True,6,Departamento,6,Moderado
144.3,False,6,Departamento,4,Moderado
215.9,False,10,Casa,4,Ineficiente
188.2,True,9,Casa,7,Ineficiente
125.3,False,7,Casa,5,Eficiente
124.2,False,4,Casa,2,Eficiente
82.6,False,5,Casa,2,Ineficiente
53.4,False,4,Casa,2,Eficiente
188.6,False,12,Casa,6,Eficiente
466.5,False,19,Departamento,7,Ineficiente
427.3,False,18,Casa,9,Ineficiente
117.1,False,2,Departamento,5,Eficiente
212.0,False,13,Casa,4,Eficiente
94.5,False,4,Departamento,1,Eficiente
116.6,False,4,Casa,3,Eficiente
120.7,False,8,Casa,4,Ineficiente
181.6,False,9,Casa,5,Moderado
187.9,False,9,Casa,6,Moderado
193.0,False,12,Departamento,3,Eficiente
263.7,False,13,Casa,7,Moderado
151.8,False,6,Departamento,1,Eficiente
205.9,False,9,Casa,7,Ineficiente
126.1,False,4,Casa,5,Moderado
113.2,False,3,Casa,2,Eficiente
105.4,False,5,Casa,1,Eficiente
231.9,True,11,Departamento,8,Ineficiente
152.2,False,4,Departamento,5,Moderado
78.5,False,4,Departamento,3,Eficiente
194.7,False,9,Casa,8,Moderado
117.2,False,5,Casa,3,Eficiente
349.4,False,18,Departamento,10,Ineficiente
159.1,False,8,Casa,2,Eficiente
263.4,False,17,Casa,6,Eficiente
315.8,True,15,Casa,8,Ineficiente
116.5,False,7,Departamento,4,Eficiente
178.9,True,8,Departamento,5,Ineficiente
221.3,True,12,Departamento,9,Ineficiente
179.6,False,8,Departamento,6,Moderado
235.4,False,11,Casa,7,Ineficiente
98.5,False,3,Departamento,2,Eficiente
251.6,False,11,Casa,5,Moderado
140.4,False,7,Departamento,4,Eficiente
231.2,False,12,Casa,6,Moderado
255.0,False,14,Departamento,8,Moderado
262.0,True,12,Casa,11,Ineficiente
231.1,False,14,Casa,6,Eficiente
257.4,False,17,Casa,8,Moderado
269.1,False,17,Casa,7,Moderado
373.1,False,20,Casa,9,Ineficiente
170.0,False,9,Departamento,3,Eficiente
213.3,False,11,Casa,5,Moderado
261.1,False,15,Departamento,6,Moderado
163.5,False,8,Casa,6,Moderado
100.5,False,2,Departamento,2,Eficiente
243.7,False,15,Casa,7,Moderado
160.4,False,7,Departamento,4,Moderado
104.6,False,2,Departamento,2,Eficiente
246.3,False,12,Casa,5,Moderado
320.0,False,15,Departamento,5,Moderado
102.3,False,4,Casa,2,Eficiente
307.1,True,15,Casa,9,Ineficiente
59.9,False,6,Departamento,1,Eficiente
147.1,True,5,Departamento,6,Ineficiente
432.4,True,16,Casa,12,Ineficiente
172.6,False,7,Casa,6,Moderado
180.7,False,12,Departamento,5,Eficiente
240.9,True,12,Departamento,8,Ineficiente
85.6,False,3,Departamento,3,Eficiente
204.2,True,13,Casa,8,Ineficiente
176.9,False,12,Departamento,5,Eficiente
437.0,True,19,Casa,10,Ineficiente
104.4,False,2,Departamento,3,Moderado
168.6,False,9,Casa,4,Eficiente
117.6,True,5,Departamento,5,Moderado
128.3,False,5,Casa,1,Eficiente
274.7,True,14,Departamento,9,Ineficiente
175.9,True,11,Departamento,4,Moderado
159.6,True,10,Casa,6,Moderado
140.0,False,8,Departamento,2,Eficiente
156.4,False,8,Casa,6,Eficiente
142.2,False,11,Departamento,4,Eficiente
119.3,True,4,Casa,5,Ineficiente
176.3,False,6,Casa,5,Moderado
171.9,False,8,Casa,4,Moderado
146.1,False,7,Casa,5,Eficiente
215.9,False,14,Casa,7,Eficiente
191.9,False,9,Departamento,5,Moderado
137.5,False,7,Departamento,2,Eficiente
162.3,False,5,Departamento,4,Eficiente
489.9,True,19,Casa,10,Ineficiente
485.8,False,17,Casa,7,Ineficiente
126.3,False,5,Casa,2,Eficiente
117.4,False,9,Departamento,2,Eficiente
110.5,False,6,Departamento,2,Eficiente
311.2,False,13,Casa,7,Ineficiente
146.6,False,7,Departamento,4,Eficiente
220.5,False,17,Casa,6,Eficiente
460.5,False,20,Casa,8,Ineficiente
201.9,False,13,Casa,6,Eficiente
272.1,False,11,Casa,7,Ineficiente
215.9,True,14,Departamento,9,Ineficiente
135.9,False,5,Departamento,1,Eficiente
315.6,False,18,Casa,7,Moderado
141.1,False,5,Casa,3,Moderado
305.0,True,16,Departamento,9,Ineficiente
135.9,False,5,Departamento,3,Moderado
140.9,False,6,Departamento,4,Moderado
128.0,False,7,Casa,4,Eficiente
117.8,False,3,Departamento,1,Eficiente
166.9,False,13,Casa,5,Eficiente
62.4,False,2,Departamento,1,Eficiente
181.2,False,8,Casa,5,Moderado
140.4,False,8,Departamento,3,Eficiente
281.8,False,17,Casa,6,Moderado
239.9,False,12,Casa,4,Moderado
129.1,False,4,Departamento,3,Moderado
144.2,True,5,Departamento,4,Ineficiente
181.1,False,8,Casa,3,Moderado
321.4,False,16,Departamento,8,Ineficiente
122.7,False,5,Departamento,4,Eficiente
149.9,False,8,Casa,4,Eficiente
126.3,False,6,Casa,1,Eficiente
108.5,False,6,Casa,2,Eficiente
197.9,False,10,Departamento,6,Moderado
217.4,False,11,Casa,6,Moderado
345.5,True,16,Casa,10,Ineficiente
267.0,True,14,Departamento,8,Eficiente
474.9,True,17,Departamento,9,Ineficiente
168.2,False,7,Departamento,4,Moderado
156.0,False,9,Departamento,5,Eficiente
99.1,False,2,Departamento,3,Moderado
232.8,True,12,Departamento,7,Ineficiente
185.6,False,12,Departamento,6,Eficiente
265.9,True,12,Casa,7,Ineficiente
125.3,False,7,Casa,3,Eficiente
235.1,False,10,Casa,5,Moderado
189.6,False,7,Departamento,4,Eficiente
213.0,False,9,Casa,4,Moderado
149.8,False,7,Casa,3,Eficiente
288.1,False,16,Departamento,8,Eficiente
475.3,False,19,Casa,8,Ineficiente
126.4,False,8,Casa,2,Eficiente
231.6,False,14,Departamento,6,Eficiente
51.7,False,2,Departamento,1,Eficiente
262.0,False,12,Casa,7,Moderado
90.2,False,5,Casa,1,Eficiente
158.7,False,10,Casa,3,Eficiente
99.8,False,2,Departamento,2,Eficiente
160.8,False,10,Departamento,5,Eficiente
279.6,False,11,Casa,7,Ineficiente
80.4,True,4,Departamento,4,Moderado
173.9,False,9,Casa,6,Moderado
159.5,False,7,Casa,6,Moderado
334.9,True,16,Departamento,9,Eficiente
238.6,True,11,Casa,8,Ineficiente
121.9,False,6,Casa,3,Eficiente
162.3,False,8,Casa,3,Eficiente
336.1,False,17,Departamento,8,Ineficiente
231.0,False,15,Departamento,8,Moderado
118.0,False,5,Departamento,1,Moderado
180.2,False,8,Casa,5,Moderado
182.0,False,8,Casa,7,Moderado
140.4,True,9,Departamento,6,Moderado
96.5,False,7,Casa,3,Eficiente
129.7,False,7,Departamento,1,Eficiente
311.8,False,15,Departamento,8,Ineficiente
171.8,False,10,Casa,6,Eficiente
166.2,False,11,Departamento,5,Eficiente
213.1,False,11,Casa,5,Ineficiente
499.1,False,17,Casa,8,Ineficiente
173.9,False,7,Departamento,3,Moderado
315.2,True,15,Casa,8,Ineficiente
133.9,False,9,Departamento,4,Eficiente
155.8,False,9,Departamento,5,Eficiente
174.4,False,9,Departamento,4,Eficiente
125.5,False,2,Departamento,2,Moderado
181.6,True,8,Casa,6,Ineficiente
289.8,False,15,Casa,7,Moderado
125.8,False,5,Departamento,2,Eficiente
172.2,False,9,Departamento,6,Moderado
266.8,False,15,Casa,6,Moderado
143.5,False,6,Casa,4,Moderado
316.2,False,15,Casa,6,Ineficiente
205.3,False,11,Casa,6,Moderado
162.3,True,7,Departamento,7,Ineficiente
86.7,False,7,Casa,1,Ineficiente
150.5,False,6,Departamento,3,Moderado
200.0,False,7,Departamento,5,Moderado
360.6,False,19,Departamento,7,Moderado
253.4,False,12,Casa,8,Ineficiente
320.3,False,17,Casa,7,Ineficiente
103.8,False,3,Departamento,3,Moderado
165.8,False,9,Departamento,5,Eficiente
332.9,False,16,Casa,7,Ineficiente
119.5,False,7,Departamento,4,Eficiente
296.8,False,15,Casa,5,Moderado
236.1,False,12,Departamento,6,Moderado
224.0,False,13,Casa,5,Eficiente
176.7,False,8,Casa,5,Moderado
131.8,False,2,Casa,3,Moderado
417.0,False,15,Casa,8,Ineficiente
261.9,True,19,Casa,9,Ineficiente
234.0,False,9,Casa,6,Ineficiente
167.8,True,9,Casa,7,Moderado
176.8,False,9,Departamento,5,Eficiente
215.3,False,15,Casa,4,Eficiente
205.8,False,9,Departamento,6,Ineficiente
236.2,False,13,Departamento,4,Eficiente
143.7,False,8,Casa,1,Eficiente
107.5,False,4,Casa,5,Moderado
177.3,False,8,Departamento,4,Moderado
83.4,False,3,Departamento,2,Eficiente
176.5,False,9,Casa,2,Eficiente
142.1,False,6,Departamento,3,Eficiente
245.1,False,15,Casa,7,Moderado
459.7,True,17,Casa,10,Ineficiente
76.8,False,4,Departamento,1,Eficiente
518.8,False,17,Casa,7,Ineficiente
156.3,False,9,Departamento,4,Eficiente
234.1,False,15,Casa,6,Eficiente
95.1,False,3,Departamento,2,Eficiente
298.8,False,16,Casa,8,Moderado
203.1,False,9,Casa,5,Moderado
197.1,True,7,Casa,9,Ineficiente
88.6,False,7,Casa,2,Eficiente
178.7,False,9,Departamento,6,Moderado
287.5,False,15,Casa,8,Moderado
178.0,False,7,Casa,3,Moderado
326.0,False,13,Casa,8,Ineficiente
321.2,False,14,Casa,7,Ineficiente
134.9,False,7,Departamento,2,Eficiente
392.6,True,15,Casa,9,Ineficiente
179.4,True,9,Departamento,7,Ineficiente
203.3,True,10,Casa,6,Ineficiente
183.5,False,12,Departamento,5,Ineficiente
205.3,False,13,Casa,5,Eficiente
66.0,False,2,Casa,3,Eficiente
158.3,False,9,Departamento,3,Eficiente
98.1,False,3,Departamento,4,Moderado
341.0,False,15,Departamento,8,Ineficiente
391.1,False,16,Casa,8,Ineficiente
285.5,False,16,Casa,9,Moderado
159.7,False,6,Departamento,6,Moderado
129.6,False,7,Casa,3,Eficiente
131.7,True,10,Departamento,4,Eficiente
392.8,True,17,Departamento,10,Ineficiente
131.6,False,6,Departamento,1,Eficiente
64.6,False,3,Departamento,1,Eficiente
267.1,False,15,Departamento,8,Moderado
371.6,False,13,Casa,8,Ineficiente
406.0,False,20,Casa,7,Ineficiente
269.1,False,16,Departamento,11,Moderado
330.6,False,14,Casa,6,Ineficiente
203.9,False,11,Casa,6,Moderado
82.2,False,2,Casa,1,Eficiente
178.6,False,10,Departamento,7,Moderado
227.8,False,13,Departamento,5,Eficiente
166.3,False,9,Departamento,4,Eficiente
185.3,True,8,Casa,5,Eficiente
132.8,False,5,Casa,6,Moderado
129.1,False,8,Casa,2,Eficiente
428.2,False,16,Casa,8,Ineficiente
384.2,False,12,Departamento,8,Eficiente
176.3,False,9,Departamento,4,Eficiente
224.4,False,17,Casa,3,Eficiente
134.3,False,8,Casa,3,Eficiente
261.8,False,13,Casa,6,Moderado
361.0,False,16,Departamento,8,Ineficiente
91.5,False,5,Departamento,5,Eficiente
242.5,False,10,Casa,7,Ineficiente
218.2,False,10,Departamento,7,Ineficiente
252.4,False,14,Casa,6,Moderado
400.5,False,19,Casa,6,Ineficiente
405.0,False,16,Departamento,7,Ineficiente
182.7,False,12,Casa,4,Eficiente
268.3,True,13,Casa,9,Ineficiente
177.3,False,3,Departamento,4,Eficiente
153.3,False,9,Casa,2,Eficiente
195.9,False,12,Departamento,7,Ineficiente
262.6,False,15,Casa,7,Moderado
137.5,False,7,Casa,2,Eficiente
167.0,False,8,Casa,4,Eficiente
165.9,False,8,Casa,3,Eficiente
141.5,False,6,Casa,2,Eficiente
201.4,False,10,Departamento,6,Moderado
237.9,False,10,Casa,6,Ineficiente
305.2,True,13,Casa,10,Ineficiente
140.6,False,6,Casa,3,Eficiente
154.2,False,3,Casa,4,Moderado
383.5,False,13,Casa,8,Ineficiente
163.7,False,8,Departamento,5,Eficiente
205.4,False,11,Casa,4,Eficiente
163.5,False,8,Departamento,5,Eficiente
277.5,False,10,Departamento,5,Ineficiente
326.5,False,18,Casa,7,Moderado
315.8,False,13,Casa,6,Ineficiente
203.1,False,10,Casa,5,Moderado
122.0,False,3,Departamento,4,Moderado
444.1,False,19,Casa,9,Ineficiente
251.4,False,14,Departamento,8,Moderado
145.3,False,6,Departamento,3,Moderado
315.9,True,14,Departamento,10,Ineficiente
316.2,True,13,Departamento,9,Ineficiente
368.1,True,17,Casa,10,Ineficiente
135.4,False,5,Casa,4,Moderado
258.2,False,15,Casa,6,Moderado
237.6,True,14,Departamento,9,Ineficiente
513.1,True,16,Departamento,10,Ineficiente
126.9,False,2,Departamento,3,Moderado
364.3,False,16,Casa,7,Eficiente
176.1,False,6,Departamento,4,Moderado
117.6,False,5,Casa,3,Eficiente
189.8,False,10,Casa,5,Eficiente
173.9,False,8,Departamento,4,Moderado
128.8,False,3,Casa,2,Moderado
225.6,True,14,Casa,5,Moderado
264.0,False,13,Departamento,8,Ineficiente
222.0,False,16,Casa,7,Eficiente
161.1,False,8,Casa,2,Eficiente
198.7,False,11,Casa,5,Eficiente
190.3,False,11,Departamento,7,Eficiente
279.6,False,16,Departamento,7,Moderado
223.5,False,14,Casa,7,Moderado
109.1,False,2,Casa,2,Moderado
156.2,False,9,Casa,3,Eficiente
184.9,False,11,Departamento,6,Eficiente
281.3,False,15,Departamento,8,Moderado
299.6,True,18,Departamento,8,Ineficiente
424.7,False,20,Casa,9,Ineficiente
210.3,False,13,Casa,4,Eficiente
279.5,False,13,Casa,4,Moderado
94.3,False,2,Departamento,2,Ineficiente
237.0,False,14,Casa,7,Moderado
110.3,False,7,Departamento,1,Eficiente
167.9,False,5,Departamento,2,Moderado
710.6,False,19,Casa,7,Eficiente
226.7,True,12,Casa,7,Ineficiente
136.8,False,3,Casa,5,Moderado
237.2,False,14,Casa,6,Moderado
160.6,False,10,Casa,5,Eficiente
116.1,False,4,Departamento,3,Eficiente
482.8,True,15,Casa,12,Ineficiente
310.0,True,18,Casa,8,Ineficiente
201.2,False,10,Departamento,5,Moderado
147.0,False,9,Departamento,2,Eficiente
177.5,False,6,Casa,6,Ineficiente
331.2,False,16,Departamento,9,Ineficiente
199.5,False,12,Departamento,6,Eficiente
48.4,False,5,Departamento,2,Eficiente
473.0,False,19,Departamento,6,Ineficiente
217.7,True,10,Casa,8,Ineficiente
200.4,True,12,Departamento,7,Moderado
314.2,False,13,Casa,8,Ineficiente
209.6,False,9,Departamento,5,Moderado
240.9,False,12,Departamento,6,Moderado
168.7,False,9,Casa,7,Ineficiente
118.9,False,8,Casa,4,Eficiente
198.0,True,14,Departamento,9,Moderado
320.1,False,15,Departamento,7,Ineficiente
149.8,False,8,Casa,2,Eficiente
127.8,False,7,Departamento,4,Eficiente
294.0,True,16,Departamento,11,Ineficiente
165.0,False,8,Casa,3,Eficiente
168.0,False,9,Casa,4,Eficiente
169.3,False,8,Casa,3,Eficiente
168.9,False,8,Departamento,5,Moderado
103.0,False,3,Casa,4,Moderado
140.8,False,6,Departamento,3,Eficiente
220.2,True,11,Casa,7,Ineficiente
193.9,True,8,Departamento,5,Ineficiente
328.9,True,17,Casa,8,Ineficiente
428.9,False,18,Casa,10,Ineficiente
327.0,False,19,Departamento,8,Moderado
288.7,False,15,Casa,8,Moderado
187.0,False,9,Casa,5,Moderado
135.0,False,5,Departamento,3,Moderado
174.6,False,9,Departamento,5,Eficiente
225.8,True,13,Departamento,8,Ineficiente
281.9,False,14,Casa,9,Ineficiente
225.1,False,10,Departamento,5,Moderado
164.7,False,7,Departamento,4,Ineficiente
273.6,False,14,Casa,6,Moderado
336.0,False,17,Casa,5,Moderado
251.4,False,11,Departamento,8,Ineficiente
196.9,False,11,Casa,7,Moderado
124.4,False,6,Departamento,4,Eficiente
121.4,False,4,Departamento,3,Moderado
130.2,False,5,Departamento,5,Moderado
226.0,False,11,Casa,7,Moderado
246.4,False,14,Casa,7,Moderado
109.9,False,6,Casa,3,Eficiente
161.5,False,10,Casa,4,Eficiente
189.5,False,8,Departamento,5,Moderado
119.1,False,5,Departamento,4,Eficiente
237.7,False,9,Casa,5,Ineficiente
175.4,False,9,Casa,5,Eficiente
127.9,True,7,Departamento,4,Eficiente
204.4,False,14,Casa,6,Eficiente
239.2,False,10,Casa,9,Ineficiente
139.6,False,4,Casa,4,Moderado
156.9,False,8,Departamento,5,Eficiente
241.1,False,10,Casa,7,Ineficiente
128.2,False,6,Departamento,1,Eficiente
99.4,False,5,Casa,2,Eficiente
90.9,False,2,Departamento,3,Moderado
166.0,False,9,Casa,2,Eficiente
114.7,False,3,Casa,2,Eficiente
172.5,False,11,Casa,4,Eficiente
408.2,True,17,Casa,8,Ineficiente
111.6,False,3,Casa,1,Eficiente
175.7,False,7,Casa,6,Moderado
493.6,False,18,Casa,4,Ineficiente
147.6,False,6,Departamento,5,Moderado
186.7,False,9,Casa,5,Moderado
208.1,False,10,Departamento,7,Moderado
351.4,False,19,Departamento,7,Moderado
160.7,False,4,Casa,3,Moderado
126.0,False,8,Departamento,3,Moderado
97.2,False,3,Departamento,2,Eficiente
181.2,False,9,Departamento,4,Eficiente
110.3,False,4,Casa,2,Eficiente
166.9,False,9,Casa,3,Eficiente
135.1,False,5,Casa,2,Eficiente
317.5,False,17,Casa,6,Moderado
140.2,False,8,Departamento,4,Eficiente
204.7,True,9,Departamento,6,Ineficiente
101.0,False,5,Casa,1,Eficiente
183.6,True,9,Departamento,6,Ineficiente
120.4,False,5,Casa,3,Eficiente
145.1,False,9,Departamento,4,Eficiente
505.3,True,16,Casa,11,Ineficiente
259.5,True,15,Departamento,9,Ineficiente
164.4,False,9,Departamento,5,Eficiente
777.4,True,17,Casa,10,Ineficiente
136.1,False,7,Casa,4,Eficiente
288.0,False,15,Departamento,8,Moderado
103.3,False,2,Casa,2,Eficiente
178.8,False,8,Casa,3,Eficiente
97.8,False,2,Departamento,4,Moderado
194.8,True,10,Departamento,7,Ineficiente
202.8,False,13,Casa,7,Eficiente
177.7,True,10,Casa,5,Moderado
313.0,False,13,Casa,7,Ineficiente
137.1,False,6,Departamento,2,Eficiente
225.5,False,13,Casa,7,Moderado
279.3,False,16,Casa,6,Moderado
107.7,False,3,Casa,2,Eficiente
126.5,False,3,Departamento,5,Moderado
202.6,True,11,Casa,8,Ineficiente
230.0,False,14,Departamento,7,Moderado
316.1,False,16,Departamento,6,Moderado
158.5,False,6,Departamento,2,Moderado
152.1,True,10,Departamento,7,Moderado
118.6,False,5,Departamento,1,Eficiente
202.8,True,11,Departamento,7,Ineficiente
176.2,False,8,Casa,4,Moderado
153.7,False,9,Departamento,3,Eficiente
193.8,True,11,Casa,7,Moderado
251.7,False,14,Casa,5,Moderado
138.5,False,4,Departamento,2,Moderado
126.4,False,7,Departamento,3,Eficiente
209.6,True,13,Departamento,9,Ineficiente
56.0,False,5,Casa,1,Eficiente
154.5,False,7,Casa,4,Eficiente
123.3,False,5,Casa,4,Moderado
325.9,True,15,Casa,10,Ineficiente
168.1,False,13,Casa,4,Eficiente
158.7,False,7,Casa,3,Eficiente
195.0,False,8,Casa,6,Moderado
133.2,False,5,Departamento,4,Moderado
168.1,False,8,Casa,2,Eficiente
179.6,False,12,Departamento,4,Eficiente
145.5,False,4,Departamento,4,Moderado
166.7,True,7,Casa,5,Ineficiente
131.4,True,6,Casa,5,Moderado
123.7,False,8,Casa,4,Eficiente
175.5,True,10,Departamento,6,Moderado
227.0,True,15,Casa,8,Moderado
108.6,False,5,Casa,1,Moderado
239.4,False,13,Departamento,5,Moderado
243.3,False,15,Departamento,7,Moderado
298.3,True,12,Casa,11,Ineficiente
226.4,False,9,Casa,5,Moderado
260.5,False,16,Casa,8,Moderado
507.8,False,17,Casa,8,Ineficiente
175.4,True,11,Casa,4,Eficiente
111.0,False,3,Departamento,1,Eficiente
91.0,False,6,Departamento,3,Eficiente
416.8,False,18,Casa,6,Ineficiente
370.0,False,16,Departamento,7,Ineficiente
135.6,False,6,Casa,3,Eficiente
128.2,False,6,Departamento,4,Eficiente
151.2,False,6,Departamento,4,Moderado
295.2,False,14,Departamento,9,Ineficiente
101.2,False,5,Departamento,1,Eficiente
87.4,False,3,Casa,2,Eficiente
495.5,False,14,Casa,8,Ineficiente
225.6,True,13,Casa,9,Ineficiente
239.5,True,14,Casa,10,Ineficiente
157.0,False,10,Departamento,3,Eficiente
245.9,False,14,Casa,7,Moderado
93.2,False,5,Departamento,1,Eficiente
139.1,False,8,Casa,3,Eficiente
208.6,True,12,Casa,8,Ineficiente
76.9,False,2,Casa,3,Eficiente
153.0,False,9,Departamento,5,Eficiente
151.5,False,6,Departamento,4,Moderado
177.5,False,7,Casa,5,Moderado
157.9,False,6,Casa,5,Eficiente
112.6,False,9,Departamento,5,Eficiente
94.1,False,5,Casa,3,Eficiente
183.2,False,8,Departamento,5,Ineficiente
177.7,False,8,Casa,3,Eficiente
113.1,False,5,Casa,2,Eficiente
204.9,True,12,Casa,7,Moderado
175.0,False,10,Casa,6,Eficiente
164.7,False,7,Casa,3,Moderado
80.7,False,4,Casa,3,Moderado
233.7,False,12,Departamento,6,Moderado
118.0,False,7,Casa,3,Eficiente
203.4,False,11,Casa,5,Eficiente
142.4,False,5,Casa,3,Moderado
169.8,False,10,Casa,3,Ineficiente
282.3,False,15,Departamento,8,Ineficiente
249.3,False,13,Casa,6,Moderado
277.1,False,16,Departamento,6,Moderado
233.0,False,14,Casa,6,Eficiente
205.5,False,13,Departamento,10,Moderado
94.2,False,5,Casa,2,Eficiente
150.9,False,7,Departamento,6,Moderado
180.2,False,6,Casa,2,Moderado
333.7,False,16,Casa,7,Ineficiente
140.3,False,7,Departamento,5,Eficiente
192.5,False,10,Departamento,5,Eficiente
190.8,False,5,Departamento,4,Moderado
324.6,True,17,Casa,9,Ineficiente
165.3,False,7,Departamento,5,Moderado
249.9,False,15,Departamento,9,Moderado
86.3,False,7,Departamento,3,Eficiente
100.4,False,4,Casa,2,Eficiente
67.5,False,4,Departamento,2,Eficiente
239.8,True,13,Departamento,8,Ineficiente
230.3,True,13,Departamento,7,Ineficiente
290.9,False,15,Casa,7,Moderado
150.0,False,6,Casa,3,Moderado
136.7,False,5,Departamento,2,Eficiente
192.2,False,13,Casa,6,Eficiente
320.6,False,16,Departamento,8,Ineficiente
410.6,False,18,Casa,7,Ineficiente
281.3,False,15,Casa,7,Moderado
200.9,True,13,Departamento,6,Moderado
346.7,False,14,Casa,7,Ineficiente
177.7,True,9,Casa,7,Ineficiente
147.6,False,8,Departamento,4,Eficiente
164.6,False,11,Departamento,4,Eficiente
114.2,False,9,Departamento,3,Eficiente
185.2,False,11,Casa,5,Eficiente
124.5,False,4,Casa,2,Eficiente
266.5,False,12,Departamento,7,Ineficiente
252.4,True,12,Casa,9,Ineficiente
360.7,False,15,Casa,8,Ineficiente
99.2,False,2,Casa,1,Eficiente
440.3,False,15,Casa,8,Ineficiente
89.1,False,5,Departamento,2,Eficiente
105.7,False,4,Departamento,1,Eficiente
133.9,False,5,Departamento,2,Eficiente
343.1,False,13,Casa,8,Ineficiente
219.4,False,14,Casa,8,Moderado
181.3,False,10,Casa,3,Eficiente
140.9,False,6,Casa,5,Moderado
112.0,False,2,Casa,1,Eficiente
323.3,True,15,Casa,11,Ineficiente
277.0,True,15,Casa,9,Ineficiente
304.3,False,15,Departamento,6,Moderado
206.6,True,12,Departamento,8,Ineficiente
66.4,False,4,Casa,1,Eficiente
119.1,False,5,Casa,3,Ineficiente
214.6,True,13,Departamento,8,Moderado
150.7,False,6,Departamento,1,Eficiente
137.6,False,4,Departamento,2,Moderado
124.5,False,6,Casa,3,Eficiente
262.1,False,15,Departamento,8,Moderado
242.1,False,14,Casa,7,Moderado
248.0,False,14,Casa,8,Moderado
155.0,False,7,Casa,3,Eficiente
215.0,False,12,Casa,7,Moderado
113.8,False,5,Casa,4,Eficiente
186.2,False,11,Casa,3,Eficiente
61.1,False,8,Departamento,3,Eficiente
103.0,False,2,Casa,3,Moderado
176.6,False,15,Casa,4,Eficiente
541.2,False,15,Casa,8,Ineficiente
93.7,False,4,Casa,1,Eficiente
119.6,False,3,Casa,4,Moderado
218.4,False,12,Casa,6,Moderado
425.2,False,18,Casa,9,Ineficiente
191.6,False,10,Departamento,5,Eficiente
236.4,True,15,Departamento,8,Ineficiente
171.7,True,8,Casa,6,Ineficiente
139.1,False,3,Departamento,5,Moderado
179.6,False,11,Departamento,5,Eficiente
133.9,False,6,Departamento,3,Eficiente
231.9,False,12,Departamento,6,Moderado
87.1,False,3,Departamento,1,Eficiente
252.2,True,14,Departamento,6,Ineficiente
175.3,False,8,Departamento,4,Moderado
181.9,False,10,Casa,6,Eficiente
101.4,False,6,Casa,2,Ineficiente
132.5,False,10,Casa,2,Eficiente
330.2,False,18,Casa,6,Moderado
182.4,True,10,Casa,5,Moderado
224.7,False,13,Casa,5,Eficiente
119.9,False,4,Departamento,3,Moderado
174.4,False,8,Departamento,4,Moderado
98.6,True,5,Departamento,4,Moderado
210.9,False,11,Casa,5,Moderado
233.2,True,13,Casa,8,Ineficiente
198.8,False,9,Departamento,6,Moderado
118.9,False,7,Departamento,1,Eficiente
150.1,False,7,Departamento,3,Eficiente
221.2,False,14,Departamento,6,Eficiente
158.8,False,6,Departamento,5,Moderado
175.6,False,8,Casa,5,Ineficiente
444.0,False,19,Casa,9,Eficiente
135.2,True,5,Casa,4,Ineficiente
275.2,False,12,Departamento,7,Ineficiente
106.8,False,2,Departamento,5,Moderado
264.5,False,16,Casa,7,Moderado
233.6,False,14,Departamento,6,Moderado
160.7,True,7,Casa,7,Ineficiente
119.7,False,4,Casa,2,Eficiente
87.4,False,5,Casa,1,Eficiente
154.2,False,10,Casa,4,Eficiente
219.6,False,12,Departamento,4,Eficiente
127.1,False,6,Casa,4,Ineficiente
180.7,False,11,Departamento,5,Eficiente
94.4,False,8,Departamento,1,Eficiente
183.9,False,8,Casa,5,Moderado
123.3,False,4,Casa,3,Moderado
170.4,False,8,Departamento,6,Moderado
163.3,False,10,Casa,6,Moderado
107.1,False,4,Departamento,4,Moderado
151.2,True,8,Casa,7,Moderado
118.1,True,5,Departamento,4,Moderado
99.8,False,4,Departamento,3,Eficiente
319.6,True,16,Casa,9,Ineficiente
169.0,False,10,Casa,3,Eficiente
68.9,False,2,Departamento,2,Eficiente
156.1,False,7,Casa,4,Eficiente
295.0,True,13,Casa,9,Ineficiente
143.9,True,7,Casa,5,Moderado
374.0,False,16,Casa,8,Ineficiente
122.0,False,7,Departamento,4,Eficiente
214.6,False,12,Departamento,5,Eficiente
312.6,False,14,Casa,6,Ineficiente
206.7,False,11,Departamento,6,Moderado
112.2,False,8,Casa,4,Eficiente
134.4,False,3,Casa,4,Moderado
281.5,False,13,Departamento,6,Ineficiente
122.8,False,5,Departamento,3,Eficiente
300.7,False,14,Casa,7,Ineficiente
168.8,False,9,Casa,3,Eficiente
211.8,False,11,Casa,5,Moderado
96.3,False,4,Departamento,2,Eficiente
154.6,False,8,Casa,5,Eficiente
137.1,False,6,Casa,4,Eficiente
194.1,False,8,Departamento,4,Moderado
205.8,False,12,Casa,5,Eficiente
245.6,False,10,Casa,6,Ineficiente
162.3,False,7,Casa,4,Moderado
133.0,False,7,Casa,4,Eficiente
215.3,False,14,Casa,3,Eficiente
112.9,False,9,Departamento,4,Eficiente
270.9,True,13,Departamento,11,Ineficiente
167.2,False,7,Departamento,5,Moderado
151.3,False,8,Departamento,3,Eficiente
241.7,False,16,Casa,8,Moderado
196.4,False,13,Casa,6,Eficiente
85.9,False,2,Departamento,2,Eficiente
129.9,False,5,Casa,2,Eficiente
266.8,False,16,Departamento,6,Moderado
177.2,False,11,Departamento,5,Eficiente
97.7,True,5,Casa,5,Moderado
235.2,False,12,Casa,7,Moderado
157.6,True,9,Casa,7,Moderado
136.2,False,8,Casa,3,Eficiente
121.5,False,3,Casa,4,Moderado
301.1,True,17,Casa,9,Ineficiente
76.2,False,5,Departamento,4,Eficiente
123.8,False,4,Departamento,2,Eficiente
185.7,False,12,Departamento,5,Eficiente
387.3,False,18,Casa,10,Eficiente
252.3,False,15,Casa,8,Moderado
140.8,False,9,Casa,4,Eficiente
379.0,False,16,Casa,8,Ineficiente
98.3,False,4,Departamento,2,Eficiente
223.1,False,7,Casa,6,Ineficiente
242.8,False,15,Casa,6,Eficiente
121.9,False,7,Departamento,1,Eficiente
267.2,True,17,Casa,10,Ineficiente
163.0,False,6,Casa,2,Moderado
267.3,False,16,Casa,8,Moderado
80.7,False,5,Departamento,2,Eficiente
203.2,False,10,Departamento,4,Moderado
166.6,False,10,Casa,6,Eficiente
283.4,True,15,Departamento,7,Ineficiente
170.1,False,6,Departamento,4,Moderado
294.0,True,16,Departamento,8,Ineficiente
251.0,False,12,Casa,7,Ineficiente
187.5,False,7,Casa,4,Moderado
241.9,False,14,Departamento,8,Moderado
278.3,False,14,Casa,5,Moderado
213.2,True,14,Departamento,13,Ineficiente
66.3,False,3,Departamento,1,Eficiente
131.0,False,7,Casa,7,Eficiente
308.0,False,16,Departamento,9,Ineficiente
102.5,False,6,Departamento,2,Eficiente
255.0,False,12,Departamento,7,Moderado
266.5,False,14,Casa,6,Moderado
127.9,False,5,Departamento,3,Eficiente
85.6,False,5,Casa,1,Ineficiente
134.7,False,6,Departamento,4,Eficiente
415.8,False,15,Departamento,8,Ineficiente
120.8,False,4,Departamento,2,Eficiente
144.9,False,10,Casa,4,Eficiente
131.5,False,3,Casa,4,Moderado
332.5,True,17,Casa,9,Ineficiente
180.5,False,12,Casa,4,Eficiente
153.7,True,8,Casa,6,Moderado
315.0,True,19,Departamento,11,Ineficiente
252.4,False,15,Casa,6,Moderado
118.8,False,6,Departamento,4,Eficiente
103.9,True,3,Departamento,6,Ineficiente
326.7,True,16,Casa,11,Ineficiente
173.6,True,10,Departamento,7,Moderado
89.9,True,4,Departamento,3,Moderado
94.1,False,2,Casa,3,Moderado
124.8,False,3,Casa,3,Moderado
103.4,False,4,Departamento,3,Eficiente
72.9,False,2,Departamento,1,Eficiente
109.5,False,4,Departamento,2,Eficiente
120.0,False,2,Departamento,2,Moderado
144.5,False,8,Departamento,2,Eficiente
403.3,False,19,Casa,7,Ineficiente
156.8,False,8,Departamento,3,Eficiente
184.6,False,13,Casa,6,Eficiente
218.0,False,14,Departamento,5,Eficiente
180.5,False,10,Casa,4,Eficiente
232.6,False,12,Casa,6,Moderado
198.0,False,10,Departamento,7,Moderado
208.3,False,12,Casa,5,Ineficiente
564.2,False,17,Departamento,6,Ineficiente
292.6,True,16,Casa,7,Moderado
202.9,False,11,Departamento,5,Eficiente
145.0,False,9,Casa,6,Eficiente
210.9,False,11,Departamento,7,Moderado
113.5,False,5,Casa,2,Eficiente
109.3,True,3,Departamento,7,Ineficiente
203.4,False,11,Departamento,5,Eficiente
263.4,False,18,Departamento,6,Moderado
248.9,False,12,Casa,6,Moderado
290.4,False,16,Casa,8,Eficiente
205.3,False,10,Departamento,5,Moderado
186.3,False,6,Departamento,7,Ineficiente
161.1,False,9,Casa,5,Eficiente
280.9,False,14,Casa,8,Ineficiente
310.0,False,16,Casa,5,Moderado
170.8,False,10,Departamento,2,Eficiente
189.8,False,11,Casa,3,Eficiente
389.4,True,17,Casa,9,Ineficiente
172.2,False,7,Departamento,3,Eficiente
207.4,True,13,Casa,9,Ineficiente
211.0,False,11,Departamento,5,Moderado
193.5,False,7,Casa,6,Eficiente
123.0,False,7,Departamento,2,Eficiente
203.4,False,13,Departamento,6,Eficiente
172.6,False,12,Departamento,2,Eficiente
426.2,True,20,Casa,10,Ineficiente
280.7,False,16,Casa,8,Moderado
136.2,False,7,Departamento,4,Eficiente
274.7,False,16,Casa,6,Moderado
227.2,False,11,Casa,4,Moderado
345.9,False,13,Casa,9,Ineficiente
139.4,False,5,Departamento,3,Moderado
186.4,False,12,Departamento,5,Eficiente
165.2,False,7,Departamento,7,Moderado
175.4,False,10,Departamento,5,Eficiente
136.6,False,7,Casa,3,Eficiente
258.3,False,14,Casa,6,Moderado
237.6,True,11,Casa,9,Ineficiente
295.4,False,15,Departamento,6,Moderado
198.8,False,10,Casa,6,Moderado
145.7,False,10,Departamento,5,Eficiente
242.0,True,15,Departamento,8,Ineficiente
140.8,False,6,Casa,5,Moderado
269.9,False,17,Departamento,7,Moderado
319.6,False,16,Casa,6,Moderado
294.2,True,12,Departamento,7,Ineficiente
206.8,True,11,Departamento,8,Ineficiente
141.6,False,9,Departamento,4,Eficiente
209.0,False,10,Casa,7,Moderado
235.7,False,13,Casa,7,Moderado
157.8,False,5,Casa,6,Moderado
348.5,False,14,Casa,7,Ineficiente
252.7,False,12,Casa,7,Ineficiente
137.1,False,4,Casa,3,Moderado
382.7,False,15,Departamento,9,Ineficiente
207.9,False,14,Casa,4,Eficiente
127.7,False,5,Casa,4,Moderado
122.8,False,7,Departamento,2,Moderado
325.0,False,17,Departamento,8,Ineficiente
370.6,True,14,Departamento,11,Ineficiente
264.8,False,12,Departamento,5,Moderado
302.8,False,16,Departamento,6,Moderado
294.3,False,14,Departamento,7,Ineficiente
250.0,False,15,Casa,7,Moderado
196.5,False,14,Departamento,5,Eficiente
250.4,False,11,Casa,6,Ineficiente
269.8,True,14,Casa,8,Ineficiente
144.9,False,6,Casa,4,Moderado
275.8,False,13,Casa,6,Moderado
318.1,False,14,Departamento,8,Ineficiente
185.5,False,9,Casa,4,Eficiente
177.8,False,9,Casa,4,Eficiente
243.6,False,13,Casa,8,Moderado
132.1,False,8,Departamento,4,Eficiente
115.5,False,5,Casa,2,Moderado
281.8,False,17,Departamento,6,Moderado
143.6,False,6,Departamento,4,Moderado
198.1,False,9,Casa,4,Moderado
134.3,True,5,Departamento,7,Ineficiente
346.8,False,17,Casa,8,Ineficiente
289.4,False,16,Casa,6,Moderado
156.6,False,10,Departamento,4,Eficiente
104.2,False,5,Departamento,4,Ineficiente
169.9,False,10,Casa,2,Eficiente
220.1,False,14,Departamento,7,Eficiente
216.1,False,10,Casa,7,Moderado
179.1,False,9,Departamento,4,Eficiente
188.2,True,15,Departamento,7,Ineficiente
241.3,True,15,Departamento,8,Ineficiente
169.4,False,10,Departamento,5,Eficiente
241.5,False,15,Casa,5,Eficiente
115.9,False,2,Departamento,3,Moderado
507.8,True,16,Departamento,10,Ineficiente
154.2,False,6,Departamento,5,Moderado
216.8,False,13,Casa,9,Moderado
255.7,False,13,Casa,6,Moderado
169.1,False,9,Casa,4,Eficiente
201.5,False,10,Casa,4,Moderado
199.2,False,8,Casa,5,Moderado
134.8,False,8,Casa,2,Eficiente
208.9,False,8,Departamento,4,Moderado
99.0,False,3,Casa,4,Moderado
365.0,False,14,Departamento,8,Ineficiente
281.2,True,13,Casa,9,Ineficiente
227.6,True,13,Departamento,7,Ineficiente
97.2,False,6,Casa,2,Eficiente
144.0,False,4,Casa,2,Moderado
316.4,True,14,Departamento,9,Moderado
1006.4,True,14,Departamento,10,Ineficiente
329.7,False,15,Casa,7,Ineficiente
312.6,True,15,Casa,8,Ineficiente
216.9,True,13,Departamento,7,Moderado
120.6,False,2,Departamento,4,Moderado
303.6,True,16,Casa,9,Ineficiente
123.8,False,4,Casa,1,Eficiente
120.0,False,3,Casa,4,Moderado
101.5,False,4,Departamento,3,Eficiente
303.7,False,16,Casa,7,Moderado
195.1,False,10,Casa,7,Moderado
179.9,False,7,Departamento,5,Moderado
198.1,False,11,Casa,6,Moderado
124.3,False,4,Casa,4,Moderado
152.1,False,8,Casa,5,Eficiente
153.8,False,9,Casa,4,Eficiente
112.1,False,6,Casa,2,Eficiente
161.5,False,8,Casa,5,Eficiente
111.4,False,7,Departamento,4,Ineficiente
221.2,True,10,Departamento,9,Ineficiente
261.2,False,17,Casa,7,Moderado
101.1,False,2,Departamento,1,Eficiente
178.6,False,6,Casa,5,Moderado
375.9,False,19,Departamento,8,Moderado
132.2,False,5,Casa,5,Moderado
204.7,False,11,Departamento,7,Moderado
211.4,False,10,Casa,6,Moderado
272.5,False,19,Departamento,4,Eficiente
227.4,False,16,Casa,5,Moderado
145.2,False,10,Departamento,3,Eficiente
206.6,False,11,Casa,5,Moderado
192.1,True,10,Casa,9,Ineficiente
98.3,False,6,Departamento,3,Eficiente
292.0,False,14,Departamento,6,Moderado
271.6,False,17,Departamento,6,Moderado
130.0,False,5,Casa,2,Eficiente
175.4,False,8,Casa,4,Moderado
183.4,True,9,Casa,8,Ineficiente
120.9,False,5,Casa,4,Eficiente
80.6,False,3,Departamento,2,Eficiente
130.9,False,7,Departamento,3,Eficiente
151.6,False,6,Departamento,6,Eficiente
109.1,False,6,Casa,1,Eficiente
189.0,False,13,Departamento,6,Moderado
283.1,False,15,Departamento,8,Moderado
249.0,False,17,Departamento,6,Eficiente
190.5,True,12,Casa,7,Moderado
92.1,False,7,Casa,3,Eficiente
234.4,False,13,Departamento,6,Moderado
212.3,False,9,Casa,5,Moderado
236.7,False,12,Casa,5,Moderado
392.3,False,15,Departamento,10,Ineficiente
122.9,False,3,Departamento,2,Moderado
51.9,False,2,Departamento,2,Eficiente
111.5,False,6,Departamento,4,Eficiente
244.8,False,10,Casa,6,Ineficiente
200.3,False,13,Casa,5,Eficiente
118.9,False,9,Casa,3,Eficiente
97.0,False,2,Departamento,1,Eficiente
174.8,False,10,Casa,3,Eficiente
103.6,False,3,Departamento,2,Eficiente
248.4,False,15,Casa,9,Moderado
146.2,False,5,Departamento,3,Moderado
151.1,False,7,Casa,4,Eficiente
146.6,True,9,Casa,4,Eficiente
221.2,True,12,Casa,9,Ineficiente
203.2,False,8,Casa,5,Moderado
187.4,True,12,Departamento,6,Moderado
217.4,False,10,Casa,6,Moderado
191.9,True,10,Casa,10,Ineficiente
112.4,False,6,Departamento,3,Eficiente
129.9,False,6,Departamento,3,Eficiente
168.7,False,13,Casa,1,Eficiente
471.0,False,18,Casa,10,Ineficiente
113.0,False,4,Casa,2,Eficiente
144.4,False,8,Departamento,3,Moderado
208.3,False,12,Casa,5,Eficiente
176.0,False,9,Casa,6,Moderado
308.6,False,16,Casa,7,Moderado
153.6,False,7,Departamento,2,Eficiente
180.7,False,10,Casa,5,Eficiente
242.5,True,12,Departamento,7,Ineficiente
427.0,False,13,Casa,8,Ineficiente
313.7,False,17,Departamento,7,Moderado
186.8,False,9,Casa,3,Moderado
195.0,False,11,Casa,5,Eficiente
203.6,False,10,Casa,5,Moderado
185.1,False,8,Departamento,3,Moderado
122.9,False,3,Departamento,1,Eficiente
299.7,False,17,Casa,7,Moderado
220.6,True,14,Casa,8,Moderado
170.5,False,9,Departamento,4,Eficiente
118.6,False,4,Casa,4,Moderado
207.6,False,8,Casa,3,Moderado
88.8,False,5,Casa,2,Eficiente
135.0,False,5,Departamento,4,Moderado
139.0,False,4,Departamento,3,Moderado
197.9,False,11,Departamento,4,Eficiente
386.4,False,16,Departamento,7,Ineficiente
251.6,False,11,Casa,6,Ineficiente
369.1,False,14,Casa,6,Ineficiente
257.8,False,14,Casa,7,Moderado
315.3,False,14,Casa,7,Ineficiente
439.7,False,18,Casa,7,Ineficiente
146.4,False,7,Casa,5,Eficiente
142.8,False,8,Casa,3,Eficiente
233.1,False,11,Departamento,8,Ineficiente
201.3,False,11,Casa,5,Eficiente
221.1,False,13,Casa,5,Eficiente
159.0,False,7,Departamento,3,Eficiente
135.1,False,8,Departamento,3,Eficiente
343.2,True,13,Departamento,8,Ineficiente
109.3,False,3,Departamento,3,Moderado
232.1,False,10,Departamento,6,Ineficiente
252.8,False,12,Casa,6,Moderado
102.8,False,4,Casa,2,Eficiente
120.7,False,7,Departamento,4,Eficiente
152.1,False,7,Casa,3,Eficiente
254.6,False,13,Casa,7,Eficiente
171.1,False,6,Casa,5,Moderado
192.8,True,8,Casa,6,Ineficiente
108.9,False,5,Casa,3,Ineficiente
525.5,False,18,Casa,9,Ineficiente
179.3,False,9,Departamento,6,Moderado
214.0,False,14,Departamento,4,Eficiente
159.1,False,6,Casa,3,Moderado
130.1,False,5,Departamento,3,Eficiente
452.9,False,16,Casa,8,Ineficiente
77.7,False,6,Departamento,2,Eficiente
196.6,False,11,Departamento,5,Eficiente
120.8,False,2,Casa,3,Moderado
148.5,True,9,Departamento,3,Eficiente
130.9,True,9,Departamento,6,Eficiente
113.8,False,4,Departamento,4,Moderado
177.5,False,8,Departamento,4,Moderado
60.0,False,5,Departamento,2,Eficiente
175.1,False,13,Casa,7,Eficiente
166.0,False,10,Departamento,4,Eficiente
327.6,False,17,Departamento,10,Ineficiente
156.5,False,8,Casa,6,Eficiente
154.9,False,6,Departamento,3,Moderado
158.2,False,10,Casa,4,Eficiente
167.9,False,9,Departamento,5,Eficiente
345.7,False,18,Casa,8,Ineficiente
486.6,False,15,Departamento,9,Ineficiente
237.6,False,14,Departamento,3,Eficiente
314.9,False,14,Casa,5,Ineficiente
417.1,False,17,Casa,10,Ineficiente
221.9,False,15,Casa,7,Eficiente
335.9,False,13,Departamento,8,Ineficiente
242.3,False,11,Departamento,5,Moderado
212.0,False,13,Casa,5,Eficiente
231.0,False,13,Casa,7,Moderado
92.1,False,6,Casa,1,Eficiente
222.2,False,11,Casa,5,Eficiente
89.5,False,4,Departamento,3,Eficiente
88.3,True,5,Departamento,5,Eficiente
215.9,True,12,Casa,7,Ineficiente
107.2,False,2,Departamento,4,Moderado
201.0,False,16,Casa,7,Ineficiente
187.1,False,10,Departamento,3,Eficiente
219.0,False,10,Casa,8,Ineficiente
117.9,False,5,Departamento,4,Eficiente
253.4,True,14,Departamento,9,Ineficiente
190.8,True,12,Casa,7,Moderado
208.8,False,13,Departamento,7,Eficiente
106.8,False,4,Departamento,3,Eficiente
183.6,True,7,Casa,7,Ineficiente
314.0,True,16,Casa,11,Ineficiente
261.1,False,11,Departamento,4,Moderado
141.7,False,9,Casa,3,Eficiente
159.7,False,7,Casa,5,Moderado
133.1,False,7,Casa,3,Eficiente
131.7,False,5,Departamento,4,Moderado
110.8,True,4,Casa,3,Moderado
190.2,False,9,Casa,5,Moderado
226.4,False,14,Departamento,7,Moderado
143.5,False,6,Casa,2,Eficiente
167.3,False,10,Departamento,4,Eficiente
180.6,False,8,Casa,4,Moderado
271.0,False,14,Departamento,7,Moderado
136.6,False,6,Departamento,4,Eficiente
157.8,False,8,Casa,4,Eficiente
121.8,False,3,Departamento,3,Moderado
124.0,False,7,Casa,3,Eficiente
249.7,False,13,Casa,6,Moderado
191.1,False,11,Casa,5,Eficiente
175.1,False,9,Departamento,6,Moderado
340.9,True,17,Casa,8,Ineficiente
346.2,False,15,Casa,8,Eficiente
99.1,False,3,Casa,1,Eficiente
264.6,False,15,Casa,9,Moderado
217.5,False,11,Casa,6,Moderado
167.1,False,11,Casa,3,Eficiente
231.3,False,13,Casa,6,Moderado
321.1,True,14,Departamento,9,Ineficiente
251.8,False,12,Casa,7,Ineficiente
120.8,False,7,Departamento,5,Eficiente
156.3,True,9,Casa,7,Moderado
98.2,False,4,Casa,2,Eficiente
176.7,False,10,Casa,5,Eficiente
114.4,False,6,Casa,5,Eficiente
240.8,False,14,Departamento,6,Moderado
341.2,False,17,Casa,9,Ineficiente
195.8,False,10,Casa,4,Eficiente
152.6,False,6,Departamento,5,Moderado
242.8,False,14,Casa,6,Moderado
199.2,False,14,Casa,5,Eficiente
127.5,False,7,Casa,3,Moderado
150.4,False,10,Casa,3,Eficiente
174.7,True,9,Casa,7,Ineficiente
194.1,False,9,Departamento,7,Moderado
177.2,False,8,Departamento,2,Eficiente
219.4,False,14,Casa,6,Eficiente
91.5,False,2,Departamento,1,Eficiente
227.7,False,15,Departamento,7,Eficiente
198.4,False,9,Casa,7,Moderado
503.7,False,20,Departamento,8,Ineficiente
150.0,False,7,Departamento,3,Eficiente
200.3,False,12,Departamento,3,Eficiente
565.7,False,21,Departamento,10,Ineficiente
220.1,False,11,Casa,7,Moderado
195.9,False,10,Casa,3,Ineficiente
130.9,False,4,Casa,4,Moderado
379.2,False,14,Casa,6,Ineficiente
122.9,False,5,Casa,2,Eficiente
206.3,False,10,Departamento,4,Moderado
164.7,False,6,Casa,2,Moderado
185.5,False,9,Casa,5,Moderado
95.5,False,5,Departamento,5,Eficiente
353.1,False,14,Casa,6,Ineficiente
177.4,False,9,Casa,6,Moderado
105.7,False,7,Departamento,4,Eficiente
337.8,False,13,Casa,8,Ineficiente
163.1,False,12,Casa,7,Eficiente
229.7,False,11,Casa,7,Moderado
249.0,False,14,Departamento,9,Moderado
241.4,True,15,Casa,7,Moderado
79.2,False,6,Casa,3,Ineficiente
267.7,False,15,Casa,9,Moderado
191.4,False,9,Casa,4,Moderado
151.1,False,6,Departamento,1,Eficiente
190.7,True,9,Casa,6,Ineficiente
88.5,False,7,Departamento,1,Eficiente
216.7,False,11,Casa,6,Moderado
114.0,False,5,Casa,2,Eficiente
154.1,False,6,Departamento,4,Moderado
213.2,False,10,Casa,5,Moderado
315.4,True,15,Casa,9,Ineficiente
123.9,False,5,Departamento,3,Eficiente
373.2,False,16,Casa,7,Ineficiente
297.1,True,12,Casa,10,Ineficiente
145.1,False,7,Departamento,5,Ineficiente
124.3,False,8,Casa,2,Eficiente
109.9,False,3,Casa,3,Moderado
223.7,False,14,Casa,4,Eficiente
147.9,True,2,Casa,4,Moderado
325.3,False,14,Casa,9,Ineficiente
132.7,False,2,Departamento,6,Moderado
134.7,False,8,Casa,3,Eficiente
194.7,False,12,Departamento,7,Eficiente
149.2,True,5,Casa,5,Ineficiente
203.6,False,12,Casa,5,Eficiente
306.0,False,17,Casa,9,Moderado
183.7,False,12,Departamento,4,Eficiente
213.4,False,11,Casa,7,Moderado
215.9,True,8,Casa,7,Ineficiente
86.2,True,2,Departamento,3,Moderado
204.8,False,13,Departamento,5,Eficiente
216.3,False,16,Casa,3,Eficiente
256.9,False,14,Departamento,8,Moderado
259.1,True,13,Casa,9,Ineficiente
185.8,False,14,Casa,5,Eficiente
303.3,False,16,Casa,6,Moderado
177.7,False,7,Casa,5,Moderado
225.0,False,12,Casa,7,Moderado
153.9,False,9,Departamento,4,Ineficiente
242.3,False,13,Casa,7,Moderado
147.9,False,8,Departamento,4,Eficiente
344.0,True,13,Departamento,9,Ineficiente
404.3,True,14,Departamento,11,Ineficiente
250.1,False,12,Departamento,6,Moderado
336.3,False,15,Departamento,6,Ineficiente
91.9,False,4,Departamento,2,Eficiente
174.2,False,13,Casa,4,Eficiente
205.1,False,10,Casa,7,Moderado
184.8,False,9,Casa,6,Moderado
101.1,False,3,Casa,2,Eficiente
279.3,True,16,Departamento,9,Eficiente
501.3,False,19,Casa,8,Ineficiente
299.4,False,14,Departamento,8,Ineficiente
314.5,False,19,Casa,7,Moderado
217.8,False,11,Casa,6,Moderado
138.0,False,8,Casa,2,Eficiente
204.2,False,14,Casa,5,Eficiente
489.7,False,14,Casa,8,Ineficiente
170.9,False,10,Casa,5,Eficiente
165.1,False,3,Casa,2,Moderado
313.0,True,17,Casa,9,Ineficiente
332.1,False,14,Casa,6,Ineficiente
138.7,False,7,Casa,5,Eficiente
178.8,False,11,Casa,5,Eficiente
163.8,False,10,Casa,5,Eficiente
207.6,False,13,Casa,5,Eficiente
322.4,False,16,Casa,7,Ineficiente
141.3,False,6,Casa,3,Eficiente
274.5,False,14,Departamento,7,Moderado
181.1,True,7,Departamento,6,Ineficiente
460.3,True,16,Departamento,10,Ineficiente
230.4,False,12,Casa,6,Moderado
190.0,False,9,Casa,5,Moderado
251.9,True,10,Casa,9,Ineficiente
150.6,False,5,Departamento,3,Moderado
81.7,False,2,Departamento,2,Eficiente
157.0,False,7,Departamento,5,Moderado
157.0,False,8,Departamento,6,Moderado
102.0,False,2,Casa,4,Moderado
169.6,True,9,Departamento,3,Moderado
73.6,False,3,Departamento,1,Eficiente
169.9,False,7,Casa,5,Eficiente
192.4,False,10,Departamento,4,Eficiente
207.7,False,13,Casa,4,Eficiente
146.0,True,5,Departamento,5,Ineficiente
166.3,False,9,Departamento,5,Moderado
143.2,False,7,Casa,4,Eficiente
173.2,False,7,Departamento,4,Moderado
204.3,False,13,Casa,5,Eficiente
118.9,False,6,Departamento,2,Eficiente
194.4,False,10,Departamento,6,Moderado
194.2,False,15,Departamento,6,Eficiente
164.6,True,10,Departamento,7,Moderado
547.6,True,14,Casa,10,Ineficiente
190.6,False,9,Casa,4,Moderado
174.8,True,13,Casa,6,Moderado
167.4,False,7,Casa,5,Eficiente
132.4,False,6,Casa,1,Eficiente
263.9,True,16,Casa,9,Ineficiente
151.6,False,8,Casa,4,Eficiente
155.9,True,9,Casa,8,Moderado
136.5,False,7,Departamento,3,Eficiente
131.0,False,6,Casa,3,Eficiente
83.4,False,2,Departamento,4,Moderado
163.1,False,9,Casa,3,Eficiente
285.5,True,14,Casa,10,Ineficiente
216.8,False,11,Casa,6,Moderado
384.5,False,19,Casa,7,Ineficiente
273.6,False,14,Casa,7,Moderado
248.8,False,16,Casa,6,Eficiente
439.6,False,17,Casa,11,Ineficiente
192.9,False,10,Casa,3,Eficiente
179.5,False,6,Departamento,4,Moderado
196.9,False,14,Casa,5,Eficiente
329.7,True,16,Departamento,9,Ineficiente
199.8,False,7,Casa,7,Ineficiente
133.6,False,8,Departamento,3,Eficiente
220.4,False,12,Departamento,6,Moderado
122.4,False,3,Departamento,3,Moderado
218.8,True,14,Departamento,9,Ineficiente
237.5,False,8,Casa,6,Moderado
184.3,False,8,Casa,5,Moderado
251.2,False,13,Casa,6,Eficiente
94.2,False,5,Departamento,1,Eficiente
186.0,False,14,Departamento,7,Eficiente
162.9,False,8,Casa,3,Eficiente
576.5,False,18,Departamento,7,Ineficiente
213.1,True,17,Casa,7,Moderado
97.4,False,5,Departamento,2,Eficiente
345.3,False,14,Casa,9,Ineficiente
152.4,False,11,Departamento,4,Eficiente
125.8,False,4,Departamento,3,Moderado
231.4,True,13,Casa,7,Ineficiente
262.6,False,14,Casa,7,Moderado
263.9,False,14,Casa,7,Moderado
174.7,False,8,Departamento,5,Moderado
211.5,False,12,Casa,5,Eficiente
191.0,False,13,Departamento,4,Eficiente
197.1,False,15,Departamento,8,Eficiente
238.0,False,13,Casa,6,Moderado
319.2,False,15,Casa,6,Ineficiente
175.2,False,8,Departamento,3,Eficiente
122.9,False,10,Departamento,3,Eficiente
185.0,True,10,Casa,9,Ineficiente
278.4,False,16,Casa,7,Ineficiente
93.5,False,5,Casa,2,Eficiente
82.8,False,7,Departamento,3,Eficiente
297.4,False,14,Casa,8,Ineficiente
334.3,False,14,Departamento,8,Ineficiente
117.5,True,8,Casa,5,Ineficiente
183.0,False,11,Departamento,4,Eficiente
166.2,False,9,Casa,3,Eficiente
179.2,False,12,Casa,3,Eficiente
197.8,False,12,Departamento,5,Eficiente
100.2,True,7,Departamento,4,Eficiente
125.2,False,6,Casa,2,Eficiente
178.7,False,11,Casa,5,Eficiente
190.3,False,11,Casa,4,Eficiente
125.6,False,5,Casa,3,Eficiente
277.4,True,14,Casa,8,Ineficiente
147.2,False,6,Departamento,4,Moderado
166.7,False,9,Casa,5,Eficiente
198.8,False,10,Departamento,4,Eficiente
187.6,False,11,Casa,6,Eficiente
281.6,False,15,Casa,7,Moderado
119.3,False,5,Departamento,3,Eficiente
109.3,False,5,Casa,3,Eficiente
153.5,False,6,Departamento,4,Moderado
206.0,True,11,Casa,7,Eficiente
103.2,False,2,Departamento,3,Moderado
97.0,False,4,Departamento,4,Eficiente
185.9,False,8,Departamento,4,Moderado
143.0,False,7,Casa,3,Eficiente
108.5,False,3,Casa,3,Moderado
302.3,True,11,Casa,8,Ineficiente
153.1,False,11,Casa,3,Eficiente
322.6,False,15,Casa,8,Ineficiente
201.8,True,14,Casa,7,Moderado
225.9,False,11,Casa,7,Moderado
184.4,True,13,Casa,6,Moderado
64.9,False,2,Casa,1,Eficiente
125.8,False,6,Casa,3,Eficiente
189.3,False,8,Casa,6,Moderado
201.9,False,16,Departamento,6,Eficiente
94.7,False,3,Casa,3,Eficiente
193.4,False,12,Casa,4,Eficiente
122.7,False,6,Casa,4,Eficiente
192.0,False,10,Departamento,3,Eficiente
196.2,True,12,Casa,6,Moderado
237.4,False,15,Departamento,6,Eficiente
269.9,False,15,Departamento,6,Moderado
240.2,False,13,Casa,6,Ineficiente
247.2,False,14,Departamento,5,Eficiente
151.9,False,11,Departamento,4,Eficiente
662.0,True,16,Casa,11,Ineficiente
119.3,False,2,Casa,2,Moderado
141.0,False,5,Departamento,2,Eficiente
255.3,False,12,Departamento,6,Moderado
273.5,False,13,Casa,8,Eficiente
247.4,False,12,Casa,8,Ineficiente
230.7,True,13,Departamento,8,Ineficiente
84.5,False,4,Casa,3,Eficiente
338.3,False,16,Departamento,7,Ineficiente
184.4,False,8,Casa,6,Moderado
296.1,True,17,Departamento,9,Ineficiente
73.9,False,4,Departamento,2,Eficiente
193.5,False,13,Departamento,7,Eficiente
138.9,False,8,Departamento,2,Eficiente
219.2,False,11,Departamento,6,Moderado
197.0,True,13,Departamento,9,Moderado
205.9,False,12,Departamento,6,Moderado
129.2,False,7,Casa,2,Moderado
168.1,False,10,Departamento,3,Eficiente
186.2,False,10,Casa,3,Eficiente
213.7,False,12,Departamento,7,Moderado
262.9,True,14,Departamento,7,Ineficiente
212.6,False,10,Casa,7,Moderado
117.0,False,2,Casa,1,Eficiente
208.8,False,10,Casa,9,Ineficiente
520.9,False,17,Departamento,6,Ineficiente
404.9,False,18,Casa,8,Moderado
58.2,False,4,Casa,3,Eficiente
178.4,False,9,Departamento,4,Eficiente
259.5,False,13,Departamento,7,Moderado
183.5,False,9,Casa,5,Moderado
162.0,False,6,Casa,5,Moderado
153.9,False,4,Departamento,5,Moderado
220.5,False,9,Departamento,5,Moderado
107.2,False,7,Departamento,4,Eficiente
326.3,False,19,Casa,8,Moderado
194.4,False,12,Casa,8,Moderado
132.7,False,6,Casa,2,Eficiente
277.8,False,12,Departamento,6,Moderado
104.3,False,4,Casa,2,Eficiente
156.7,False,9,Casa,3,Eficiente
136.7,False,8,Departamento,4,Eficiente
423.7,False,18,Departamento,8,Ineficiente
130.3,False,8,Departamento,2,Eficiente
81.5,False,7,Casa,1,Eficiente
156.3,False,7,Casa,3,Eficiente
239.6,False,18,Casa,7,Eficiente
273.3,False,11,Casa,7,Ineficiente
527.7,False,16,Casa,8,Ineficiente
355.0,True,16,Casa,9,Ineficiente
186.6,False,11,Departamento,5,Eficiente
119.5,False,5,Departamento,5,Moderado
348.2,False,15,Departamento,7,Ineficiente
169.5,False,13,Casa,5,Eficiente
151.2,False,6,Casa,3,Moderado
170.2,False,7,Casa,6,Moderado
116.9,True,8,Casa,3,Eficiente
164.2,True,10,Casa,7,Moderado
179.4,False,11,Casa,4,Eficiente
234.1,False,13,Departamento,9,Moderado
171.3,False,6,Casa,5,Moderado
101.9,False,4,Departamento,1,Eficiente
103.1,False,2,Casa,1,Eficiente
217.7,True,12,Casa,9,Ineficiente
207.8,False,12,Casa,6,Eficiente
158.2,False,10,Casa,5,Eficiente
164.3,False,8,Casa,4,Eficiente
203.0,False,12,Departamento,5,Eficiente
355.2,True,14,Casa,11,Ineficiente
143.8,False,8,Casa,3,Moderado
180.6,False,11,Departamento,5,Eficiente
297.7,False,13,Casa,6,Ineficiente
125.4,False,6,Departamento,2,Eficiente
198.1,False,13,Casa,5,Eficiente
171.2,False,9,Departamento,4,Eficiente
116.9,False,3,Casa,3,Moderado
217.7,True,12,Casa,6,Moderado
174.5,False,10,Departamento,5,Eficiente
220.7,True,11,Departamento,7,Ineficiente
120.2,False,3,Casa,3,Moderado
172.9,False,10,Departamento,4,Eficiente
355.7,False,18,Casa,7,Ineficiente
482.4,False,21,Casa,9,Ineficiente
345.1,False,17,Casa,7,Ineficiente
104.4,True,2,Departamento,5,Ineficiente
241.0,False,17,Casa,7,Eficiente
143.7,True,9,Departamento,5,Eficiente
226.3,False,9,Casa,4,Moderado
127.3,False,4,Departamento,2,Eficiente
84.6,False,3,Departamento,4,Moderado
172.5,False,10,Casa,5,Eficiente
270.8,False,10,Casa,7,Ineficiente
227.5,False,12,Casa,5,Moderado
205.5,False,13,Departamento,8,Moderado
222.1,False,7,Casa,5,Ineficiente
234.5,False,14,Casa,6,Eficiente
247.4,True,15,Casa,9,Ineficiente
155.0,False,6,Departamento,2,Ineficiente
210.0,False,9,Casa,5,Moderado
420.6,False,15,Casa,7,Ineficiente
184.7,False,5,Departamento,6,Ineficiente
201.7,False,10,Casa,5,Moderado
181.7,True,10,Departamento,5,Moderado
182.4,False,7,Casa,3,Moderado
166.3,True,10,Casa,5,Moderado
191.5,False,10,Departamento,3,Eficiente
140.1,False,7,Departamento,4,Eficiente
166.1,False,8,Departamento,5,Moderado
144.1,False,8,Casa,4,Ineficiente
207.3,False,14,Casa,5,Eficiente
255.5,False,13,Casa,7,Moderado
182.6,True,11,Casa,8,Moderado
86.7,False,5,Casa,1,Eficiente
256.2,False,14,Casa,6,Moderado
212.0,False,15,Casa,7,Eficiente
132.4,False,5,Casa,4,Moderado
280.7,False,14,Casa,8,Ineficiente
110.9,False,3,Casa,2,Eficiente
167.0,False,8,Departamento,5,Moderado
77.1,False,2,Casa,1,Eficiente
186.7,False,13,Departamento,3,Eficiente
155.6,False,7,Casa,4,Eficiente
144.2,False,4,Casa,6,Moderado
189.0,False,13,Casa,4,Eficiente
165.0,False,9,Casa,4,Eficiente
80.7,False,4,Departamento,5,Eficiente
299.3,True,15,Departamento,8,Ineficiente
178.8,True,8,Casa,8,Ineficiente
127.4,False,5,Departamento,2,Eficiente
124.4,False,7,Casa,3,Eficiente
240.5,False,12,Departamento,9,Ineficiente
100.4,False,5,Departamento,3,Eficiente
210.9,False,12,Casa,6,Ineficiente
156.0,False,6,Casa,3,Moderado
139.0,True,9,Departamento,5,Eficiente
109.3,False,5,Departamento,2,Eficiente
155.9,True,8,Casa,4,Moderado
200.6,False,12,Casa,3,Eficiente
223.9,False,9,Casa,5,Moderado
125.1,False,4,Departamento,3,Moderado
165.9,False,6,Departamento,6,Moderado
251.6,False,14,Departamento,6,Moderado
86.3,False,4,Departamento,2,Eficiente
173.3,False,9,Departamento,2,Moderado
115.5,False,7,Departamento,2,Eficiente
127.2,False,3,Casa,1,Ineficiente
193.3,False,9,Departamento,8,Moderado
157.5,False,8,Casa,4,Eficiente
119.4,False,5,Casa,3,Eficiente
307.0,False,13,Departamento,8,Ineficiente
258.2,True,16,Departamento,12,Ineficiente
76.5,False,6,Departamento,2,Eficiente
108.5,False,5,Casa,1,Eficiente
259.5,False,11,Casa,9,Ineficiente
176.6,False,9,Casa,3,Eficiente
375.4,True,17,Casa,11,Ineficiente
258.3,True,13,Casa,9,Ineficiente
222.9,False,15,Casa,6,Moderado
130.0,False,5,Casa,1,Eficiente
213.3,False,15,Departamento,9,Moderado
117.0,False,6,Casa,2,Eficiente
350.9,True,16,Casa,9,Ineficiente
207.4,True,13,Departamento,8,Moderado
139.9,False,9,Casa,3,Eficiente
247.5,False,15,Departamento,7,Moderado
446.0,False,17,Departamento,6,Ineficiente
182.4,False,8,Casa,5,Moderado
221.1,False,10,Departamento,5,Moderado
143.8,False,2,Departamento,3,Moderado
179.9,False,10,Departamento,4,Eficiente
92.2,False,3,Departamento,3,Eficiente
172.4,False,8,Departamento,4,Moderado
175.4,False,11,Departamento,4,Eficiente
421.7,False,16,Casa,8,Moderado
80.5,False,7,Departamento,4,Eficiente
154.6,False,6,Departamento,3,Moderado
302.4,True,13,Departamento,9,Ineficiente
159.5,False,6,Departamento,3,Moderado
186.0,False,11,Casa,5,Eficiente
122.1,False,7,Departamento,4,Eficiente
119.3,False,4,Departamento,1,Eficiente
91.9,False,2,Casa,1,Ineficiente
153.3,False,10,Casa,4,Eficiente
133.0,False,3,Casa,4,Moderado
207.9,False,13,Casa,7,Eficiente
124.5,False,4,Departamento,1,Eficiente
164.2,False,9,Casa,6,Eficiente
165.3,False,10,Casa,5,Eficiente
170.3,True,10,Departamento,6,Moderado
141.0,False,6,Departamento,2,Eficiente
110.4,False,7,Departamento,2,Eficiente
180.4,False,10,Departamento,6,Eficiente
272.0,True,21,Departamento,9,Ineficiente
181.8,True,6,Departamento,7,Ineficiente
134.1,False,3,Departamento,2,Moderado
189.8,False,12,Casa,6,Eficiente
72.8,False,3,Departamento,2,Eficiente
190.7,False,12,Casa,5,Eficiente
168.7,False,7,Casa,4,Moderado
134.7,False,6,Casa,3,Eficiente
126.3,False,6,Departamento,2,Eficiente
147.2,False,6,Departamento,2,Eficiente
302.5,True,15,Casa,8,Ineficiente
276.6,False,12,Departamento,5,Moderado
136.5,False,7,Casa,4,Eficiente
139.4,True,9,Departamento,5,Ineficiente
139.1,False,4,Departamento,3,Moderado
243.4,False,11,Departamento,6,Moderado
184.7,False,12,Departamento,4,Eficiente
210.3,False,9,Casa,4,Moderado
250.4,True,15,Casa,9,Ineficiente
135.2,False,6,Departamento,6,Moderado
308.1,True,14,Departamento,10,Ineficiente
201.4,False,14,Casa,7,Eficiente
139.3,False,8,Casa,2,Eficiente
179.7,False,10,Casa,5,Ineficiente
334.5,True,12,Casa,9,Moderado
167.2,False,10,Casa,6,Eficiente
295.2,False,13,Casa,8,Ineficiente
133.6,False,6,Departamento,3,Eficiente
142.5,False,7,Casa,1,Eficiente
261.0,True,17,Casa,7,Moderado
138.3,False,6,Casa,4,Eficiente
279.8,False,12,Casa,7,Ineficiente
201.7,False,14,Departamento,5,Eficiente
139.7,False,8,Casa,4,Eficiente
167.3,True,10,Departamento,8,Moderado
139.3,False,9,Departamento,3,Eficiente
231.1,False,16,Casa,7,Eficiente
382.9,False,15,Departamento,10,Ineficiente
147.4,True,4,Departamento,7,Ineficiente
253.8,False,15,Casa,6,Moderado
201.4,False,10,Casa,6,Moderado
177.8,False,9,Departamento,6,Moderado
164.2,False,6,Departamento,4,Moderado
139.2,True,7,Casa,5,Moderado
197.0,False,11,Departamento,3,Eficiente
177.9,False,9,Casa,4,Eficiente
118.8,False,2,Departamento,2,Ineficiente
310.6,True,17,Casa,8,Ineficiente
210.1,False,12,Casa,6,Moderado
159.9,False,10,Departamento,5,Eficiente
305.0,False,11,Departamento,7,Ineficiente
80.3,False,3,Departamento,1,Eficiente
340.7,False,15,Casa,7,Ineficiente
140.2,False,6,Casa,4,Moderado
190.2,False,12,Departamento,5,Eficiente
135.9,False,7,Departamento,2,Eficiente
135.5,False,6,Casa,2,Eficiente
306.6,False,15,Departamento,8,Ineficiente
441.0,False,14,Casa,8,Ineficiente
181.4,False,8,Casa,4,Moderado
231.3,True,15,Casa,6,Ineficiente
204.2,False,10,Casa,6,Moderado
412.9,True,19,Casa,9,Eficiente
71.0,False,5,Departamento,3,Eficiente
231.8,False,14,Casa,6,Ineficiente
145.8,False,7,Casa,6,Moderado
74.3,False,2,Casa,2,Eficiente
171.6,False,9,Casa,7,Moderado
427.2,True,18,Casa,10,Ineficiente
130.9,False,2,Departamento,2,Moderado
281.9,True,17,Casa,8,Ineficiente
289.3,False,14,Departamento,6,Moderado
172.3,False,9,Departamento,5,Eficiente
210.0,False,11,Casa,6,Moderado
84.5,False,3,Departamento,1,Eficiente
128.6,False,3,Departamento,4,Moderado
252.1,False,14,Departamento,8,Moderado
178.0,False,10,Departamento,2,Moderado
206.0,False,8,Departamento,7,Ineficiente
183.5,False,7,Departamento,7,Ineficiente
436.9,True,18,Departamento,8,Ineficiente
167.7,False,10,Casa,4,Eficiente
341.5,False,16,Departamento,6,Ineficiente
182.3,False,8,Departamento,6,Moderado
348.6,True,17,Departamento,9,Ineficiente
118.4,False,3,Casa,2,Eficiente
215.5,False,12,Casa,6,Eficiente
167.7,False,6,Casa,6,Moderado
211.4,False,11,Casa,6,Moderado
333.5,False,14,Casa,7,Ineficiente
233.8,False,14,Casa,6,Eficiente
330.3,False,16,Casa,8,Ineficiente
149.5,False,6,Casa,2,Eficiente
141.1,False,8,Casa,3,Eficiente
174.7,False,7,Departamento,3,Eficiente
195.9,False,10,Casa,4,Eficiente
183.2,False,9,Casa,3,Eficiente
133.4,True,7,Casa,5,Eficiente
330.2,False,17,Casa,9,Ineficiente
170.1,False,11,Casa,2,Eficiente
318.3,False,16,Departamento,8,Ineficiente
174.5,False,4,Departamento,4,Moderado
262.5,False,13,Casa,5,Moderado
219.0,True,15,Departamento,8,Moderado
139.1,False,6,Casa,5,Moderado
230.8,False,9,Casa,8,Ineficiente
445.2,False,17,Casa,8,Ineficiente
224.0,False,13,Casa,6,Moderado
254.0,False,12,Departamento,7,Ineficiente
231.8,True,12,Departamento,11,Ineficiente
196.1,False,9,Departamento,5,Moderado
217.2,False,13,Casa,7,Moderado
216.7,True,12,Departamento,7,Ineficiente
275.0,False,12,Casa,6,Ineficiente
113.1,False,5,Casa,5,Moderado
225.0,False,11,Casa,6,Moderado
161.8,False,11,Departamento,4,Eficiente
149.8,False,9,Departamento,4,Eficiente
347.4,False,16,Casa,6,Ineficiente
129.8,False,6,Departamento,3,Eficiente
97.3,False,6,Departamento,2,Eficiente
239.0,True,13,Departamento,9,Ineficiente
111.7,False,6,Casa,3,Eficiente
76.1,False,6,Departamento,1,Eficiente
256.9,True,13,Departamento,11,Moderado
188.2,False,13,Departamento,5,Eficiente
239.8,True,15,Casa,8,Ineficiente
145.2,False,7,Departamento,5,Eficiente
113.1,False,4,Casa,2,Eficiente
104.0,False,5,Departamento,2,Eficiente
180.4,False,9,Casa,5,Moderado
115.2,False,3,Casa,1,Eficiente
223.6,False,13,Casa,6,Eficiente
166.0,False,7,Casa,7,Moderado
214.1,False,11,Casa,8,Moderado
209.8,False,11,Casa,7,Moderado
235.2,False,10,Casa,8,Ineficiente
244.0,False,14,Casa,7,Moderado
187.7,False,12,Departamento,7,Eficiente
188.9,False,10,Departamento,4,Eficiente
73.1,False,2,Casa,3,Eficiente
261.9,True,12,Casa,8,Ineficiente
185.0,True,10,Departamento,6,Moderado
253.0,False,14,Casa,7,Moderado
116.4,False,6,Casa,5,Eficiente
150.8,False,7,Departamento,5,Moderado
111.3,False,8,Departamento,3,Eficiente
275.6,False,15,Casa,7,Moderado
95.4,False,2,Departamento,3,Moderado
136.0,False,4,Casa,5,Moderado
217.8,False,13,Departamento,4,Eficiente
152.1,False,5,Casa,4,Moderado
135.4,False,7,Casa,2,Eficiente
250.4,False,15,Departamento,6,Moderado
296.4,False,17,Casa,6,Moderado
236.8,False,11,Departamento,4,Moderado
285.5,False,16,Casa,5,Moderado
157.9,False,8,Departamento,3,Eficiente
159.7,False,7,Departamento,5,Ineficiente
150.7,False,7,Casa,3,Eficiente
188.9,False,11,Departamento,4,Eficiente
158.7,False,7,Casa,5,Moderado
166.0,False,9,Casa,5,Eficiente
256.8,False,16,Casa,9,Moderado
288.5,False,16,Departamento,8,Moderado
203.6,False,11,Departamento,4,Eficiente
368.7,False,17,Departamento,7,Ineficiente
129.2,False,5,Departamento,4,Moderado
80.4,False,2,Departamento,1,Eficiente
269.2,False,11,Casa,6,Ineficiente
126.4,False,6,Departamento,1,Eficiente
156.4,False,9,Departamento,2,Eficiente
96.2,False,4,Casa,4,Eficiente
118.2,False,3,Departamento,3,Moderado
105.9,False,4,Casa,2,Eficiente
163.8,False,11,Casa,4,Eficiente
168.7,False,10,Casa,6,Eficiente
205.5,False,11,Casa,5,Eficiente
340.4,False,19,Casa,8,Moderado
232.3,False,18,Departamento,7,Eficiente
87.7,False,3,Departamento,4,Moderado
260.2,False,13,Casa,6,Moderado
207.6,False,13,Casa,4,Ineficiente
190.1,False,8,Casa,4,Moderado
197.7,False,12,Casa,6,Eficiente
189.6,False,10,Departamento,7,Moderado
151.7,False,8,Casa,5,Eficiente
161.2,False,7,Departamento,3,Eficiente
285.3,False,13,Departamento,8,Ineficiente
131.0,False,2,Departamento,3,Moderado
113.4,False,7,Departamento,2,Moderado
193.0,False,12,Casa,5,Eficiente
107.9,False,6,Departamento,2,Eficiente
83.5,False,4,Departamento,1,Eficiente
151.3,False,3,Departamento,5,Moderado
322.4,True,14,Departamento,9,Ineficiente
170.9,False,8,Departamento,3,Eficiente
188.5,False,8,Departamento,6,Moderado
82.7,False,2,Casa,1,Eficiente
208.8,False,10,Departamento,4,Moderado
180.2,False,10,Departamento,6,Eficiente
152.5,False,7,Casa,3,Eficiente
187.7,False,12,Departamento,4,Eficiente
212.5,False,15,Casa,6,Moderado
111.3,False,6,Departamento,2,Eficiente
229.8,False,12,Casa,6,Moderado
329.6,True,19,Casa,7,Ineficiente
158.1,False,5,Departamento,4,Moderado
137.4,False,2,Casa,5,Moderado
188.3,False,8,Casa,6,Moderado
285.8,False,16,Casa,7,Moderado
120.0,False,5,Casa,3,Eficiente
221.8,False,10,Departamento,7,Ineficiente
132.8,False,5,Departamento,2,Eficiente
224.5,True,10,Casa,9,Ineficiente
137.1,True,4,Departamento,6,Ineficiente
157.3,False,10,Casa,4,Eficiente
328.5,False,15,Departamento,9,Ineficiente
108.8,False,8,Casa,1,Eficiente
248.7,False,12,Casa,5,Moderado
409.9,False,17,Casa,9,Ineficiente
229.7,False,13,Departamento,7,Moderado
114.1,False,6,Casa,5,Eficiente
118.4,False,5,Casa,1,Eficiente
128.8,False,7,Departamento,4,Moderado
185.4,False,11,Departamento,3,Eficiente
223.0,False,10,Casa,6,Moderado
100.9,False,5,Departamento,2,Ineficiente
118.6,False,5,Departamento,4,Eficiente
141.6,False,5,Casa,3,Moderado
161.0,False,9,Departamento,5,Eficiente
459.4,True,18,Casa,9,Ineficiente
117.4,False,4,Departamento,3,Moderado
132.6,False,5,Casa,3,Eficiente
109.7,False,2,Departamento,5,Moderado
264.9,False,11,Casa,8,Ineficiente
195.6,False,10,Casa,5,Moderado
118.9,False,6,Departamento,4,Eficiente
174.2,False,8,Casa,6,Moderado
124.6,False,8,Departamento,3,Eficiente
196.7,False,10,Departamento,4,Eficiente
528.3,False,17,Departamento,9,Ineficiente
249.6,False,13,Casa,6,Moderado
165.8,False,10,Departamento,4,Eficiente
153.4,True,6,Casa,5,Ineficiente
113.4,False,4,Casa,3,Ineficiente
240.3,False,12,Departamento,7,Moderado
227.6,False,11,Departamento,5,Moderado
334.4,False,15,Casa,10,Ineficiente
178.1,False,11,Departamento,6,Eficiente
240.6,False,13,Departamento,6,Moderado
226.0,False,13,Casa,7,Moderado
162.3,False,8,Departamento,4,Eficiente
133.5,False,8,Casa,3,Moderado
190.8,False,10,Casa,5,Eficiente
246.8,False,13,Departamento,8,Moderado
238.0,False,12,Casa,5,Moderado
126.7,False,6,Casa,2,Eficiente
277.0,False,19,Casa,8,Moderado
196.6,False,9,Departamento,5,Moderado
182.8,False,9,Casa,5,Moderado
253.0,False,16,Departamento,6,Eficiente
118.4,False,6,Casa,1,Eficiente
111.9,False,6,Departamento,4,Ineficiente
195.1,False,10,Casa,5,Moderado
425.6,True,16,Departamento,11,Ineficiente
150.5,True,6,Casa,4,Ineficiente
248.2,False,13,Casa,7,Moderado
222.6,False,12,Casa,4,Eficiente
135.6,False,6,Departamento,6,Moderado
183.1,False,7,Departamento,3,Moderado
166.4,False,8,Casa,6,Moderado
174.0,False,11,Casa,5,Eficiente
85.2,False,5,Departamento,2,Eficiente
198.8,False,11,Casa,6,Moderado
291.2,False,19,Casa,6,Eficiente
178.2,True,8,Departamento,8,Ineficiente
314.7,True,15,Casa,10,Ineficiente
258.1,False,11,Casa,7,Ineficiente
197.8,False,10,Casa,6,Moderado
154.8,False,11,Casa,6,Eficiente
162.5,False,7,Casa,5,Moderado
94.6,False,2,Departamento,1,Moderado
155.5,False,9,Departamento,5,Eficiente
209.0,True,12,Casa,7,Moderado
357.6,True,18,Departamento,9,Ineficiente
247.3,False,13,Casa,7,Moderado
119.8,False,3,Departamento,2,Moderado
109.1,False,4,Casa,3,Eficiente
157.9,True,9,Departamento,7,Moderado
284.4,False,14,Casa,9,Ineficiente
184.9,False,10,Casa,6,Moderado
253.9,False,13,Casa,5,Moderado
185.0,False,11,Casa,3,Eficiente
267.4,False,14,Casa,9,Ineficiente
88.1,False,2,Departamento,1,Eficiente
338.2,False,16,Departamento,6,Ineficiente
125.1,False,5,Casa,2,Eficiente
242.5,False,14,Departamento,7,Moderado
155.2,True,9,Departamento,6,Moderado
165.0,False,9,Departamento,5,Eficiente
157.2,False,5,Departamento,4,Moderado
193.4,False,9,Departamento,4,Moderado
242.3,True,12,Casa,6,Ineficiente
271.0,True,13,Departamento,8,Ineficiente
313.5,False,14,Departamento,7,Ineficiente
230.9,False,14,Casa,5,Eficiente
408.9,True,18,Casa,11,Ineficiente
208.9,False,11,Casa,4,Eficiente
274.9,True,15,Departamento,7,Eficiente
241.3,False,14,Casa,6,Moderado
138.1,False,6,Departamento,4,Eficiente
190.5,True,12,Departamento,9,Moderado
214.9,False,11,Departamento,4,Eficiente
195.4,False,11,Casa,7,Moderado
209.4,False,10,Departamento,6,Moderado
252.3,False,12,Departamento,6,Moderado
196.1,False,8,Casa,6,Moderado
51.3,False,2,Departamento,4,Eficiente
403.9,False,17,Casa,6,Ineficiente
155.3,False,7,Departamento,3,Eficiente
141.1,False,6,Casa,3,Eficiente
122.6,False,5,Casa,4,Eficiente
174.4,False,12,Casa,6,Eficiente
160.1,False,6,Casa,4,Moderado
146.1,False,5,Casa,3,Eficiente
129.5,False,4,Departamento,4,Moderado
249.3,True,13,Casa,8,Moderado
468.3,False,18,Casa,5,Moderado
245.6,False,14,Departamento,7,Moderado
278.4,False,16,Departamento,8,Moderado
170.3,False,8,Casa,6,Moderado
181.0,False,9,Departamento,3,Eficiente
236.9,False,16,Casa,7,Eficiente
131.7,False,2,Departamento,5,Moderado
164.4,False,8,Casa,7,Moderado
248.5,False,14,Departamento,7,Moderado
274.6,False,18,Departamento,8,Moderado
178.7,False,6,Departamento,4,Moderado
104.4,False,3,Departamento,1,Eficiente
153.0,False,5,Departamento,5,Moderado
108.8,False,2,Casa,1,Eficiente
177.9,True,9,Departamento,7,Ineficiente
193.4,False,12,Departamento,7,Eficiente
153.7,False,10,Departamento,5,Eficiente
223.1,True,11,Casa,9,Ineficiente
236.0,True,14,Casa,8,Ineficiente
192.0,False,10,Departamento,5,Eficiente
120.7,False,6,Casa,5,Eficiente
179.7,False,11,Casa,6,Eficiente
233.5,True,12,Casa,9,Ineficiente
339.3,False,18,Departamento,8,Ineficiente
176.5,False,7,Casa,4,Moderado
251.9,True,15,Casa,10,Ineficiente
284.3,False,16,Casa,7,Eficiente
159.9,False,10,Departamento,4,Eficiente
286.0,False,13,Departamento,8,Ineficiente
329.8,False,15,Casa,8,Ineficiente
355.5,False,17,Casa,9,Ineficiente
210.4,False,12,Departamento,4,Eficiente
546.6,True,17,Casa,10,Ineficiente
134.2,False,9,Departamento,6,Eficiente
479.7,True,14,Casa,11,Ineficiente
237.8,False,12,Departamento,6,Moderado
353.9,True,13,Casa,11,Ineficiente
151.5,False,8,Departamento,4,Eficiente
282.4,False,16,Casa,9,Moderado
315.5,False,21,Departamento,8,Moderado
109.7,False,6,Departamento,2,Eficiente
163.8,False,9,Departamento,5,Eficiente
82.3,False,4,Casa,3,Eficiente
187.0,False,9,Casa,6,Moderado
125.0,False,6,Departamento,3,Eficiente
158.6,False,8,Departamento,5,Eficiente
681.4,True,13,Casa,10,Ineficiente
416.1,False,17,Casa,7,Eficiente
110.5,False,5,Casa,2,Moderado
221.6,False,15,Departamento,6,Eficiente
246.9,True,13,Departamento,9,Ineficiente
150.7,False,6,Departamento,3,Moderado
187.5,True,10,Departamento,8,Ineficiente
227.8,False,13,Casa,5,Eficiente
111.7,False,4,Casa,1,Moderado
129.4,False,3,Casa,5,Moderado
188.6,False,10,Departamento,4,Moderado
210.2,False,10,Casa,7,Eficiente
148.1,False,7,Casa,4,Eficiente
143.2,False,8,Casa,3,Eficiente
192.5,False,9,Casa,5,Moderado
253.7,False,13,Departamento,6,Moderado
190.4,False,11,Casa,5,Eficiente
391.6,True,16,Casa,9,Ineficiente
128.6,False,10,Departamento,3,Eficiente
216.2,False,12,Casa,6,Moderado
171.8,False,7,Casa,6,Ineficiente
255.9,False,12,Casa,6,Moderado
125.1,False,4,Departamento,2,Eficiente
449.1,True,15,Casa,9,Ineficiente
86.0,False,4,Departamento,3,Eficiente
357.1,True,14,Departamento,7,Ineficiente
182.8,True,9,Departamento,8,Ineficiente
253.3,False,16,Casa,7,Moderado
306.2,False,14,Departamento,8,Ineficiente
148.3,False,4,Casa,3,Moderado
256.8,True,13,Casa,7,Ineficiente
440.1,False,15,Casa,7,Ineficiente
136.5,False,7,Casa,2,Eficiente
486.0,False,15,Casa,8,Ineficiente
235.1,False,16,Casa,6,Eficiente
166.6,False,5,Casa,2,Moderado
118.3,False,7,Departamento,2,Eficiente
156.8,False,9,Departamento,5,Eficiente
87.7,False,4,Casa,4,Eficiente
143.7,True,7,Departamento,4,Moderado
181.1,True,13,Casa,9,Moderado
126.8,False,10,Casa,2,Eficiente
270.9,False,14,Casa,5,Moderado
182.1,False,10,Casa,7,Moderado
152.8,True,6,Casa,5,Ineficiente
173.6,False,7,Casa,6,Moderado
232.1,False,13,Casa,5,Eficiente
208.6,False,12,Casa,5,Eficiente
148.7,False,4,Casa,2,Moderado
212.5,True,12,Casa,9,Ineficiente
195.2,True,11,Casa,9,Ineficiente
175.5,False,8,Casa,5,Moderado
256.2,False,14,Casa,7,Moderado
253.8,False,16,Casa,6,Eficiente
181.2,False,10,Casa,6,Eficiente
233.9,False,14,Departamento,6,Eficiente
133.6,False,4,Casa,3,Moderado
135.3,False,5,Casa,1,Eficiente
181.4,False,11,Casa,3,Eficiente
329.1,False,13,Departamento,8,Ineficiente
186.0,False,10,Departamento,5,Eficiente
154.3,False,8,Departamento,5,Eficiente
329.8,False,16,Departamento,7,Ineficiente
176.9,False,10,Casa,3,Eficiente
451.3,False,17,Departamento,7,Ineficiente
161.3,False,7,Casa,7,Moderado
113.8,False,3,Departamento,2,Eficiente
185.9,False,10,Casa,5,Eficiente
179.3,False,12,Casa,2,Eficiente
123.8,False,7,Departamento,2,Eficiente
595.3,False,16,Casa,7,Ineficiente
198.6,False,10,Departamento,6,Moderado
240.7,True,12,Casa,8,Ineficiente
144.5,False,6,Departamento,2,Eficiente
136.3,False,7,Departamento,3,Eficiente
310.1,False,17,Casa,7,Moderado
86.1,False,8,Departamento,1,Eficiente
108.9,True,3,Departamento,4,Ineficiente
158.7,False,9,Departamento,5,Eficiente
349.4,True,17,Casa,9,Ineficiente
168.0,False,8,Casa,5,Moderado
208.9,False,10,Departamento,5,Moderado
202.0,False,11,Casa,4,Eficiente
343.6,False,20,Casa,7,Moderado
101.7,False,5,Casa,3,Eficiente
236.4,True,11,Departamento,10,Ineficiente
182.2,False,9,Casa,4,Eficiente
255.9,False,12,Departamento,6,Moderado
123.9,False,5,Departamento,4,Moderado
201.7,True,12,Casa,9,Ineficiente
190.7,False,9,Casa,4,Moderado
115.7,False,5,Casa,4,Eficiente
136.0,False,5,Departamento,4,Moderado
183.5,False,8,Departamento,6,Moderado
126.4,False,4,Departamento,4,Moderado
173.6,False,10,Casa,5,Eficiente
79.5,False,3,Departamento,2,Eficiente
150.1,False,9,Departamento,3,Moderado
311.8,True,17,Casa,9,Ineficiente
234.0,False,12,Departamento,6,Moderado
167.5,False,8,Departamento,6,Moderado
192.4,False,11,Departamento,5,Eficiente
394.9,True,13,Casa,9,Ineficiente
472.1,False,20,Casa,9,Ineficiente
215.3,True,13,Casa,7,Moderado
602.1,False,16,Casa,8,Ineficiente
132.3,False,2,Departamento,5,Moderado
118.8,False,5,Casa,4,Eficiente
128.6,False,5,Departamento,2,Eficiente
180.4,False,9,Casa,3,Ineficiente
535.6,False,13,Casa,8,Ineficiente
140.5,True,6,Casa,4,Moderado
117.3,False,4,Departamento,2,Eficiente
282.2,False,14,Departamento,4,Moderado
262.1,False,14,Departamento,8,Moderado
163.8,False,11,Casa,5,Eficiente
78.3,False,2,Departamento,4,Moderado
123.2,False,4,Casa,3,Moderado
362.7,False,13,Departamento,7,Ineficiente
264.2,True,13,Casa,10,Ineficiente
208.5,False,9,Casa,5,Moderado
433.7,False,18,Casa,6,Ineficiente
454.4,False,17,Casa,8,Ineficiente
193.6,False,12,Casa,6,Eficiente
172.3,False,11,Departamento,4,Moderado
134.9,False,4,Departamento,2,Moderado
153.0,False,7,Departamento,3,Ineficiente
106.9,False,7,Casa,3,Eficiente
93.0,False,4,Departamento,2,Moderado
96.6,False,5,Casa,6,Eficiente
312.3,False,17,Casa,7,Moderado
102.8,False,6,Casa,3,Eficiente
451.5,True,17,Casa,8,Ineficiente
127.7,False,8,Departamento,4,Eficiente
407.8,True,16,Casa,9,Ineficiente
170.8,False,10,Casa,4,Eficiente
90.1,False,3,Departamento,4,Moderado
346.8,True,18,Casa,9,Ineficiente
308.3,False,14,Departamento,6,Ineficiente
136.1,False,3,Casa,2,Moderado
149.8,False,8,Departamento,4,Eficiente
118.9,False,3,Departamento,3,Moderado
165.1,False,6,Departamento,4,Moderado
179.0,True,12,Departamento,5,Moderado
151.9,False,9,Departamento,6,Eficiente
80.2,False,3,Departamento,4,Eficiente
154.0,False,2,Casa,4,Moderado
268.2,False,15,Casa,5,Moderado
159.0,True,9,Departamento,8,Moderado
171.3,False,10,Casa,6,Eficiente
135.0,False,7,Casa,3,Eficiente
154.7,False,7,Casa,5,Moderado
357.6,False,15,Casa,7,Ineficiente
123.7,False,3,Casa,2,Moderado
235.2,True,12,Departamento,8,Ineficiente
175.6,False,10,Departamento,3,Eficiente
192.3,False,11,Departamento,4,Eficiente
147.7,False,8,Casa,4,Eficiente
171.7,True,6,Casa,7,Ineficiente
174.4,False,6,Departamento,3,Moderado
160.4,False,7,Casa,4,Moderado
199.4,True,9,Departamento,6,Ineficiente
239.8,False,13,Casa,6,Moderado
428.9,False,14,Departamento,7,Ineficiente
224.3,False,14,Casa,7,Moderado
77.2,False,2,Departamento,2,Eficiente
281.0,False,17,Departamento,7,Moderado
183.2,False,11,Casa,4,Eficiente
398.3,False,15,Departamento,6,Ineficiente
370.8,True,20,Casa,10,Eficiente
235.0,False,13,Departamento,6,Moderado
154.3,True,7,Casa,7,Ineficiente
201.8,False,12,Casa,6,Eficiente
229.0,False,13,Departamento,9,Moderado
318.2,False,14,Casa,6,Ineficiente
253.0,False,13,Departamento,7,Moderado
182.2,True,10,Departamento,7,Moderado
493.0,False,18,Departamento,8,Ineficiente
173.5,False,10,Casa,4,Eficiente
88.4,False,4,Departamento,3,Eficiente
96.8,False,3,Departamento,3,Eficiente
376.7,False,15,Casa,6,Ineficiente
193.6,True,8,Casa,5,Ineficiente
211.5,True,13,Casa,7,Moderado
161.5,False,7,Casa,3,Eficiente
144.6,False,6,Departamento,4,Moderado
144.8,False,7,Casa,2,Eficiente
208.5,False,11,Departamento,5,Moderado
191.6,False,10,Casa,3,Eficiente
239.3,False,11,Casa,4,Moderado
231.7,False,13,Casa,5,Eficiente
147.6,False,6,Departamento,3,Moderado
93.9,False,4,Departamento,1,Eficiente
106.0,False,6,Casa,3,Ineficiente
627.6,True,18,Departamento,8,Moderado
373.7,False,15,Casa,7,Ineficiente
350.4,False,16,Casa,7,Ineficiente
149.0,False,10,Casa,2,Eficiente
173.1,False,8,Departamento,5,Moderado
123.4,False,5,Departamento,1,Eficiente
101.7,False,5,Departamento,2,Eficiente
154.5,True,8,Casa,7,Moderado
348.4,True,15,Casa,7,Ineficiente
251.3,False,12,Departamento,7,Ineficiente
132.5,True,6,Casa,4,Moderado
154.7,False,9,Departamento,3,Eficiente
236.1,False,15,Departamento,8,Moderado
158.6,False,5,Casa,3,Moderado
176.9,False,12,Departamento,7,Eficiente
205.7,False,11,Departamento,5,Eficiente
233.2,False,14,Casa,6,Eficiente
190.4,True,9,Departamento,8,Ineficiente
131.9,False,3,Departamento,4,Moderado
156.0,False,5,Casa,4,Moderado
107.9,False,4,Departamento,2,Eficiente
103.6,False,5,Casa,1,Eficiente
165.8,False,8,Departamento,2,Eficiente
248.0,False,13,Departamento,8,Moderado
98.3,False,6,Departamento,4,Eficiente
223.8,True,12,Casa,8,Ineficiente
241.6,False,14,Departamento,4,Eficiente
92.3,False,9,Casa,1,Eficiente
175.5,False,9,Casa,4,Eficiente
398.5,False,15,Casa,7,Ineficiente
218.5,False,13,Departamento,5,Eficiente
91.0,False,5,Casa,3,Eficiente
266.7,False,15,Casa,7,Moderado
126.8,False,6,Departamento,5,Eficiente
269.5,False,17,Casa,6,Eficiente
149.2,False,9,Casa,4,Eficiente
193.7,True,10,Casa,8,Ineficiente
158.0,False,7,Casa,5,Moderado
172.6,False,10,Departamento,3,Eficiente
158.8,False,7,Casa,5,Moderado
181.2,True,11,Casa,7,Moderado
106.0,False,5,Departamento,3,Eficiente
211.6,False,16,Departamento,6,Eficiente
186.8,False,13,Departamento,7,Eficiente
88.2,False,2,Departamento,1,Eficiente
261.3,False,13,Departamento,6,Moderado
187.8,False,7,Casa,4,Moderado
186.0,False,6,Departamento,5,Moderado
239.5,False,13,Departamento,7,Moderado
229.1,True,10,Casa,8,Ineficiente
325.2,False,18,Casa,9,Eficiente
176.3,False,11,Casa,5,Eficiente
268.3,True,14,Departamento,9,Ineficiente
181.3,False,9,Departamento,3,Eficiente
217.1,True,15,Departamento,10,Moderado
236.5,False,16,Casa,6,Eficiente
335.2,True,14,Casa,11,Ineficiente
270.6,False,12,Casa,6,Ineficiente
165.7,False,8,Casa,5,Moderado
131.7,False,7,Departamento,3,Eficiente
172.4,False,8,Departamento,7,Moderado
127.9,False,6,Departamento,4,Eficiente
111.8,False,8,Departamento,4,Eficiente
71.2,False,2,Departamento,1,Eficiente
104.1,False,3,Casa,5,Moderado
462.5,False,14,Casa,10,Ineficiente
149.2,False,6,Casa,3,Moderado
444.0,False,16,Casa,8,Ineficiente
236.2,False,11,Casa,7,Ineficiente
198.1,False,12,Casa,3,Eficiente
92.6,False,4,Departamento,4,Eficiente
199.8,False,11,Casa,7,Moderado
390.8,True,16,Departamento,9,Ineficiente
334.7,False,15,Departamento,5,Ineficiente
194.9,False,10,Departamento,6,Moderado
108.3,False,4,Departamento,1,Eficiente
135.3,False,7,Casa,1,Eficiente
123.0,False,2,Departamento,3,Ineficiente
346.0,True,16,Casa,11,Ineficiente
345.3,False,14,Departamento,7,Ineficiente
220.2,False,11,Casa,7,Moderado
175.7,False,6,Casa,5,Moderado
330.0,True,15,Departamento,8,Ineficiente
115.2,False,5,Departamento,2,Eficiente
203.4,False,12,Casa,7,Moderado
214.4,True,10,Departamento,7,Ineficiente
139.8,False,7,Casa,4,Eficiente
132.9,False,8,Departamento,3,Eficiente
146.8,False,6,Casa,5,Moderado
356.4,True,16,Casa,10,Ineficiente
446.0,False,13,Casa,8,Ineficiente
209.2,False,10,Casa,6,Moderado
178.6,False,10,Casa,2,Eficiente
154.7,False,9,Casa,3,Eficiente
199.7,False,10,Casa,5,Moderado
158.4,False,13,Casa,5,Eficiente
191.1,False,11,Casa,3,Eficiente
235.6,False,10,Casa,6,Ineficiente
146.8,False,9,Departamento,4,Eficiente
162.0,True,6,Departamento,6,Ineficiente
187.6,True,11,Casa,7,Moderado
151.9,False,6,Departamento,3,Moderado
165.4,False,6,Casa,4,Moderado
277.6,False,16,Casa,8,Moderado
81.3,True,3,Departamento,3,Moderado
333.6,True,19,Departamento,7,Ineficiente
184.2,False,8,Departamento,5,Moderado
254.0,False,11,Casa,8,Ineficiente
239.4,False,12,Departamento,5,Moderado
148.3,False,12,Casa,5,Eficiente
136.8,False,8,Casa,4,Eficiente
130.7,False,7,Casa,2,Eficiente
156.8,False,9,Departamento,3,Eficiente
272.1,False,13,Casa,6,Moderado
134.8,False,11,Departamento,3,Eficiente
224.6,False,13,Departamento,6,Moderado
64.3,False,4,Departamento,3,Eficiente
149.2,False,9,Departamento,5,Eficiente
287.4,True,12,Departamento,7,Ineficiente
183.0,False,8,Casa,3,Moderado
142.3,False,6,Casa,4,Moderado
129.9,False,7,Departamento,3,Eficiente
55.8,False,2,Casa,2,Eficiente
132.2,False,6,Casa,4,Eficiente
314.2,True,15,Casa,10,Ineficiente
156.3,False,5,Casa,2,Moderado
165.3,False,7,Casa,2,Eficiente
73.8,False,4,Casa,2,Eficiente
86.3,False,2,Departamento,1,Eficiente
326.1,False,18,Casa,7,Moderado
224.5,True,13,Departamento,8,Ineficiente
100.5,False,5,Departamento,1,Eficiente
154.1,False,7,Casa,6,Moderado
172.7,False,7,Departamento,5,Moderado
105.0,False,3,Departamento,2,Eficiente
74.9,False,4,Departamento,2,Eficiente
253.9,False,14,Casa,6,Moderado
255.9,False,12,Casa,9,Ineficiente
250.9,False,14,Departamento,5,Moderado
90.5,False,5,Departamento,1,Eficiente
176.6,True,6,Departamento,5,Ineficiente
156.7,False,8,Departamento,4,Eficiente
167.0,False,6,Departamento,5,Moderado
157.7,False,4,Departamento,4,Moderado
149.9,True,6,Casa,6,Ineficiente
48.5,False,8,Departamento,3,Eficiente
329.5,True,17,Casa,9,Ineficiente
229.6,False,15,Casa,7,Eficiente
106.1,False,5,Casa,2,Eficiente
208.7,False,12,Departamento,5,Eficiente
165.4,False,10,Casa,4,Eficiente
167.4,False,7,Casa,5,Moderado
146.5,True,8,Casa,7,Moderado
249.8,True,16,Casa,7,Moderado
144.5,False,8,Casa,3,Eficiente
110.7,True,7,Departamento,5,Eficiente
279.1,False,15,Departamento,9,Moderado
184.9,False,13,Casa,5,Eficiente
266.3,False,18,Casa,6,Eficiente
151.0,False,8,Casa,5,Eficiente
142.7,True,6,Departamento,5,Ineficiente
199.5,False,9,Departamento,4,Moderado
92.4,False,2,Departamento,3,Moderado
220.4,False,10,Casa,6,Moderado
125.5,False,5,Departamento,2,Ineficiente
283.7,True,12,Casa,7,Ineficiente
250.8,False,16,Casa,4,Eficiente
209.5,False,12,Departamento,5,Eficiente
89.9,False,4,Departamento,3,Eficiente
166.6,False,6,Departamento,5,Moderado
106.0,False,3,Departamento,3,Moderado
171.0,False,5,Departamento,3,Eficiente
66.1,False,6,Departamento,2,Eficiente
105.5,False,2,Casa,4,Moderado
329.4,False,13,Casa,7,Ineficiente
232.8,False,15,Casa,7,Eficiente
173.1,False,10,Casa,5,Eficiente
135.1,False,6,Casa,4,Eficiente
128.3,False,6,Casa,4,Eficiente
189.2,False,12,Departamento,6,Eficiente
148.1,False,7,Departamento,2,Moderado
338.0,True,13,Departamento,11,Ineficiente
181.9,False,11,Casa,3,Ineficiente
176.5,True,10,Departamento,7,Moderado
110.6,False,7,Casa,3,Eficiente
171.1,False,6,Casa,4,Moderado
216.4,False,10,Casa,5,Moderado
169.4,False,9,Casa,5,Eficiente
162.3,False,6,Casa,5,Moderado
202.5,False,7,Departamento,5,Ineficiente
325.7,False,16,Departamento,7,Ineficiente
186.5,True,12,Departamento,8,Moderado
322.8,False,15,Casa,7,Ineficiente
228.5,False,13,Departamento,6,Moderado
271.9,False,15,Departamento,7,Moderado
154.7,False,7,Casa,7,Moderado
160.3,False,8,Departamento,3,Eficiente
181.9,False,12,Casa,6,Eficiente
251.1,False,12,Casa,4,Moderado
278.1,True,16,Casa,8,Ineficiente
210.1,False,9,Casa,5,Moderado
290.3,False,13,Casa,7,Ineficiente
158.6,False,10,Casa,4,Ineficiente
289.5,False,13,Casa,7,Ineficiente
262.1,True,13,Departamento,8,Ineficiente
265.0,False,18,Casa,8,Moderado
211.5,False,13,Casa,4,Eficiente
267.0,True,13,Casa,10,Ineficiente
119.2,False,4,Departamento,4,Moderado
191.9,True,10,Departamento,6,Ineficiente
194.1,False,13,Departamento,5,Eficiente
114.1,False,3,Casa,3,Moderado
243.6,True,11,Casa,10,Ineficiente
103.8,False,5,Departamento,2,Eficiente
166.8,False,5,Casa,9,Ineficiente
175.3,False,7,Departamento,6,Moderado
129.5,False,5,Departamento,4,Moderado
209.4,False,11,Casa,7,Moderado
178.7,True,7,Departamento,5,Ineficiente
123.3,False,6,Departamento,4,Eficiente
146.7,False,6,Casa,5,Eficiente
521.8,False,20,Casa,7,Ineficiente
168.1,False,9,Departamento,3,Eficiente
124.0,False,3,Casa,5,Moderado
133.8,False,9,Casa,3,Eficiente
278.8,True,14,Departamento,7,Ineficiente
170.8,True,9,Casa,8,Ineficiente
110.9,False,4,Casa,1,Eficiente
251.9,False,15,Departamento,8,Moderado
166.4,False,8,Casa,4,Eficiente
262.3,False,13,Casa,5,Moderado
293.1,False,15,Casa,8,Ineficiente
227.6,False,12,Casa,7,Eficiente
541.2,False,19,Casa,5,Ineficiente
85.0,False,2,Departamento,2,Eficiente
122.9,False,5,Departamento,3,Eficiente
177.9,True,9,Casa,7,Ineficiente
445.6,False,16,Departamento,8,Ineficiente
368.7,False,18,Departamento,9,Ineficiente
298.5,False,12,Departamento,8,Ineficiente
124.5,False,6,Departamento,3,Eficiente
129.7,False,3,Departamento,3,Moderado
121.7,True,4,Departamento,5,Ineficiente
145.1,False,4,Casa,3,Moderado
374.2,False,16,Casa,6,Ineficiente
180.0,False,8,Casa,3,Moderado
190.3,False,13,Casa,5,Ineficiente
240.9,True,13,Departamento,7,Ineficiente
99.2,False,5,Casa,2,Eficiente
204.1,True,9,Casa,9,Ineficiente
175.9,True,12,Casa,7,Moderado
134.6,False,8,Departamento,3,Eficiente
134.2,False,4,Departamento,5,Moderado
219.2,True,11,Casa,10,Ineficiente
215.7,False,12,Casa,5,Eficiente
183.8,True,9,Casa,8,Ineficiente
233.2,False,17,Casa,9,Moderado
119.6,False,4,Departamento,1,Eficiente
229.5,False,12,Departamento,7,Moderado
181.4,True,8,Casa,5,Ineficiente
161.5,False,8,Casa,4,Moderado
124.3,False,8,Departamento,3,Eficiente
159.5,True,8,Departamento,4,Ineficiente
438.6,False,16,Casa,9,Ineficiente
194.1,False,8,Casa,5,Moderado
124.6,False,7,Casa,2,Eficiente
255.6,True,13,Departamento,9,Ineficiente
163.5,False,8,Casa,5,Eficiente
221.5,False,8,Casa,4,Moderado
133.7,False,6,Departamento,1,Eficiente
299.4,False,14,Departamento,7,Ineficiente
157.3,False,4,Casa,3,Moderado
364.9,False,18,Casa,9,Ineficiente
128.5,False,5,Casa,3,Eficiente
153.6,True,11,Departamento,6,Moderado
359.9,False,19,Casa,7,Moderado
188.3,False,9,Departamento,3,Eficiente
451.0,False,19,Departamento,8,Ineficiente
180.0,False,12,Casa,3,Eficiente
193.0,False,9,Departamento,4,Moderado
440.9,True,15,Casa,9,Ineficiente
104.1,False,2,Casa,1,Eficiente
86.0,False,4,Departamento,2,Eficiente
142.5,False,5,Casa,3,Moderado
276.6,False,15,Casa,7,Moderado
101.2,False,3,Casa,1,Eficiente
256.5,False,12,Casa,6,Moderado
249.0,False,12,Casa,6,Moderado
403.8,False,14,Departamento,8,Ineficiente
267.5,True,13,Departamento,9,Ineficiente
202.7,False,10,Departamento,6,Moderado
307.9,True,15,Departamento,8,Ineficiente
253.6,False,14,Casa,7,Moderado
141.0,False,5,Departamento,3,Moderado
123.4,False,7,Casa,5,Eficiente
157.1,False,7,Casa,4,Moderado
173.6,False,12,Departamento,5,Eficiente
214.8,False,12,Casa,4,Eficiente
81.5,False,3,Casa,1,Eficiente
183.2,False,9,Casa,5,Moderado
199.0,False,12,Casa,5,Eficiente
249.0,False,13,Casa,6,Moderado
394.8,True,18,Casa,8,Ineficiente
189.0,False,13,Departamento,4,Eficiente
134.2,False,5,Casa,3,Eficiente
93.6,False,5,Casa,4,Eficiente
264.0,False,15,Casa,4,Eficiente
120.5,False,6,Departamento,2,Eficiente
286.5,False,14,Casa,5,Moderado
355.8,False,15,Casa,8,Ineficiente
105.4,False,3,Casa,4,Moderado
298.6,True,13,Departamento,10,Ineficiente
262.5,False,14,Departamento,5,Moderado
72.0,False,2,Departamento,3,Eficiente
141.7,False,7,Casa,3,Eficiente
117.7,False,5,Casa,3,Eficiente
251.1,True,14,Casa,9,Ineficiente
235.4,True,12,Casa,8,Ineficiente
64.3,False,3,Casa,3,Eficiente
173.3,False,8,Casa,4,Moderado
283.1,False,16,Casa,7,Moderado
184.4,False,9,Departamento,7,Moderado
215.7,True,12,Casa,8,Ineficiente
151.5,False,5,Departamento,3,Moderado
111.4,False,6,Departamento,2,Eficiente
196.4,False,10,Casa,6,Moderado
203.8,False,9,Casa,7,Moderado
228.6,False,10,Departamento,6,Moderado
235.1,True,11,Departamento,6,Ineficiente
207.2,False,10,Casa,4,Moderado
319.3,True,18,Casa,10,Ineficiente
148.6,False,6,Departamento,4,Moderado
94.6,False,2,Departamento,4,Moderado
243.9,False,14,Casa,4,Eficiente
207.3,False,9,Casa,7,Ineficiente
212.2,True,13,Departamento,9,Ineficiente
117.5,False,4,Casa,1,Eficiente
367.6,False,16,Departamento,8,Ineficiente
264.9,False,16,Casa,8,Moderado
176.4,False,10,Casa,3,Eficiente
134.8,False,4,Casa,3,Moderado
311.4,False,13,Casa,8,Ineficiente
109.1,False,2,Departamento,2,Moderado
516.0,True,22,Casa,10,Ineficiente
134.3,False,4,Departamento,4,Moderado
410.0,True,19,Casa,8,Ineficiente
163.4,False,7,Departamento,3,Eficiente
341.9,False,14,Departamento,8,Ineficiente
127.6,False,6,Departamento,4,Ineficiente
199.4,False,10,Casa,6,Ineficiente
246.0,False,15,Departamento,8,Moderado
267.1,False,16,Casa,7,Moderado
275.5,False,13,Departamento,9,Ineficiente
164.8,False,6,Casa,4,Moderado
205.0,False,9,Casa,6,Moderado
337.2,False,12,Casa,8,Ineficiente
129.2,False,5,Departamento,2,Eficiente
221.3,False,12,Departamento,5,Moderado
185.0,False,8,Casa,4,Moderado
189.7,False,8,Departamento,4,Moderado
179.8,False,9,Departamento,7,Moderado
143.2,True,5,Casa,8,Ineficiente
180.7,False,9,Casa,4,Eficiente
184.4,False,9,Departamento,4,Eficiente
167.5,False,9,Departamento,2,Eficiente
391.5,False,15,Casa,7,Ineficiente
263.2,False,13,Departamento,6,Moderado
225.2,False,9,Casa,5,Moderado
127.3,False,5,Departamento,2,Eficiente
124.1,True,5,Departamento,5,Ineficiente
398.6,True,16,Departamento,11,Ineficiente
129.6,False,9,Casa,2,Eficiente
209.4,False,12,Casa,7,Moderado
232.6,False,12,Casa,7,Moderado
174.7,False,10,Casa,6,Eficiente
114.0,False,8,Departamento,2,Eficiente
158.2,True,4,Casa,7,Ineficiente
148.4,False,8,Casa,5,Eficiente
354.3,False,14,Casa,8,Ineficiente
201.5,False,7,Casa,6,Ineficiente
138.4,False,9,Departamento,3,Eficiente
183.5,False,12,Departamento,6,Eficiente
264.3,False,12,Casa,5,Moderado
149.0,False,5,Departamento,3,Moderado
253.1,True,14,Departamento,9,Moderado
118.2,False,3,Casa,1,Eficiente
283.4,True,14,Departamento,8,Ineficiente
195.8,False,9,Casa,4,Moderado
195.6,False,10,Casa,6,Ineficiente
149.2,False,4,Casa,4,Moderado
117.4,False,6,Casa,4,Eficiente
87.1,False,6,Departamento,4,Eficiente
125.0,False,5,Departamento,3,Eficiente
221.8,False,12,Departamento,5,Eficiente
116.0,False,6,Departamento,3,Eficiente
91.6,False,4,Departamento,1,Eficiente
118.8,True,8,Departamento,5,Eficiente
169.8,False,6,Casa,7,Ineficiente
172.7,False,10,Casa,4,Eficiente
166.2,True,8,Departamento,7,Ineficiente
307.6,True,13,Casa,9,Ineficiente
337.3,False,20,Casa,7,Moderado
456.4,False,21,Casa,8,Eficiente
87.9,False,3,Departamento,1,Eficiente
138.3,True,7,Casa,5,Moderado
272.0,False,13,Casa,5,Moderado
167.6,False,8,Casa,6,Moderado
289.4,False,13,Casa,8,Ineficiente
189.3,False,8,Departamento,4,Moderado
387.0,False,20,Casa,5,Moderado
271.8,False,14,Departamento,7,Moderado
274.9,False,14,Departamento,7,Moderado
167.9,False,7,Casa,7,Moderado
168.4,False,9,Departamento,6,Eficiente
152.6,False,5,Departamento,5,Moderado
90.9,False,2,Departamento,2,Eficiente
367.5,False,14,Casa,7,Ineficiente
268.9,False,16,Casa,7,Moderado
151.3,False,4,Departamento,4,Moderado
303.4,False,13,Departamento,6,Ineficiente
134.6,False,2,Departamento,2,Moderado
80.3,False,2,Departamento,4,Moderado
304.4,False,14,Casa,7,Ineficiente
103.2,False,6,Departamento,3,Ineficiente
183.9,False,9,Casa,4,Eficiente
187.8,False,9,Departamento,7,Moderado
234.7,False,13,Casa,7,Moderado
284.7,True,14,Casa,9,Ineficiente
225.3,True,17,Departamento,8,Moderado
215.6,False,11,Departamento,6,Moderado
125.4,False,6,Departamento,3,Eficiente
226.2,False,14,Casa,7,Moderado
105.2,False,3,Casa,3,Moderado
329.8,True,16,Departamento,9,Ineficiente
110.6,False,4,Casa,1,Eficiente
172.8,False,9,Casa,4,Eficiente
100.0,False,4,Departamento,3,Eficiente
146.9,False,7,Casa,4,Eficiente
172.1,True,7,Departamento,8,Ineficiente
157.4,False,11,Casa,6,Eficiente
280.6,False,16,Departamento,8,Moderado
188.2,False,7,Departamento,5,Moderado
142.6,False,6,Departamento,4,Moderado
164.5,False,5,Departamento,4,Moderado
333.7,True,17,Casa,10,Ineficiente
257.9,True,14,Departamento,10,Ineficiente
109.4,False,4,Departamento,4,Moderado
128.6,False,4,Departamento,4,Moderado
214.9,True,11,Departamento,7,Ineficiente
199.8,False,12,Departamento,5,Eficiente
111.8,False,6,Departamento,2,Eficiente
241.8,True,15,Departamento,7,Moderado
136.3,False,3,Casa,4,Moderado
350.7,False,16,Casa,4,Eficiente
216.4,False,12,Departamento,5,Eficiente
124.1,False,4,Casa,3,Moderado
141.0,False,3,Departamento,6,Moderado
138.1,False,4,Departamento,3,Moderado
213.5,False,14,Casa,6,Eficiente
108.1,False,4,Departamento,5,Moderado
96.7,False,4,Departamento,1,Eficiente
247.6,False,13,Casa,9,Moderado
199.1,False,10,Departamento,4,Eficiente
205.5,False,13,Casa,7,Eficiente
195.9,False,11,Departamento,5,Eficiente
156.4,False,6,Casa,3,Eficiente
184.8,False,10,Departamento,6,Moderado
507.8,True,15,Departamento,12,Ineficiente
288.3,False,16,Departamento,7,Moderado
175.3,False,8,Casa,5,Ineficiente
139.1,False,5,Departamento,3,Moderado
52.9,False,4,Departamento,2,Eficiente
316.8,False,15,Casa,6,Ineficiente
239.6,False,12,Departamento,3,Eficiente
137.0,False,8,Departamento,1,Moderado
95.4,True,2,Departamento,4,Ineficiente
106.9,False,5,Departamento,1,Eficiente
207.8,False,13,Departamento,5,Eficiente
166.1,False,10,Departamento,4,Eficiente
232.3,True,17,Departamento,7,Moderado
207.0,False,10,Casa,5,Moderado
295.0,False,13,Casa,8,Ineficiente
202.9,False,12,Departamento,6,Eficiente
282.7,False,16,Casa,9,Moderado
72.0,False,2,Departamento,2,Eficiente
118.9,False,6,Casa,1,Eficiente
173.0,False,14,Casa,3,Eficiente
311.4,False,15,Casa,7,Ineficiente
444.1,False,18,Casa,8,Ineficiente
189.3,False,13,Casa,4,Eficiente
154.4,False,12,Casa,3,Eficiente
76.9,False,4,Departamento,1,Eficiente
282.5,False,17,Casa,7,Moderado
158.0,False,6,Casa,4,Moderado
698.3,True,17,Casa,9,Ineficiente
145.2,False,6,Casa,4,Moderado
482.7,False,13,Casa,8,Ineficiente
237.9,True,10,Departamento,8,Ineficiente
112.8,False,5,Departamento,2,Eficiente
218.1,False,13,Casa,7,Moderado
236.6,True,11,Departamento,10,Ineficiente
184.5,False,13,Casa,4,Eficiente
279.5,False,12,Casa,6,Ineficiente
245.1,False,14,Departamento,7,Ineficiente
254.2,False,13,Casa,5,Moderado
172.8,False,9,Departamento,3,Moderado
120.8,False,7,Casa,2,Eficiente
193.0,False,12,Casa,6,Eficiente
214.3,False,13,Casa,5,Eficiente
92.0,False,5,Casa,2,Eficiente
188.4,False,8,Departamento,3,Moderado
191.9,False,12,Casa,6,Eficiente
102.4,False,2,Departamento,4,Moderado
150.9,False,7,Departamento,3,Eficiente
153.4,False,7,Departamento,4,Eficiente
453.4,True,17,Casa,10,Ineficiente
218.7,False,11,Casa,6,Moderado
307.6,False,15,Casa,7,Moderado
165.3,False,11,Departamento,4,Eficiente
92.3,False,2,Casa,1,Eficiente
230.2,False,13,Departamento,5,Eficiente
133.5,False,4,Departamento,5,Moderado
176.2,False,10,Casa,3,Eficiente
111.8,False,3,Departamento,3,Moderado
204.2,False,11,Casa,5,Eficiente
272.2,False,12,Departamento,7,Ineficiente
295.3,False,17,Casa,8,Moderado
335.6,False,16,Departamento,7,Ineficiente
358.9,True,16,Departamento,10,Ineficiente
73.5,True,5,Departamento,6,Eficiente
120.9,False,3,Casa,3,Moderado
82.4,False,2,Departamento,1,Moderado
259.6,False,14,Casa,6,Moderado
130.7,False,3,Departamento,3,Moderado
161.3,False,5,Casa,5,Moderado
182.2,False,8,Casa,2,Eficiente
234.4,False,11,Casa,7,Moderado
106.7,False,4,Casa,2,Eficiente
116.6,False,6,Casa,4,Eficiente
172.5,False,10,Departamento,4,Eficiente
335.6,False,19,Casa,8,Moderado
173.6,False,9,Departamento,3,Eficiente
144.1,False,7,Casa,4,Eficiente
70.9,False,3,Departamento,1,Eficiente
260.9,False,14,Departamento,6,Ineficiente
146.5,False,8,Casa,7,Eficiente
105.7,False,6,Departamento,1,Eficiente
84.5,False,5,Departamento,2,Eficiente
133.3,False,9,Casa,3,Eficiente
106.3,True,3,Departamento,4,Ineficiente
219.3,False,11,Casa,8,Moderado
156.2,False,7,Departamento,5,Moderado
510.8,False,15,Casa,7,Ineficiente
85.5,False,2,Departamento,3,Moderado
216.4,False,10,Casa,5,Ineficiente
216.9,True,12,Casa,6,Moderado
111.7,False,5,Departamento,2,Eficiente
182.0,True,6,Departamento,5,Ineficiente
239.7,False,12,Departamento,7,Moderado
178.2,False,13,Departamento,4,Eficiente
359.3,False,17,Casa,9,Ineficiente
81.3,False,4,Casa,2,Moderado
140.1,False,5,Casa,3,Moderado
371.4,False,17,Casa,7,Ineficiente
295.6,False,15,Casa,9,Ineficiente
216.3,False,10,Departamento,6,Moderado
332.1,False,15,Casa,7,Eficiente
89.2,False,3,Casa,3,Eficiente
279.2,False,12,Casa,8,Ineficiente
314.1,False,13,Casa,6,Ineficiente
150.0,True,7,Casa,6,Ineficiente
519.6,True,15,Departamento,8,Ineficiente
216.5,True,11,Casa,8,Ineficiente
68.6,True,2,Departamento,4,Moderado
206.6,False,13,Departamento,6,Eficiente
128.1,False,9,Departamento,2,Eficiente
283.1,False,16,Departamento,6,Moderado
250.6,True,15,Casa,9,Ineficiente
157.8,False,9,Casa,6,Eficiente
374.2,True,17,Casa,10,Ineficiente
259.4,True,14,Departamento,8,Ineficiente
122.4,False,4,Departamento,4,Moderado
190.3,False,11,Casa,5,Eficiente
248.0,True,14,Casa,9,Ineficiente
150.6,True,6,Departamento,7,Ineficiente
149.6,False,8,Departamento,4,Eficiente
178.8,False,8,Departamento,4,Moderado
111.2,False,3,Departamento,2,Eficiente
68.0,False,5,Departamento,3,Eficiente
192.1,False,11,Departamento,7,Moderado
85.9,False,3,Casa,1,Eficiente
131.4,False,5,Casa,5,Eficiente
81.9,False,4,Departamento,2,Eficiente
86.9,False,2,Departamento,2,Eficiente
239.1,True,12,Casa,10,Ineficiente
160.3,True,6,Departamento,6,Ineficiente
180.8,False,10,Casa,4,Eficiente
99.7,False,6,Departamento,2,Moderado
154.0,True,8,Casa,6,Moderado
206.8,False,10,Departamento,6,Moderado
195.6,False,9,Casa,4,Moderado
281.7,False,13,Casa,9,Ineficiente
303.3,False,19,Casa,6,Moderado
158.8,False,8,Departamento,5,Eficiente
92.9,False,4,Casa,2,Eficiente
144.0,False,3,Casa,5,Moderado
169.0,True,6,Departamento,5,Ineficiente
142.8,False,7,Casa,4,Eficiente
128.2,False,5,Casa,6,Moderado
208.9,False,12,Casa,4,Eficiente
478.5,False,17,Departamento,7,Ineficiente
162.2,False,9,Casa,7,Eficiente
198.8,False,7,Casa,5,Moderado
114.7,False,3,Casa,3,Moderado
333.5,False,16,Casa,7,Ineficiente
292.0,False,14,Casa,9,Ineficiente
279.7,False,14,Casa,5,Moderado
348.0,False,16,Casa,9,Ineficiente
169.0,False,7,Casa,3,Moderado
154.0,False,8,Departamento,2,Eficiente
409.9,True,17,Casa,8,Ineficiente
262.0,False,14,Casa,7,Moderado
68.3,False,4,Departamento,1,Eficiente
210.1,False,8,Departamento,5,Moderado
136.9,False,5,Departamento,2,Eficiente
293.9,False,16,Casa,6,Moderado
236.9,False,11,Casa,5,Moderado
96.7,False,2,Casa,3,Eficiente
217.8,False,12,Casa,3,Eficiente
203.7,False,10,Departamento,5,Moderado
256.7,False,17,Casa,7,Moderado
326.1,False,16,Departamento,7,Ineficiente
240.6,False,11,Casa,5,Moderado
203.5,True,8,Casa,8,Ineficiente
284.1,False,15,Departamento,5,Moderado
445.1,True,15,Departamento,9,Ineficiente
293.6,True,19,Casa,9,Ineficiente
188.9,False,11,Departamento,6,Eficiente
235.7,False,14,Casa,7,Moderado
220.3,False,12,Casa,6,Moderado
177.4,False,11,Departamento,6,Eficiente
495.0,True,13,Casa,9,Ineficiente
145.3,True,5,Casa,8,Ineficiente
329.5,False,17,Casa,4,Moderado
187.7,True,13,Casa,9,Moderado
107.1,False,2,Casa,2,Eficiente
184.7,False,6,Casa,5,Moderado
138.1,False,7,Departamento,5,Eficiente
221.4,False,13,Departamento,7,Moderado
208.7,False,12,Casa,6,Eficiente
129.9,False,6,Casa,4,Eficiente
319.4,False,12,Departamento,6,Ineficiente
316.0,False,15,Casa,6,Ineficiente
385.2,False,16,Casa,8,Ineficiente
194.5,False,9,Departamento,5,Moderado
196.9,False,7,Casa,5,Moderado
269.9,False,15,Casa,8,Moderado
155.4,False,9,Casa,5,Eficiente
213.6,False,10,Casa,5,Moderado
182.6,True,9,Casa,7,Ineficiente
94.2,False,3,Departamento,1,Eficiente
208.7,False,11,Casa,4,Eficiente
144.6,False,8,Departamento,3,Eficiente
156.5,False,9,Departamento,4,Eficiente
230.5,False,14,Casa,5,Eficiente
341.1,False,18,Casa,8,Ineficiente
137.6,False,6,Casa,3,Eficiente
150.7,False,12,Departamento,5,Eficiente
143.5,False,9,Casa,4,Eficiente
122.6,False,4,Departamento,2,Eficiente
136.7,False,6,Departamento,4,Eficiente
157.6,False,4,Departamento,3,Moderado
220.5,False,12,Departamento,6,Moderado
198.5,False,14,Departamento,5,Eficiente
110.6,False,9,Departamento,4,Eficiente
298.8,False,15,Departamento,8,Ineficiente
258.3,False,14,Departamento,6,Moderado
119.0,False,6,Departamento,2,Eficiente
295.2,False,18,Departamento,11,Moderado
232.0,False,11,Casa,5,Moderado
162.9,False,13,Departamento,3,Eficiente
228.5,True,12,Casa,7,Ineficiente
170.4,False,7,Departamento,3,Moderado
252.6,False,13,Casa,5,Moderado
185.1,False,8,Departamento,5,Moderado
152.8,True,8,Departamento,6,Moderado
75.4,False,2,Departamento,1,Eficiente
251.5,False,14,Casa,6,Moderado
148.5,False,8,Departamento,3,Eficiente
240.9,True,16,Departamento,7,Ineficiente
212.1,False,13,Departamento,7,Eficiente
148.8,False,10,Departamento,3,Eficiente
264.9,False,13,Departamento,5,Moderado
189.1,False,11,Departamento,6,Eficiente
213.8,False,8,Casa,7,Ineficiente
163.9,False,8,Departamento,5,Moderado
405.4,False,17,Casa,7,Moderado
128.8,False,6,Departamento,3,Eficiente
153.7,False,5,Departamento,3,Moderado
117.8,False,4,Casa,3,Eficiente
266.8,False,14,Casa,8,Moderado
142.6,False,8,Departamento,4,Eficiente
160.9,False,8,Casa,4,Eficiente
203.1,False,11,Casa,6,Moderado
102.7,False,3,Departamento,3,Moderado
79.1,False,5,Casa,1,Eficiente
212.6,False,14,Departamento,4,Eficiente
80.9,False,3,Casa,2,Eficiente
281.4,False,20,Casa,8,Moderado
386.6,False,15,Casa,9,Ineficiente
187.5,False,12,Casa,6,Eficiente
344.5,False,14,Casa,7,Moderado
171.5,True,10,Departamento,8,Moderado
387.3,False,18,Casa,7,Ineficiente
164.6,False,6,Casa,4,Moderado
73.9,False,3,Casa,1,Eficiente
191.5,False,14,Casa,5,Eficiente
356.0,True,15,Departamento,9,Ineficiente
249.9,True,14,Casa,10,Ineficiente
141.3,False,7,Departamento,5,Eficiente
229.2,False,12,Casa,6,Moderado
295.6,False,12,Casa,8,Ineficiente
192.8,False,12,Casa,4,Eficiente
596.2,False,17,Casa,5,Ineficiente
141.2,False,8,Departamento,3,Eficiente
304.1,False,15,Casa,8,Ineficiente
275.3,False,14,Casa,7,Moderado
129.1,False,6,Departamento,3,Eficiente
144.1,False,5,Departamento,4,Eficiente
266.4,False,17,Departamento,6,Eficiente
184.9,True,9,Departamento,6,Ineficiente
197.2,True,10,Departamento,8,Ineficiente
87.3,False,6,Departamento,1,Eficiente
229.2,False,13,Departamento,7,Moderado
226.6,False,12,Casa,4,Eficiente
167.8,False,9,Departamento,4,Eficiente
232.3,False,14,Casa,7,Moderado
145.2,False,7,Departamento,4,Eficiente
134.5,False,8,Departamento,3,Eficiente
179.8,False,7,Casa,5,Moderado
141.7,False,7,Departamento,4,Eficiente
427.6,False,18,Departamento,6,Ineficiente
295.6,False,16,Casa,7,Moderado
133.7,False,2,Casa,4,Moderado
405.5,True,16,Departamento,10,Ineficiente
144.5,False,5,Departamento,4,Moderado
203.4,False,13,Casa,5,Eficiente
293.8,True,14,Casa,7,Eficiente
75.9,False,5,Departamento,3,Eficiente
179.3,False,7,Casa,5,Moderado
154.5,False,8,Casa,5,Eficiente
221.1,False,12,Casa,5,Moderado
233.2,False,18,Casa,6,Eficiente
169.8,False,11,Departamento,4,Eficiente
167.1,False,10,Departamento,4,Eficiente
271.4,False,18,Departamento,10,Moderado
195.7,False,11,Departamento,6,Eficiente
202.9,False,11,Casa,5,Eficiente
210.8,True,11,Casa,7,Ineficiente
438.5,False,17,Casa,7,Ineficiente
216.0,False,7,Casa,6,Ineficiente
161.8,False,8,Casa,2,Eficiente
88.8,False,4,Casa,3,Eficiente
109.0,False,4,Casa,1,Eficiente
165.1,False,6,Casa,2,Moderado
168.2,False,8,Departamento,7,Moderado
138.9,False,4,Departamento,3,Moderado
202.6,True,14,Departamento,9,Moderado
134.8,False,6,Departamento,2,Eficiente
117.3,False,2,Departamento,1,Eficiente
260.7,False,13,Casa,5,Moderado
308.4,False,17,Departamento,10,Moderado
125.6,False,6,Casa,1,Eficiente
217.8,True,10,Casa,10,Moderado
90.9,False,2,Casa,3,Moderado
107.6,False,4,Casa,3,Eficiente
156.1,False,7,Casa,3,Eficiente
281.6,False,12,Departamento,6,Ineficiente
124.9,False,5,Departamento,4,Moderado
121.4,False,3,Departamento,4,Moderado
176.6,False,11,Departamento,5,Eficiente
206.0,False,13,Casa,6,Eficiente
145.4,False,5,Casa,3,Moderado
400.7,True,15,Departamento,12,Ineficiente
179.7,True,9,Casa,7,Ineficiente
211.4,True,11,Casa,10,Ineficiente
169.7,False,9,Casa,3,Eficiente
210.3,False,12,Departamento,6,Eficiente
291.0,False,16,Departamento,8,Moderado
395.4,False,19,Casa,8,Ineficiente
125.0,True,5,Departamento,6,Ineficiente
320.0,False,13,Casa,6,Ineficiente
249.2,False,10,Casa,6,Ineficiente
304.5,False,18,Casa,6,Moderado
195.2,True,11,Casa,7,Moderado
161.6,False,8,Departamento,4,Eficiente
293.1,False,16,Casa,6,Moderado
257.1,False,14,Departamento,7,Moderado
384.2,True,17,Casa,8,Ineficiente
186.0,False,9,Departamento,2,Eficiente
164.8,False,10,Departamento,4,Eficiente
61.8,False,2,Departamento,5,Moderado
87.0,False,2,Departamento,3,Moderado
147.0,True,4,Departamento,5,Ineficiente
123.8,False,5,Casa,4,Moderado
248.5,False,16,Departamento,6,Eficiente
98.7,False,3,Departamento,3,Eficiente
161.7,False,6,Casa,5,Moderado
164.2,False,9,Casa,4,Eficiente
331.6,False,14,Casa,8,Ineficiente
154.8,False,10,Casa,6,Eficiente
239.3,False,15,Casa,7,Moderado
218.8,False,10,Casa,6,Moderado
254.3,False,13,Departamento,7,Moderado
284.5,False,13,Casa,6,Ineficiente
172.4,False,7,Departamento,3,Moderado
97.0,False,4,Casa,3,Eficiente
157.9,False,9,Departamento,6,Eficiente
197.9,True,11,Casa,8,Ineficiente
223.1,False,11,Casa,7,Moderado
148.4,True,3,Casa,5,Ineficiente
276.3,False,13,Departamento,6,Moderado
202.7,False,12,Casa,4,Eficiente
118.2,False,2,Departamento,3,Moderado
163.4,False,10,Casa,5,Eficiente
394.4,True,15,Departamento,9,Moderado
259.9,False,14,Casa,7,Moderado
274.2,False,14,Departamento,8,Ineficiente
129.7,False,4,Casa,5,Moderado
149.7,False,8,Casa,2,Eficiente
149.9,False,6,Casa,3,Ineficiente
214.0,False,10,Casa,5,Moderado
187.4,False,6,Casa,4,Moderado
140.2,False,9,Departamento,3,Eficiente
170.8,True,9,Casa,4,Moderado
145.3,False,9,Casa,3,Eficiente
163.2,False,9,Departamento,4,Eficiente
323.7,True,17,Casa,8,Ineficiente
106.8,False,3,Casa,2,Eficiente
202.9,False,9,Departamento,5,Moderado
305.5,False,16,Departamento,7,Moderado
160.4,False,8,Departamento,2,Eficiente
157.4,False,7,Casa,5,Moderado
258.6,True,15,Departamento,9,Ineficiente
130.0,False,6,Casa,2,Eficiente
169.5,False,10,Departamento,6,Eficiente
111.4,False,3,Departamento,3,Moderado
78.0,True,5,Departamento,4,Eficiente
186.8,False,10,Casa,6,Moderado
118.2,False,7,Casa,2,Eficiente
173.1,False,11,Departamento,4,Eficiente
320.9,False,17,Casa,8,Moderado
435.5,True,16,Casa,9,Ineficiente
181.8,False,11,Departamento,4,Eficiente
266.2,False,16,Departamento,7,Moderado
235.4,True,14,Casa,9,Ineficiente
169.7,False,9,Casa,4,Eficiente
90.1,True,5,Casa,4,Eficiente
391.8,False,15,Casa,8,Ineficiente
128.7,False,8,Casa,4,Eficiente
311.0,False,12,Departamento,10,Ineficiente
221.2,False,12,Departamento,6,Moderado
132.5,False,5,Casa,5,Moderado
227.3,True,11,Casa,7,Ineficiente
426.2,True,17,Departamento,9,Ineficiente
331.6,False,14,Departamento,6,Ineficiente
139.9,False,10,Departamento,2,Eficiente
148.0,False,4,Casa,3,Moderado
184.1,False,8,Departamento,6,Moderado
188.0,False,8,Casa,6,Moderado
334.8,True,16,Casa,9,Ineficiente
236.7,False,15,Departamento,6,Eficiente
96.6,False,5,Casa,2,Eficiente
238.3,True,16,Casa,9,Ineficiente
184.9,False,8,Casa,6,Moderado
201.2,False,12,Casa,5,Ineficiente
223.8,False,12,Casa,6,Moderado
291.2,False,15,Departamento,9,Ineficiente
298.7,True,17,Casa,9,Ineficiente
145.9,False,4,Casa,3,Moderado
171.2,False,12,Departamento,4,Eficiente
165.6,False,8,Casa,4,Eficiente
85.6,False,2,Departamento,1,Eficiente
190.4,False,9,Casa,5,Moderado
377.6,True,16,Departamento,10,Ineficiente
98.2,False,3,Casa,5,Moderado
171.5,True,5,Departamento,6,Ineficiente
193.5,False,11,Casa,6,Eficiente
195.8,True,9,Departamento,7,Ineficiente
134.5,False,7,Casa,5,Eficiente
97.0,False,2,Departamento,2,Eficiente
110.2,False,9,Casa,4,Eficiente
352.5,False,17,Casa,9,Ineficiente
132.1,False,6,Casa,5,Eficiente
164.4,False,9,Casa,6,Eficiente
481.8,True,14,Casa,10,Ineficiente
128.4,False,5,Departamento,4,Moderado
230.5,False,16,Casa,6,Eficiente
311.2,True,15,Casa,7,Ineficiente
308.8,False,15,Casa,8,Ineficiente
112.4,False,4,Casa,2,Eficiente
150.3,False,10,Casa,5,Eficiente
194.3,False,10,Departamento,6,Moderado
449.4,True,14,Casa,9,Ineficiente
127.0,False,10,Departamento,6,Eficiente
164.9,False,6,Casa,5,Moderado
239.6,False,13,Casa,5,Moderado
222.0,False,11,Departamento,5,Moderado
268.2,False,13,Casa,4,Moderado
138.8,False,4,Casa,4,Ineficiente
140.8,False,5,Departamento,3,Moderado
190.2,True,12,Departamento,6,Moderado
290.7,False,11,Departamento,6,Ineficiente
183.5,False,12,Casa,5,Eficiente
170.6,False,11,Departamento,5,Eficiente
112.8,False,6,Departamento,1,Eficiente
379.5,False,17,Departamento,6,Ineficiente
215.1,True,12,Casa,8,Ineficiente
319.0,True,18,Casa,9,Ineficiente
199.1,True,8,Casa,8,Ineficiente
205.3,False,12,Casa,5,Eficiente
92.7,False,2,Departamento,4,Moderado
80.7,True,5,Casa,4,Eficiente
339.9,True,15,Casa,11,Ineficiente
206.3,True,12,Casa,8,Ineficiente
217.4,False,9,Casa,6,Ineficiente
118.9,False,2,Casa,2,Moderado
134.5,True,6,Casa,7,Ineficiente
311.0,False,18,Casa,7,Moderado
360.8,False,17,Departamento,6,Ineficiente
154.0,False,8,Casa,1,Eficiente
260.6,False,15,Casa,7,Moderado
216.2,False,11,Casa,8,Moderado
189.2,False,11,Casa,4,Eficiente
435.1,False,16,Casa,7,Ineficiente
164.6,False,8,Casa,4,Moderado
336.1,True,15,Casa,11,Ineficiente
234.6,False,12,Casa,4,Moderado
172.0,False,9,Departamento,4,Eficiente
354.2,False,16,Casa,6,Ineficiente
225.8,False,11,Casa,7,Moderado
169.0,True,8,Departamento,6,Ineficiente
359.8,False,16,Casa,7,Ineficiente
336.4,True,14,Casa,9,Ineficiente
330.3,True,16,Casa,10,Ineficiente
40.0,False,2,Casa,3,Eficiente
241.7,False,13,Casa,8,Moderado
193.0,False,9,Departamento,6,Moderado
171.5,True,11,Departamento,8,Moderado
222.5,False,14,Departamento,5,Eficiente
224.1,False,10,Casa,6,Moderado
265.0,True,15,Casa,12,Ineficiente
176.8,False,12,Casa,2,Eficiente
374.5,False,15,Casa,7,Ineficiente
280.5,False,13,Casa,6,Ineficiente
250.7,False,15,Casa,7,Moderado
245.6,False,11,Casa,8,Ineficiente
327.7,True,14,Casa,10,Moderado
304.2,False,13,Casa,7,Ineficiente
165.9,False,10,Departamento,5,Eficiente
301.7,False,14,Casa,7,Ineficiente
185.3,False,9,Departamento,5,Moderado
446.0,False,15,Casa,9,Ineficiente
316.2,True,17,Casa,11,Ineficiente
153.1,False,6,Casa,4,Moderado
526.6,False,14,Casa,8,Ineficiente
81.9,False,2,Casa,5,Moderado
262.5,False,15,Casa,4,Eficiente
129.3,False,7,Departamento,3,Eficiente
440.0,True,19,Casa,9,Moderado
223.4,True,10,Casa,8,Ineficiente
124.3,False,5,Departamento,4,Moderado
175.8,False,13,Casa,6,Eficiente
128.9,False,5,Departamento,2,Eficiente
175.8,True,8,Casa,7,Ineficiente
175.6,False,9,Casa,4,Eficiente
145.6,False,8,Casa,2,Moderado
221.6,False,13,Casa,6,Eficiente
203.0,False,10,Departamento,5,Moderado
130.3,False,5,Casa,5,Moderado
99.4,False,3,Casa,5,Moderado
227.4,True,11,Casa,7,Ineficiente
217.0,False,10,Departamento,4,Moderado
237.6,True,16,Departamento,7,Moderado
218.4,False,11,Departamento,5,Moderado
331.2,False,15,Departamento,8,Ineficiente
262.1,False,13,Departamento,6,Moderado
609.7,False,17,Casa,6,Ineficiente
647.4,False,18,Departamento,10,Ineficiente
96.3,False,3,Casa,3,Eficiente
79.8,False,5,Casa,4,Moderado
175.5,False,10,Departamento,2,Eficiente
246.7,False,13,Casa,8,Moderado
193.4,False,9,Casa,5,Moderado
272.6,False,16,Casa,6,Moderado
176.8,False,9,Casa,5,Eficiente
130.0,False,3,Departamento,2,Moderado
158.9,False,10,Casa,4,Eficiente
161.3,False,7,Departamento,5,Moderado
288.2,False,16,Casa,5,Moderado
142.5,False,2,Departamento,5,Moderado
177.9,False,9,Casa,5,Eficiente
222.9,False,14,Departamento,6,Eficiente
182.2,False,10,Casa,6,Eficiente
322.2,True,17,Casa,10,Ineficiente
134.6,False,4,Casa,3,Moderado
122.9,False,6,Casa,2,Eficiente
224.9,True,12,Casa,10,Ineficiente
209.2,False,12,Departamento,4,Eficiente
120.5,True,9,Departamento,5,Eficiente
305.1,True,17,Departamento,7,Ineficiente
441.2,False,18,Casa,8,Ineficiente
151.0,False,9,Casa,4,Eficiente
327.7,False,14,Departamento,6,Ineficiente
63.3,False,2,Departamento,1,Eficiente
314.1,True,13,Casa,9,Ineficiente
121.0,False,3,Departamento,3,Moderado
298.5,False,13,Casa,5,Ineficiente
115.1,False,5,Departamento,2,Eficiente
168.8,True,6,Departamento,7,Ineficiente
123.6,False,5,Departamento,4,Moderado
373.7,False,14,Departamento,7,Moderado
190.5,False,13,Casa,6,Eficiente
428.3,False,14,Departamento,7,Eficiente
168.3,False,11,Casa,1,Moderado
325.0,True,11,Departamento,11,Ineficiente
88.6,False,3,Departamento,3,Eficiente
176.8,False,7,Casa,5,Moderado
158.9,False,7,Casa,4,Moderado
326.4,False,19,Departamento,8,Moderado
216.1,False,11,Casa,6,Moderado
81.8,False,2,Casa,2,Eficiente
115.1,False,6,Casa,2,Eficiente
129.5,False,5,Casa,3,Eficiente
258.8,False,14,Departamento,6,Moderado
244.0,False,12,Departamento,5,Moderado
174.6,False,7,Casa,5,Moderado
160.6,False,7,Casa,5,Moderado
269.7,False,16,Casa,6,Moderado
125.4,False,5,Casa,2,Eficiente
213.3,True,10,Departamento,6,Ineficiente
237.2,False,13,Casa,5,Moderado
179.6,False,10,Casa,3,Eficiente
206.6,False,12,Departamento,7,Moderado
205.2,False,10,Casa,3,Eficiente
214.1,False,12,Departamento,6,Moderado
113.8,False,5,Casa,2,Eficiente
258.1,False,12,Casa,7,Ineficiente
311.3,False,17,Casa,9,Moderado
197.3,True,11,Departamento,7,Ineficiente
221.7,False,10,Departamento,7,Eficiente
192.5,False,8,Casa,7,Ineficiente
290.2,True,15,Casa,11,Ineficiente
208.5,False,10,Casa,5,Moderado
108.7,False,6,Departamento,1,Eficiente
243.3,False,13,Departamento,6,Moderado
86.8,True,4,Departamento,4,Moderado
195.9,False,9,Departamento,3,Moderado
169.9,True,9,Casa,6,Moderado
144.1,False,9,Departamento,1,Eficiente
187.9,False,10,Departamento,7,Moderado
148.2,False,6,Casa,4,Moderado
214.8,False,10,Departamento,5,Moderado
204.2,False,11,Casa,6,Moderado
132.9,False,8,Departamento,4,Eficiente
309.7,False,13,Departamento,8,Ineficiente
189.3,False,10,Departamento,5,Eficiente
256.2,True,11,Casa,10,Ineficiente
362.4,False,15,Casa,6,Ineficiente
310.1,False,16,Departamento,7,Moderado
219.7,True,9,Departamento,10,Ineficiente
174.2,False,8,Casa,4,Moderado
95.9,False,4,Departamento,3,Eficiente
217.1,True,12,Casa,7,Ineficiente
277.8,False,15,Departamento,9,Moderado
204.3,False,9,Departamento,6,Moderado
47.0,False,4,Casa,1,Ineficiente
285.1,False,14,Casa,8,Ineficiente
261.1,False,15,Departamento,5,Eficiente
152.7,False,3,Departamento,5,Moderado
262.4,True,13,Departamento,10,Ineficiente
259.5,False,14,Casa,9,Moderado
128.3,False,8,Departamento,3,Eficiente
340.4,True,16,Casa,10,Ineficiente
117.2,False,5,Casa,1,Eficiente
196.8,False,11,Casa,5,Eficiente
162.5,False,10,Departamento,3,Eficiente
122.7,False,4,Departamento,3,Moderado
194.4,False,8,Departamento,5,Moderado
305.2,False,12,Departamento,8,Ineficiente
334.5,False,17,Casa,7,Ineficiente
272.2,False,15,Casa,7,Moderado
97.6,False,3,Casa,2,Eficiente
113.6,True,4,Casa,4,Moderado
210.8,False,12,Casa,5,Eficiente
171.1,False,9,Departamento,5,Eficiente
140.8,False,7,Departamento,5,Eficiente
389.2,False,14,Departamento,7,Ineficiente
210.0,False,8,Casa,6,Ineficiente
250.4,False,12,Casa,7,Moderado
301.9,False,13,Casa,7,Ineficiente
201.2,False,8,Casa,3,Moderado
602.2,True,20,Casa,11,Ineficiente
134.1,False,2,Casa,1,Moderado
155.0,False,8,Casa,2,Eficiente
115.9,False,6,Departamento,1,Eficiente
388.6,True,18,Casa,10,Ineficiente
277.4,False,15,Casa,6,Moderado
156.4,False,10,Casa,2,Eficiente
137.8,False,9,Casa,4,Moderado
351.7,False,15,Casa,8,Ineficiente
235.4,False,14,Casa,7,Moderado
319.2,False,18,Departamento,6,Moderado
194.6,False,9,Casa,5,Moderado
215.7,False,11,Departamento,7,Moderado
229.4,False,11,Casa,4,Moderado
153.2,False,8,Casa,3,Eficiente
189.1,False,7,Casa,6,Moderado
121.4,False,8,Casa,3,Eficiente
245.7,False,14,Casa,6,Moderado
242.4,True,14,Departamento,8,Ineficiente
302.6,False,11,Casa,9,Eficiente
226.4,False,10,Departamento,6,Moderado
189.1,False,13,Casa,5,Eficiente
389.3,True,16,Casa,10,Ineficiente
295.1,False,12,Casa,5,Ineficiente
363.4,True,17,Casa,10,Ineficiente
373.1,False,17,Casa,7,Ineficiente
166.4,False,9,Departamento,3,Eficiente
205.8,True,11,Departamento,5,Moderado
243.7,False,15,Departamento,5,Eficiente
124.4,False,4,Casa,1,Eficiente
108.1,False,5,Departamento,1,Eficiente
100.7,False,4,Departamento,2,Eficiente
165.6,False,8,Departamento,6,Moderado
151.3,False,6,Departamento,4,Moderado
96.0,False,3,Departamento,3,Eficiente
183.6,False,10,Departamento,6,Eficiente
166.7,False,8,Departamento,1,Eficiente
323.0,False,17,Casa,8,Ineficiente
401.5,False,15,Departamento,8,Ineficiente
239.9,False,16,Casa,7,Eficiente
129.9,False,5,Departamento,1,Eficiente
230.2,False,14,Departamento,5,Moderado
202.4,False,13,Casa,4,Ineficiente
179.1,False,10,Casa,3,Eficiente
137.9,False,6,Casa,6,Moderado
166.4,False,7,Casa,4,Moderado
186.4,True,9,Casa,8,Ineficiente
241.4,False,13,Departamento,7,Moderado
213.7,False,12,Departamento,4,Eficiente
371.1,False,18,Departamento,7,Ineficiente
269.2,True,13,Casa,9,Ineficiente
241.7,False,12,Casa,7,Moderado
177.8,False,6,Casa,5,Moderado
112.5,False,6,Departamento,5,Eficiente
157.1,False,9,Casa,5,Eficiente
148.8,False,9,Casa,4,Eficiente
67.9,False,5,Casa,3,Moderado
115.6,False,6,Departamento,4,Eficiente
396.4,False,18,Casa,7,Ineficiente
201.3,False,12,Departamento,3,Eficiente
147.9,False,8,Departamento,3,Eficiente
203.8,False,8,Departamento,4,Moderado
87.8,False,2,Casa,1,Eficiente
226.2,False,10,Casa,6,Moderado
345.9,False,18,Casa,7,Moderado
192.2,False,9,Casa,6,Moderado
81.8,False,2,Departamento,3,Eficiente
170.5,False,9,Casa,5,Eficiente
342.1,True,14,Casa,8,Ineficiente
225.5,False,13,Casa,5,Eficiente
95.5,False,2,Departamento,1,Eficiente
538.1,False,15,Casa,9,Ineficiente
104.0,False,5,Departamento,5,Eficiente
110.7,False,7,Departamento,3,Eficiente
111.6,False,5,Departamento,2,Eficiente
166.1,True,10,Casa,6,Moderado
263.3,False,15,Casa,8,Moderado
342.8,False,16,Casa,8,Ineficiente
169.5,False,7,Casa,5,Moderado
130.6,False,7,Casa,5,Eficiente
215.2,False,13,Departamento,7,Ineficiente
211.8,False,15,Departamento,6,Eficiente
222.2,False,14,Casa,6,Eficiente
197.0,False,10,Departamento,5,Moderado
190.4,False,11,Casa,6,Eficiente
184.0,False,10,Departamento,4,Eficiente
182.1,False,12,Casa,5,Eficiente
275.9,False,17,Departamento,8,Moderado
441.8,False,16,Departamento,6,Ineficiente
218.7,False,10,Casa,4,Moderado
197.5,False,7,Casa,5,Moderado
225.8,False,10,Casa,7,Eficiente
132.0,False,5,Departamento,4,Moderado
273.1,False,17,Casa,5,Eficiente
209.4,False,14,Departamento,7,Eficiente
143.4,False,8,Departamento,6,Eficiente
253.7,False,16,Departamento,5,Eficiente
201.2,False,10,Casa,5,Moderado
133.7,False,3,Casa,3,Moderado
199.8,False,9,Departamento,5,Moderado
221.9,True,8,Casa,9,Ineficiente
257.8,False,12,Departamento,7,Ineficiente
282.3,False,14,Casa,7,Moderado
192.5,True,11,Casa,6,Moderado
144.8,False,7,Departamento,2,Eficiente
196.7,False,9,Casa,7,Moderado
230.7,False,14,Casa,7,Moderado
243.9,False,12,Casa,6,Moderado
226.5,False,12,Casa,6,Moderado
169.4,False,7,Departamento,4,Moderado
302.6,False,17,Casa,5,Moderado
150.0,False,7,Casa,2,Eficiente
574.6,True,18,Casa,10,Ineficiente
243.2,False,11,Departamento,6,Moderado
125.1,False,6,Casa,3,Eficiente
187.6,True,11,Departamento,9,Moderado
240.3,False,9,Departamento,6,Ineficiente
172.4,False,11,Casa,4,Eficiente
93.9,False,2,Departamento,2,Eficiente
112.3,False,5,Departamento,1,Eficiente
248.4,False,17,Casa,7,Ineficiente
96.5,False,6,Casa,1,Eficiente
93.1,False,2,Departamento,3,Moderado
217.7,False,12,Departamento,6,Moderado
158.2,False,10,Departamento,4,Eficiente
129.6,False,4,Departamento,4,Moderado
161.7,False,7,Casa,5,Moderado
92.8,False,3,Departamento,5,Moderado
213.2,False,13,Departamento,7,Moderado
142.3,False,4,Casa,3,Moderado
159.2,False,9,Casa,3,Eficiente
230.9,False,11,Casa,7,Moderado
148.3,False,7,Casa,5,Eficiente
74.8,False,4,Departamento,1,Eficiente
234.4,False,13,Casa,7,Moderado
206.3,False,14,Casa,6,Eficiente
139.6,False,8,Departamento,5,Eficiente
129.3,False,4,Casa,3,Moderado
172.0,False,11,Departamento,5,Eficiente
247.5,False,14,Casa,5,Eficiente
180.8,False,10,Departamento,6,Eficiente
397.7,True,18,Casa,8,Ineficiente
232.9,False,11,Departamento,6,Moderado
168.3,False,6,Departamento,4,Moderado
269.8,False,14,Casa,6,Moderado
203.5,False,10,Casa,6,Moderado
205.4,False,15,Casa,5,Eficiente
299.5,False,14,Departamento,4,Moderado
120.7,False,5,Departamento,3,Eficiente
329.5,False,18,Casa,9,Ineficiente
197.8,True,9,Departamento,6,Ineficiente
173.2,True,6,Casa,9,Ineficiente
84.9,False,6,Departamento,3,Eficiente
76.7,False,3,Casa,2,Eficiente
414.4,False,18,Departamento,7,Ineficiente
196.0,False,12,Departamento,4,Eficiente
155.8,False,9,Casa,4,Eficiente
231.5,True,12,Casa,7,Ineficiente
136.2,False,5,Casa,3,Moderado
152.7,True,4,Departamento,5,Ineficiente
134.3,False,4,Casa,4,Eficiente
95.1,False,4,Departamento,3,Eficiente
71.7,True,2,Departamento,4,Moderado
103.0,False,2,Casa,2,Eficiente
270.3,False,14,Departamento,6,Moderado
129.9,False,8,Casa,4,Eficiente
218.9,False,12,Departamento,4,Eficiente
300.2,False,13,Casa,8,Ineficiente
174.9,False,11,Departamento,5,Eficiente
154.2,False,6,Departamento,3,Moderado
183.7,False,12,Departamento,6,Eficiente
330.6,False,16,Casa,6,Moderado
388.3,False,19,Departamento,9,Ineficiente
319.0,False,13,Departamento,4,Ineficiente
69.3,False,2,Departamento,3,Eficiente
164.9,False,8,Casa,4,Eficiente
199.4,True,11,Casa,9,Ineficiente
213.1,False,16,Departamento,7,Eficiente
96.5,False,2,Casa,2,Eficiente
84.6,False,2,Departamento,2,Eficiente
304.8,True,13,Departamento,10,Ineficiente
136.3,False,7,Departamento,2,Eficiente
105.9,False,5,Casa,2,Eficiente
109.4,False,3,Departamento,2,Eficiente
236.7,False,13,Casa,5,Moderado
139.2,False,10,Casa,3,Eficiente
189.4,False,10,Departamento,6,Moderado
132.5,False,6,Casa,4,Eficiente
97.2,False,7,Casa,2,Moderado
362.1,False,15,Casa,8,Ineficiente
232.4,False,11,Casa,6,Moderado
151.0,False,6,Departamento,2,Eficiente
160.6,False,7,Casa,3,Eficiente
372.9,False,13,Casa,9,Ineficiente
219.4,False,12,Departamento,7,Moderado
323.1,True,16,Casa,8,Ineficiente
133.9,False,6,Departamento,5,Moderado
177.3,False,10,Departamento,3,Eficiente
203.9,False,12,Departamento,5,Moderado
136.8,False,4,Departamento,3,Moderado
191.5,False,11,Casa,5,Eficiente
135.8,False,7,Departamento,2,Eficiente
234.2,True,10,Casa,8,Ineficiente
113.7,False,7,Casa,4,Eficiente
223.1,True,10,Departamento,6,Ineficiente
226.8,False,10,Casa,6,Moderado
160.5,False,8,Departamento,5,Eficiente
208.2,True,12,Departamento,7,Moderado
146.8,False,8,Departamento,3,Eficiente
150.6,False,8,Casa,3,Eficiente
254.9,False,13,Casa,9,Ineficiente
220.6,False,12,Departamento,8,Moderado
162.3,False,8,Casa,4,Eficiente
154.4,False,8,Casa,5,Eficiente
160.9,False,8,Departamento,3,Eficiente
139.6,False,5,Departamento,3,Moderado
329.7,False,15,Departamento,6,Ineficiente
228.0,False,9,Casa,4,Moderado
202.1,False,12,Casa,5,Eficiente
118.2,False,5,Departamento,2,Eficiente
271.5,True,10,Casa,9,Ineficiente
150.6,False,7,Casa,4,Eficiente
276.5,False,13,Casa,6,Moderado
237.2,False,11,Casa,5,Moderado
68.7,True,2,Casa,6,Ineficiente
161.3,False,6,Departamento,5,Moderado
213.8,True,10,Casa,9,Ineficiente
148.4,False,10,Departamento,6,Eficiente
210.3,False,12,Casa,5,Eficiente
80.5,False,7,Departamento,3,Eficiente
60.3,False,3,Casa,1,Eficiente
133.4,False,7,Casa,4,Eficiente
224.1,True,11,Casa,9,Ineficiente
51.8,False,3,Casa,1,Eficiente
139.0,False,6,Casa,4,Eficiente
78.5,False,4,Departamento,1,Eficiente
156.9,False,8,Departamento,4,Eficiente
450.3,False,17,Casa,7,Ineficiente
184.0,False,10,Casa,6,Ineficiente
164.6,False,8,Departamento,3,Eficiente
248.7,True,13,Departamento,7,Ineficiente
199.9,False,10,Casa,4,Eficiente
157.5,False,10,Departamento,4,Eficiente
294.6,True,14,Casa,10,Ineficiente
212.1,False,12,Departamento,7,Moderado
225.1,False,12,Casa,7,Moderado
190.8,False,12,Casa,6,Eficiente
171.3,False,5,Casa,5,Moderado
257.9,False,14,Departamento,8,Moderado
175.0,True,7,Casa,8,Ineficiente
296.1,False,16,Departamento,10,Ineficiente
113.7,False,4,Departamento,4,Moderado
312.5,True,13,Departamento,10,Ineficiente
243.7,False,14,Casa,6,Moderado
132.9,False,6,Casa,4,Eficiente
245.0,True,13,Casa,10,Eficiente
132.4,False,6,Departamento,2,Eficiente
177.9,True,10,Departamento,8,Ineficiente
161.8,False,7,Departamento,4,Moderado
296.8,False,17,Casa,8,Ineficiente
246.3,False,13,Casa,6,Moderado
125.2,False,8,Casa,4,Eficiente
111.6,False,4,Departamento,1,Eficiente
220.3,False,11,Casa,7,Moderado
234.3,True,11,Casa,8,Ineficiente
129.7,False,6,Departamento,3,Eficiente
386.0,True,15,Casa,10,Ineficiente
280.1,False,17,Casa,7,Moderado
155.5,False,6,Casa,4,Moderado
147.0,False,6,Casa,3,Eficiente
183.8,False,11,Casa,5,Eficiente
173.6,False,11,Casa,2,Eficiente
297.3,False,16,Departamento,9,Ineficiente
299.5,True,17,Casa,8,Ineficiente
175.0,False,9,Departamento,7,Moderado
265.7,False,14,Casa,6,Moderado
282.4,False,18,Casa,8,Moderado
204.3,False,14,Casa,7,Eficiente
232.8,False,14,Casa,7,Moderado
255.9,False,16,Casa,7,Moderado
242.8,False,15,Casa,5,Eficiente
123.4,False,3,Departamento,3,Moderado
130.5,False,6,Departamento,3,Eficiente
177.1,False,12,Casa,5,Eficiente
129.9,False,7,Departamento,2,Eficiente
93.6,False,4,Departamento,2,Eficiente
233.8,False,15,Departamento,3,Eficiente
231.2,False,13,Casa,6,Moderado
113.9,False,6,Casa,3,Eficiente
181.6,False,10,Casa,4,Eficiente
187.2,False,11,Casa,5,Eficiente
218.9,False,13,Casa,6,Eficiente
111.0,False,7,Departamento,4,Eficiente
98.5,False,6,Departamento,4,Eficiente
246.1,False,12,Casa,7,Moderado
106.2,True,5,Casa,4,Moderado
179.4,False,12,Casa,5,Eficiente
174.0,False,9,Casa,7,Moderado
164.8,False,6,Departamento,5,Moderado
221.4,False,10,Casa,6,Moderado
340.0,False,14,Departamento,9,Ineficiente
88.7,False,3,Departamento,2,Eficiente
251.1,False,12,Departamento,5,Ineficiente
61.5,False,5,Departamento,3,Ineficiente
357.5,False,16,Casa,8,Ineficiente
84.6,False,6,Casa,2,Eficiente
550.5,False,15,Casa,9,Ineficiente
146.4,False,6,Departamento,1,Eficiente
343.2,True,16,Casa,9,Ineficiente
278.4,False,16,Departamento,6,Moderado
166.0,False,10,Casa,3,Eficiente
171.2,False,8,Casa,4,Eficiente
141.8,False,8,Casa,2,Eficiente
240.0,True,10,Departamento,10,Ineficiente
169.3,False,10,Casa,5,Eficiente
141.1,False,4,Casa,3,Moderado
249.8,False,14,Casa,4,Eficiente
120.4,False,7,Departamento,2,Eficiente
151.1,False,9,Departamento,3,Eficiente
209.1,False,8,Casa,5,Eficiente
132.5,False,5,Departamento,6,Moderado
161.9,False,9,Casa,2,Eficiente
331.0,False,17,Departamento,7,Moderado
185.6,False,10,Casa,5,Ineficiente
172.7,False,5,Casa,4,Moderado
161.2,False,10,Departamento,2,Eficiente
237.9,False,15,Casa,6,Eficiente
131.0,False,6,Casa,3,Ineficiente
207.6,False,12,Departamento,6,Eficiente
190.5,False,11,Departamento,6,Eficiente
95.4,False,6,Casa,4,Eficiente
368.7,True,17,Departamento,7,Ineficiente
320.9,False,15,Departamento,7,Ineficiente
142.2,False,7,Casa,7,Moderado
106.8,False,4,Departamento,4,Moderado
94.6,False,2,Departamento,2,Eficiente
353.6,False,17,Casa,6,Ineficiente
394.4,False,18,Casa,10,Ineficiente
141.0,False,8,Casa,5,Eficiente
167.9,True,8,Departamento,5,Moderado
293.6,True,15,Departamento,8,Ineficiente
173.8,False,11,Casa,5,Eficiente
226.7,False,14,Casa,6,Eficiente
321.0,True,18,Casa,10,Ineficiente
157.9,False,6,Casa,3,Moderado
117.5,False,4,Casa,2,Eficiente
94.0,False,3,Departamento,1,Eficiente
224.2,False,11,Departamento,6,Moderado
236.5,False,10,Casa,7,Ineficiente
312.2,False,16,Casa,8,Ineficiente
156.9,False,8,Departamento,3,Eficiente
110.9,False,5,Casa,4,Eficiente
74.8,False,4,Casa,3,Eficiente
676.5,False,14,Casa,8,Ineficiente
249.1,False,13,Casa,6,Moderado
211.2,False,11,Casa,8,Moderado
196.6,False,11,Departamento,7,Ineficiente
109.4,False,2,Casa,1,Eficiente
125.6,False,4,Departamento,4,Moderado
414.6,True,16,Casa,12,Ineficiente
227.3,False,14,Departamento,7,Ineficiente
146.8,False,7,Casa,3,Eficiente
119.1,False,7,Casa,2,Eficiente
160.5,False,8,Casa,6,Moderado
173.5,False,9,Casa,6,Moderado
472.0,True,18,Casa,11,Ineficiente
162.1,True,8,Departamento,9,Ineficiente
120.1,False,4,Casa,2,Eficiente
191.8,True,8,Casa,7,Ineficiente
226.7,False,11,Casa,6,Moderado
102.8,False,6,Departamento,2,Eficiente
205.5,False,13,Departamento,3,Eficiente
292.5,False,13,Departamento,8,Ineficiente
184.1,False,7,Departamento,4,Moderado
123.2,False,7,Departamento,2,Eficiente
140.5,False,7,Departamento,3,Eficiente
99.6,True,2,Casa,4,Eficiente
163.8,False,3,Departamento,4,Moderado
199.2,False,9,Departamento,6,Moderado
137.0,False,5,Casa,5,Moderado
392.3,False,14,Departamento,7,Ineficiente
280.2,False,16,Casa,6,Moderado
93.2,False,2,Casa,2,Eficiente
96.4,False,4,Casa,1,Eficiente
116.4,False,9,Departamento,3,Eficiente
336.9,False,16,Departamento,6,Ineficiente
287.6,False,14,Casa,10,Ineficiente
391.3,True,16,Casa,10,Ineficiente
197.4,False,12,Casa,5,Eficiente
182.3,False,11,Casa,6,Eficiente
102.6,False,2,Departamento,1,Eficiente
233.5,False,12,Casa,5,Moderado
183.6,False,9,Casa,5,Moderado
180.7,False,9,Casa,5,Moderado
340.2,False,19,Departamento,9,Moderado
188.8,True,11,Casa,4,Moderado
307.9,False,15,Departamento,8,Ineficiente
103.8,False,6,Casa,2,Moderado
616.6,False,17,Casa,7,Ineficiente
148.1,False,4,Departamento,2,Moderado
272.2,False,17,Casa,6,Moderado
246.2,False,13,Departamento,8,Eficiente
161.5,True,4,Casa,7,Ineficiente
247.5,True,10,Departamento,10,Ineficiente
254.5,True,16,Departamento,8,Ineficiente
128.6,False,3,Departamento,3,Moderado
148.9,False,9,Casa,2,Eficiente
176.9,False,9,Departamento,3,Eficiente
166.6,False,10,Departamento,4,Eficiente
357.9,False,16,Casa,6,Ineficiente
267.8,True,15,Casa,8,Ineficiente
166.1,False,9,Departamento,4,Eficiente
260.0,False,14,Casa,8,Eficiente
73.5,False,2,Departamento,2,Eficiente
136.3,False,7,Departamento,2,Ineficiente
225.2,False,9,Casa,4,Moderado
273.3,False,16,Departamento,7,Moderado
191.4,False,11,Departamento,4,Eficiente
368.8,True,17,Casa,10,Ineficiente
251.7,False,9,Departamento,6,Ineficiente
162.6,False,6,Casa,4,Moderado
188.0,False,9,Casa,6,Moderado
206.2,False,12,Departamento,7,Moderado
163.9,False,6,Casa,5,Moderado
330.5,True,20,Departamento,8,Ineficiente
126.1,False,5,Casa,2,Eficiente
230.2,True,11,Casa,9,Ineficiente
271.5,False,14,Casa,8,Moderado
152.3,False,6,Departamento,2,Eficiente
138.2,False,4,Departamento,5,Moderado
171.0,False,11,Departamento,4,Eficiente
245.9,True,14,Departamento,9,Ineficiente
140.5,False,7,Departamento,7,Ineficiente
111.6,False,7,Departamento,1,Eficiente
320.8,False,16,Casa,8,Ineficiente
208.2,False,9,Departamento,5,Moderado
265.0,True,15,Departamento,9,Ineficiente
240.5,False,11,Departamento,6,Moderado
491.1,False,16,Casa,5,Ineficiente
314.0,False,15,Casa,6,Ineficiente
127.2,False,5,Departamento,3,Eficiente
241.3,True,10,Casa,10,Ineficiente
160.0,False,6,Casa,5,Moderado
143.2,False,7,Departamento,5,Eficiente
111.4,False,3,Casa,2,Eficiente
176.8,False,11,Casa,4,Eficiente
251.0,True,16,Casa,9,Ineficiente
193.6,False,8,Casa,5,Eficiente
107.8,False,4,Departamento,4,Moderado
91.6,False,6,Departamento,1,Eficiente
427.4,False,16,Departamento,9,Ineficiente
198.9,False,10,Departamento,7,Moderado
123.1,False,7,Departamento,3,Eficiente
238.7,False,12,Casa,7,Moderado
432.4,False,19,Departamento,7,Ineficiente
260.7,False,13,Casa,6,Moderado
61.9,False,2,Casa,2,Eficiente
527.8,False,18,Departamento,7,Ineficiente
79.9,False,3,Departamento,2,Eficiente
181.5,False,10,Casa,5,Eficiente
107.1,True,2,Departamento,4,Ineficiente
148.7,False,6,Casa,4,Moderado
227.1,False,14,Casa,7,Moderado
82.9,False,2,Casa,2,Eficiente
194.7,False,12,Casa,5,Eficiente
322.8,False,16,Casa,8,Ineficiente
140.1,False,6,Casa,4,Moderado
111.3,False,7,Casa,3,Eficiente
190.1,False,10,Casa,6,Moderado
150.7,False,7,Departamento,4,Eficiente
135.3,True,6,Departamento,5,Moderado
105.6,False,4,Departamento,2,Eficiente
247.6,False,15,Casa,6,Moderado
222.5,False,9,Departamento,6,Ineficiente
110.2,False,6,Departamento,3,Moderado
133.2,False,6,Casa,3,Eficiente
213.5,False,13,Casa,6,Eficiente
133.1,True,10,Casa,4,Eficiente
213.5,False,11,Casa,5,Moderado
373.4,True,14,Casa,10,Ineficiente
192.9,True,11,Casa,6,Moderado
118.8,False,6,Casa,3,Eficiente
205.1,False,13,Departamento,6,Eficiente
188.3,False,9,Casa,5,Moderado
188.6,False,9,Casa,6,Moderado
212.1,False,9,Departamento,6,Moderado
264.5,True,12,Casa,7,Ineficiente
205.9,False,10,Casa,6,Moderado
194.1,False,10,Casa,5,Moderado
475.6,True,21,Casa,8,Moderado
330.5,False,13,Casa,8,Eficiente
287.9,True,15,Casa,8,Ineficiente
209.1,False,10,Casa,5,Moderado
113.7,False,5,Departamento,3,Moderado
281.7,True,14,Departamento,9,Eficiente
211.5,False,13,Casa,5,Eficiente
159.2,False,10,Casa,3,Eficiente
180.2,False,9,Casa,4,Eficiente
115.8,False,7,Departamento,1,Eficiente
270.5,False,16,Departamento,7,Moderado
267.6,False,17,Casa,6,Eficiente
212.2,False,11,Casa,4,Eficiente
130.4,True,4,Departamento,4,Ineficiente
71.5,False,2,Departamento,2,Eficiente
108.6,False,8,Casa,3,Moderado
129.2,False,4,Departamento,5,Moderado
136.1,False,5,Casa,4,Moderado
194.7,False,7,Departamento,4,Moderado
242.1,False,12,Departamento,4,Eficiente
191.6,False,8,Casa,3,Moderado
360.3,False,15,Casa,7,Ineficiente
124.9,False,6,Departamento,1,Eficiente
185.7,False,11,Casa,4,Eficiente
170.0,False,7,Departamento,4,Moderado
315.8,False,14,Casa,7,Ineficiente
181.6,False,11,Departamento,5,Eficiente
210.9,True,15,Casa,7,Moderado
98.7,False,6,Casa,1,Eficiente
136.8,False,3,Casa,5,Ineficiente
316.8,False,18,Casa,7,Moderado
84.8,False,7,Casa,2,Eficiente
308.4,True,12,Departamento,10,Ineficiente
246.2,False,15,Casa,7,Moderado
147.3,False,7,Casa,3,Eficiente
138.6,False,6,Casa,5,Moderado
446.9,False,17,Casa,7,Ineficiente
314.3,False,16,Departamento,8,Ineficiente
165.5,False,10,Departamento,3,Eficiente
208.0,True,13,Casa,7,Moderado
133.3,False,3,Departamento,4,Moderado
183.4,False,9,Departamento,5,Moderado
130.6,False,6,Departamento,2,Eficiente
196.3,False,13,Casa,3,Eficiente
425.8,False,12,Casa,8,Ineficiente
193.6,False,9,Casa,5,Moderado
113.4,False,2,Departamento,2,Moderado
96.4,False,2,Departamento,4,Moderado
210.9,False,13,Casa,5,Eficiente
143.7,True,6,Casa,5,Ineficiente
192.7,False,6,Departamento,3,Moderado
88.0,False,3,Departamento,1,Eficiente
271.0,False,18,Casa,8,Moderado
111.0,False,2,Departamento,2,Moderado
206.2,False,12,Casa,6,Eficiente
173.0,True,12,Casa,5,Eficiente
414.8,True,16,Casa,9,Ineficiente
186.2,False,13,Departamento,4,Eficiente
392.9,False,15,Departamento,8,Ineficiente
256.7,False,16,Casa,6,Eficiente
369.1,True,18,Casa,8,Ineficiente
182.4,True,10,Casa,8,Ineficiente
230.8,False,10,Casa,7,Ineficiente
335.1,False,14,Casa,8,Ineficiente
289.3,False,11,Casa,7,Ineficiente
249.5,True,14,Casa,7,Ineficiente
173.9,False,10,Casa,6,Eficiente
188.6,False,10,Casa,5,Eficiente
283.9,True,14,Departamento,9,Ineficiente
348.2,False,18,Casa,8,Ineficiente
137.2,False,7,Departamento,2,Eficiente
127.1,False,4,Departamento,5,Moderado
118.5,False,5,Departamento,3,Eficiente
285.6,False,18,Casa,7,Moderado
133.0,False,7,Casa,3,Ineficiente
244.3,False,12,Departamento,8,Ineficiente
253.5,False,14,Casa,8,Ineficiente
159.0,True,9,Casa,6,Moderado
384.5,False,16,Casa,6,Ineficiente
108.0,False,3,Casa,2,Eficiente
397.7,True,16,Casa,10,Ineficiente
197.1,False,13,Departamento,5,Eficiente
83.7,False,5,Casa,1,Eficiente
389.1,False,16,Casa,6,Ineficiente
265.6,False,16,Departamento,8,Moderado
169.0,False,9,Casa,5,Eficiente
114.1,False,5,Departamento,3,Eficiente
103.3,False,5,Casa,2,Moderado
549.0,True,13,Casa,10,Ineficiente
117.9,False,2,Departamento,3,Moderado
117.4,False,5,Casa,2,Eficiente
220.0,False,10,Casa,6,Moderado
86.0,False,2,Departamento,3,Moderado
114.7,False,3,Departamento,4,Moderado
268.1,False,16,Departamento,6,Moderado
242.6,True,14,Casa,9,Ineficiente
172.5,True,10,Casa,8,Moderado
172.4,False,10,Departamento,5,Eficiente
194.8,False,12,Casa,5,Eficiente
126.0,False,6,Departamento,1,Eficiente
154.1,False,7,Casa,3,Eficiente
153.1,False,7,Casa,3,Eficiente
148.1,False,8,Casa,4,Eficiente
307.1,False,14,Casa,8,Ineficiente
117.4,False,6,Departamento,3,Eficiente
120.9,False,5,Casa,5,Moderado
187.1,False,13,Casa,4,Eficiente
493.5,True,15,Casa,10,Ineficiente
130.9,False,5,Casa,3,Eficiente
186.5,False,9,Casa,4,Ineficiente
183.2,False,10,Departamento,2,Moderado
192.6,True,12,Casa,9,Moderado
164.5,False,6,Casa,3,Moderado
282.2,False,21,Departamento,7,Moderado
239.7,False,12,Casa,7,Moderado
247.5,False,14,Departamento,5,Eficiente
257.3,False,14,Casa,6,Moderado
292.4,True,15,Casa,9,Ineficiente
335.0,False,14,Departamento,7,Ineficiente
351.3,False,18,Casa,6,Eficiente
530.7,False,15,Casa,9,Ineficiente
332.8,True,12,Casa,9,Ineficiente
130.0,False,4,Departamento,3,Moderado
250.4,False,16,Departamento,7,Moderado
268.3,False,16,Casa,8,Moderado
395.5,False,13,Departamento,8,Ineficiente
117.6,False,6,Departamento,2,Eficiente
252.3,False,10,Casa,8,Ineficiente
150.2,False,7,Casa,3,Eficiente
183.6,True,11,Casa,6,Moderado
111.5,False,6,Casa,2,Eficiente
276.4,False,14,Casa,7,Moderado
214.4,False,11,Casa,4,Eficiente
188.2,True,7,Departamento,9,Ineficiente
455.7,False,15,Casa,5,Ineficiente
147.9,False,9,Departamento,3,Eficiente
200.4,False,12,Departamento,4,Eficiente
179.6,False,10,Departamento,6,Eficiente
191.3,False,12,Departamento,6,Eficiente
441.7,False,14,Departamento,8,Ineficiente
205.0,False,12,Casa,4,Eficiente
135.7,False,4,Departamento,2,Moderado
434.1,False,19,Casa,8,Ineficiente
152.5,False,8,Departamento,3,Eficiente
101.9,False,6,Casa,2,Eficiente
147.2,False,6,Casa,4,Moderado
119.0,False,9,Casa,2,Eficiente
82.4,False,7,Departamento,1,Eficiente
169.9,False,9,Casa,3,Eficiente
194.1,True,13,Casa,6,Moderado
325.2,True,15,Casa,8,Ineficiente
259.7,False,12,Casa,7,Ineficiente
222.0,False,14,Departamento,6,Eficiente
120.2,False,3,Departamento,4,Eficiente
291.3,False,17,Casa,5,Moderado
362.8,True,18,Casa,10,Ineficiente
238.7,True,13,Casa,7,Ineficiente
238.4,False,13,Casa,9,Ineficiente
102.1,False,6,Departamento,2,Eficiente
270.2,False,15,Departamento,6,Moderado
421.2,False,16,Casa,8,Ineficiente
198.7,False,8,Departamento,6,Moderado
156.5,False,9,Casa,4,Eficiente
159.8,False,9,Departamento,5,Eficiente
167.3,False,13,Casa,6,Eficiente
151.7,False,7,Departamento,5,Moderado
266.3,False,15,Casa,7,Moderado
195.4,False,11,Departamento,7,Moderado
301.6,False,16,Casa,8,Eficiente
233.0,False,11,Casa,5,Moderado
140.7,False,6,Casa,4,Moderado
163.9,False,10,Casa,4,Eficiente
160.1,False,7,Casa,3,Eficiente
160.7,False,9,Departamento,4,Eficiente
369.2,True,16,Departamento,7,Ineficiente
453.2,False,17,Casa,10,Ineficiente
244.7,False,15,Departamento,7,Moderado
182.6,True,9,Departamento,5,Moderado
114.2,False,2,Casa,3,Moderado
215.6,False,11,Casa,6,Moderado
145.6,False,5,Casa,5,Moderado
392.9,True,13,Casa,12,Ineficiente
89.7,False,3,Departamento,5,Moderado
204.2,False,11,Departamento,5,Eficiente
121.5,False,7,Departamento,4,Eficiente
198.6,False,9,Casa,5,Moderado
227.8,False,13,Departamento,7,Ineficiente
271.2,True,16,Departamento,6,Ineficiente
194.4,False,9,Casa,4,Moderado
238.5,True,14,Departamento,8,Moderado
153.6,False,10,Casa,4,Eficiente
222.7,True,9,Casa,8,Ineficiente
304.1,False,16,Casa,9,Ineficiente
233.2,False,15,Casa,5,Eficiente
138.7,False,6,Departamento,2,Eficiente
177.8,True,12,Casa,6,Moderado
305.8,False,16,Casa,6,Moderado
127.9,False,9,Casa,4,Eficiente
133.2,False,7,Casa,5,Eficiente
258.6,True,17,Casa,10,Ineficiente
165.5,False,9,Casa,6,Eficiente
95.0,False,2,Departamento,2,Eficiente
351.6,False,15,Casa,7,Ineficiente
111.2,False,6,Departamento,3,Eficiente
186.0,True,12,Casa,6,Moderado
154.3,False,11,Departamento,4,Eficiente
137.7,False,6,Casa,2,Eficiente
268.7,False,15,Casa,8,Moderado
184.4,False,11,Departamento,4,Eficiente
301.4,True,13,Casa,10,Ineficiente
136.3,False,6,Departamento,4,Moderado
485.2,True,21,Casa,11,Ineficiente
89.7,False,2,Casa,1,Eficiente
102.6,False,5,Casa,4,Eficiente
362.8,False,14,Departamento,9,Ineficiente
243.6,False,11,Casa,7,Ineficiente
200.8,False,8,Departamento,6,Moderado
206.6,True,13,Departamento,8,Moderado
253.7,False,12,Casa,5,Moderado
226.4,False,15,Casa,6,Eficiente
132.0,False,5,Casa,4,Moderado
281.4,False,15,Casa,5,Moderado
229.3,True,13,Departamento,9,Ineficiente
363.7,False,13,Casa,8,Ineficiente
415.1,False,17,Casa,9,Ineficiente
200.9,True,12,Departamento,6,Moderado
103.9,False,6,Departamento,2,Eficiente
420.9,False,15,Casa,6,Ineficiente
114.8,False,3,Departamento,1,Eficiente
226.6,False,14,Casa,7,Moderado
158.0,False,10,Departamento,3,Eficiente
165.3,False,7,Casa,3,Moderado
278.8,False,12,Casa,8,Moderado
223.4,False,12,Casa,6,Moderado
214.9,True,10,Departamento,9,Ineficiente
123.3,False,6,Departamento,2,Eficiente
182.7,False,8,Casa,4,Moderado
127.0,False,7,Departamento,2,Eficiente
161.9,False,8,Departamento,5,Eficiente
189.9,False,12,Casa,5,Eficiente
376.9,False,12,Departamento,9,Ineficiente
178.8,False,6,Casa,5,Moderado
71.2,False,5,Departamento,1,Eficiente
355.5,False,15,Casa,7,Ineficiente
237.4,False,10,Casa,4,Moderado
190.1,True,10,Casa,7,Ineficiente
167.8,False,9,Casa,5,Eficiente
447.0,True,18,Casa,10,Ineficiente
207.3,False,12,Casa,4,Eficiente
96.8,False,4,Casa,3,Moderado
199.7,True,13,Departamento,8,Moderado
293.0,False,15,Departamento,7,Moderado
215.3,True,12,Casa,8,Ineficiente
138.0,False,8,Casa,1,Eficiente
131.8,False,7,Casa,3,Eficiente
117.9,False,3,Departamento,3,Moderado
333.5,False,16,Departamento,6,Ineficiente
170.8,False,9,Departamento,5,Eficiente
84.5,True,2,Departamento,4,Ineficiente
232.5,False,12,Casa,6,Moderado
184.3,False,7,Departamento,5,Moderado
165.3,False,3,Casa,5,Eficiente
129.0,False,5,Casa,2,Eficiente
128.5,False,6,Casa,3,Eficiente
315.1,True,13,Casa,12,Ineficiente
189.8,False,13,Departamento,7,Moderado
244.0,False,11,Casa,7,Moderado
193.8,False,12,Departamento,6,Eficiente
201.3,False,12,Departamento,4,Eficiente
142.3,False,10,Departamento,3,Eficiente
159.6,False,9,Departamento,4,Eficiente
322.7,True,13,Casa,9,Ineficiente
365.1,False,18,Casa,6,Moderado
117.7,False,8,Casa,4,Eficiente
182.9,False,6,Casa,2,Moderado
251.2,False,15,Departamento,8,Moderado
438.8,True,18,Casa,11,Ineficiente
427.5,False,16,Casa,11,Ineficiente
142.5,False,2,Casa,3,Moderado
341.0,False,15,Casa,7,Ineficiente
177.9,False,8,Departamento,5,Moderado
308.7,False,18,Casa,8,Moderado
242.3,False,13,Departamento,6,Moderado
102.2,False,3,Departamento,1,Eficiente
221.8,True,11,Departamento,9,Ineficiente
306.5,False,16,Casa,7,Ineficiente
170.9,False,9,Departamento,3,Eficiente
103.8,False,5,Casa,5,Eficiente
235.3,True,12,Departamento,9,Ineficiente
189.1,False,5,Departamento,6,Ineficiente
137.3,False,7,Casa,3,Eficiente
152.5,False,8,Departamento,5,Eficiente
215.1,True,12,Casa,6,Ineficiente
137.6,False,5,Departamento,4,Moderado
173.9,False,9,Departamento,5,Eficiente
94.9,False,5,Casa,1,Ineficiente
303.5,True,14,Departamento,9,Ineficiente
174.9,False,11,Departamento,4,Eficiente
109.5,False,2,Departamento,2,Moderado
61.8,False,3,Departamento,1,Eficiente
270.3,False,14,Departamento,5,Moderado
256.4,False,16,Casa,8,Moderado
188.1,False,8,Departamento,7,Moderado
286.1,False,13,Casa,6,Ineficiente
251.9,True,11,Departamento,10,Moderado
216.9,False,11,Casa,6,Moderado
179.2,True,10,Casa,7,Moderado
144.7,False,3,Departamento,2,Moderado
238.6,False,12,Casa,6,Moderado
364.7,False,17,Casa,8,Ineficiente
165.1,False,8,Departamento,3,Ineficiente
373.5,False,16,Casa,7,Ineficiente
235.8,False,10,Casa,6,Moderado
238.0,False,13,Casa,2,Eficiente
557.0,True,17,Casa,10,Ineficiente
399.6,True,16,Casa,11,Ineficiente
400.4,False,17,Casa,8,Ineficiente
141.5,False,6,Casa,5,Moderado
501.2,False,16,Casa,7,Ineficiente
189.9,False,8,Casa,7,Ineficiente
158.9,False,10,Departamento,3,Moderado
70.8,False,2,Departamento,2,Eficiente
225.5,False,13,Casa,6,Moderado
128.7,False,9,Casa,3,Eficiente
203.1,False,13,Departamento,5,Eficiente
106.7,False,5,Departamento,2,Eficiente
427.4,False,17,Casa,7,Ineficiente
255.0,True,13,Casa,8,Ineficiente
520.1,False,15,Casa,5,Ineficiente
112.1,False,4,Departamento,4,Moderado
333.0,False,17,Departamento,6,Moderado
81.6,False,4,Departamento,2,Eficiente
215.9,False,13,Casa,4,Eficiente
154.1,False,10,Casa,5,Eficiente
165.2,False,8,Casa,4,Eficiente
160.5,False,8,Casa,1,Eficiente
134.7,False,3,Casa,4,Moderado
102.1,False,8,Departamento,2,Eficiente
165.8,False,8,Casa,4,Eficiente
185.4,False,11,Departamento,6,Eficiente
325.4,False,15,Casa,6,Ineficiente
225.7,False,12,Casa,6,Moderado
283.6,True,14,Departamento,8,Ineficiente
92.0,False,2,Departamento,3,Moderado
169.1,False,4,Casa,4,Moderado
232.4,False,15,Departamento,6,Eficiente
232.8,False,14,Casa,5,Eficiente
139.0,True,5,Casa,6,Ineficiente
293.2,False,16,Casa,8,Moderado
160.7,True,9,Casa,5,Moderado
127.0,False,4,Departamento,3,Ineficiente
244.6,True,14,Casa,9,Ineficiente
175.3,False,11,Departamento,7,Eficiente
138.4,False,4,Departamento,4,Moderado
158.0,False,9,Casa,4,Eficiente
128.2,False,6,Casa,3,Eficiente
170.7,False,12,Casa,4,Eficiente
277.5,True,15,Departamento,10,Ineficiente
192.5,False,10,Departamento,4,Eficiente
251.9,False,17,Casa,5,Ineficiente
156.4,False,7,Casa,5,Moderado
99.1,False,5,Casa,4,Eficiente
137.0,False,6,Casa,4,Eficiente
131.1,False,8,Departamento,4,Eficiente
147.7,False,9,Casa,4,Eficiente
306.3,False,15,Casa,7,Moderado
302.0,False,14,Casa,6,Eficiente
512.1,False,16,Casa,8,Ineficiente
126.2,False,2,Departamento,3,Moderado
387.5,True,17,Casa,11,Ineficiente
338.9,False,16,Departamento,7,Ineficiente
157.4,True,6,Departamento,6,Ineficiente
212.3,False,8,Departamento,6,Ineficiente
292.5,False,15,Departamento,8,Ineficiente
169.5,False,9,Departamento,6,Eficiente
166.7,False,9,Departamento,3,Eficiente
153.4,True,6,Casa,7,Ineficiente
73.9,False,4,Casa,2,Eficiente
177.4,False,9,Departamento,5,Eficiente
148.0,False,8,Casa,5,Eficiente
128.3,False,4,Casa,1,Eficiente
205.6,True,13,Departamento,9,Moderado
108.5,False,7,Casa,2,Eficiente
280.0,False,15,Casa,6,Moderado
209.6,False,12,Departamento,5,Eficiente
171.0,False,10,Casa,3,Eficiente
167.9,False,7,Departamento,5,Moderado
121.9,False,4,Casa,2,Eficiente
236.3,False,13,Departamento,8,Moderado
188.2,False,14,Departamento,6,Eficiente
220.9,False,10,Casa,6,Ineficiente
248.0,False,16,Casa,4,Eficiente
152.4,False,7,Casa,2,Eficiente
103.9,False,4,Casa,2,Eficiente
296.1,False,17,Casa,7,Moderado
232.0,False,16,Departamento,7,Eficiente
158.0,False,8,Casa,1,Eficiente
209.6,False,14,Departamento,5,Eficiente
333.4,True,14,Casa,10,Ineficiente
284.0,False,14,Departamento,7,Ineficiente
157.7,False,5,Casa,3,Moderado
106.5,False,3,Casa,1,Eficiente
98.4,False,5,Departamento,4,Eficiente
176.8,False,10,Casa,4,Eficiente
320.2,False,19,Departamento,9,Moderado
148.9,False,11,Casa,5,Eficiente
155.6,False,7,Casa,6,Moderado
155.6,False,6,Casa,4,Moderado
137.9,False,8,Departamento,3,Eficiente
195.7,False,13,Casa,5,Eficiente
117.7,False,6,Casa,5,Eficiente
312.0,True,17,Casa,9,Ineficiente
187.8,False,11,Casa,6,Eficiente
556.9,False,15,Casa,9,Ineficiente
105.3,False,2,Departamento,2,Eficiente
395.5,True,16,Casa,9,Moderado
315.8,True,15,Departamento,11,Ineficiente
167.5,False,9,Casa,4,Eficiente
171.8,False,9,Casa,4,Eficiente
137.8,False,3,Casa,2,Moderado
136.2,False,2,Casa,4,Moderado
202.8,False,12,Casa,5,Eficiente
203.3,False,10,Casa,6,Moderado
103.2,False,4,Casa,6,Moderado
461.2,False,16,Departamento,9,Ineficiente
178.5,False,8,Casa,7,Moderado
207.9,False,10,Casa,5,Moderado
153.4,False,9,Casa,5,Eficiente
176.9,False,9,Casa,6,Moderado
148.3,False,8,Departamento,5,Eficiente
197.6,False,12,Casa,7,Eficiente
172.9,False,9,Departamento,5,Eficiente
280.3,True,16,Casa,10,Ineficiente
219.6,False,12,Casa,5,Eficiente
236.6,False,15,Departamento,8,Moderado
200.7,False,12,Casa,4,Ineficiente
191.7,False,12,Departamento,7,Eficiente
177.6,False,8,Casa,6,Moderado
264.8,False,14,Departamento,8,Moderado
226.6,False,9,Casa,8,Ineficiente
186.8,False,12,Casa,6,Eficiente
162.7,False,7,Departamento,3,Eficiente
187.8,False,9,Casa,6,Moderado
204.2,False,9,Casa,3,Moderado
171.9,False,9,Departamento,4,Eficiente
139.6,False,6,Departamento,3,Eficiente
235.9,True,16,Departamento,9,Ineficiente
248.4,False,15,Departamento,5,Eficiente
367.1,False,15,Departamento,7,Ineficiente
136.6,False,3,Departamento,4,Moderado
229.6,True,8,Departamento,9,Ineficiente
91.0,False,2,Casa,2,Eficiente
280.3,False,12,Casa,10,Ineficiente
93.4,False,4,Departamento,2,Eficiente
116.8,False,5,Departamento,4,Eficiente
231.7,False,13,Casa,7,Moderado
152.4,False,6,Casa,3,Moderado
147.5,False,7,Casa,5,Eficiente
162.8,True,6,Casa,5,Ineficiente
234.0,False,13,Departamento,4,Eficiente
135.8,False,8,Casa,3,Eficiente
168.5,False,8,Departamento,4,Eficiente
148.4,False,8,Departamento,5,Eficiente
246.7,False,10,Departamento,5,Ineficiente
289.6,False,11,Casa,8,Ineficiente
80.4,True,4,Departamento,5,Moderado
272.1,False,16,Departamento,7,Moderado
133.4,False,5,Departamento,4,Moderado
219.8,True,16,Casa,8,Moderado
136.3,False,4,Casa,3,Moderado
205.7,False,10,Departamento,6,Moderado
581.3,True,17,Casa,10,Ineficiente
210.0,False,12,Casa,4,Eficiente
142.8,False,6,Departamento,3,Eficiente
159.7,False,6,Departamento,4,Moderado
106.8,False,5,Casa,2,Eficiente
370.4,False,16,Casa,7,Ineficiente
227.6,False,12,Casa,6,Moderado
112.9,False,6,Departamento,2,Ineficiente
114.5,False,4,Departamento,4,Moderado
199.1,True,11,Casa,8,Ineficiente
295.2,False,15,Casa,4,Moderado
124.7,False,4,Casa,1,Eficiente
322.8,False,14,Casa,4,Moderado
164.6,False,7,Departamento,4,Moderado
135.0,False,6,Casa,3,Eficiente
165.6,False,5,Casa,4,Moderado
418.7,True,18,Casa,11,Ineficiente
112.5,False,5,Casa,3,Eficiente
127.4,False,4,Departamento,2,Eficiente
259.6,True,17,Departamento,9,Ineficiente
190.3,False,10,Departamento,4,Eficiente
144.1,False,4,Casa,2,Moderado
258.2,False,17,Departamento,8,Moderado
305.0,False,18,Casa,8,Moderado
202.9,False,9,Departamento,7,Moderado
135.2,False,5,Departamento,2,Eficiente
166.8,False,8,Casa,2,Eficiente
195.3,False,7,Departamento,4,Moderado
115.1,False,5,Casa,3,Eficiente
298.8,False,16,Departamento,8,Moderado
401.5,True,18,Casa,10,Ineficiente
180.3,False,9,Casa,5,Moderado
231.8,False,14,Casa,7,Moderado
328.1,True,14,Casa,9,Ineficiente
446.9,False,20,Casa,9,Ineficiente
387.6,True,15,Casa,12,Ineficiente
83.7,False,2,Departamento,1,Eficiente
249.6,False,12,Casa,5,Moderado
139.0,False,6,Departamento,2,Eficiente
361.8,False,16,Departamento,8,Ineficiente
392.7,False,17,Casa,6,Ineficiente
141.7,False,5,Casa,3,Moderado
125.7,False,3,Departamento,3,Moderado
185.7,False,11,Casa,6,Eficiente
159.0,False,9,Departamento,3,Eficiente
302.0,False,15,Casa,7,Ineficiente
136.4,False,5,Casa,6,Moderado
58.8,True,4,Departamento,3,Eficiente
88.7,False,2,Departamento,2,Eficiente
111.1,False,5,Departamento,3,Eficiente
149.3,False,7,Casa,3,Eficiente
219.4,False,17,Casa,7,Eficiente
126.8,False,3,Casa,1,Eficiente
120.0,False,2,Casa,1,Ineficiente
136.4,False,5,Casa,4,Moderado
126.6,False,2,Casa,2,Moderado
156.9,False,6,Casa,3,Moderado
136.5,False,4,Departamento,4,Moderado
270.1,False,13,Casa,8,Ineficiente
131.7,False,4,Casa,2,Moderado
151.5,False,9,Departamento,4,Eficiente
156.4,False,7,Casa,4,Moderado
247.2,False,15,Departamento,7,Moderado
189.6,False,10,Casa,5,Eficiente
314.4,False,17,Casa,5,Moderado
106.3,False,4,Departamento,2,Eficiente
172.4,False,12,Departamento,2,Eficiente
135.2,False,7,Departamento,4,Eficiente
105.2,False,3,Departamento,3,Moderado
194.0,False,12,Casa,4,Eficiente
357.0,False,16,Departamento,7,Ineficiente
123.0,False,5,Departamento,2,Moderado
164.7,False,8,Departamento,6,Moderado
115.0,False,6,Casa,1,Moderado
109.9,False,2,Casa,2,Moderado
124.5,False,5,Departamento,1,Eficiente
165.2,True,10,Casa,7,Moderado
168.6,False,9,Casa,6,Eficiente
181.5,False,8,Casa,2,Eficiente
99.0,False,2,Casa,3,Eficiente
154.4,False,10,Casa,6,Eficiente
114.7,False,7,Casa,2,Eficiente
173.0,False,10,Casa,4,Eficiente
199.6,False,9,Departamento,5,Moderado
142.4,True,2,Casa,8,Ineficiente
230.7,False,12,Casa,7,Moderado
106.8,False,4,Casa,4,Moderado
289.6,False,16,Casa,10,Moderado
204.6,True,9,Departamento,9,Ineficiente
177.6,False,10,Departamento,5,Eficiente
319.3,True,16,Casa,9,Ineficiente
176.6,False,11,Casa,7,Eficiente
155.5,False,7,Casa,3,Eficiente
352.1,False,17,Casa,7,Ineficiente
436.7,True,17,Casa,9,Ineficiente
147.9,False,8,Casa,1,Eficiente
189.8,False,9,Casa,4,Ineficiente
267.4,False,9,Departamento,6,Ineficiente
194.4,False,10,Casa,4,Eficiente
252.4,False,13,Casa,7,Moderado
276.3,False,12,Casa,7,Ineficiente
160.2,False,5,Casa,5,Moderado
238.0,False,12,Casa,6,Moderado
199.1,True,11,Casa,8,Eficiente
120.5,False,5,Casa,3,Eficiente
133.5,False,2,Casa,6,Moderado
132.1,False,3,Departamento,3,Moderado
255.9,False,16,Departamento,8,Eficiente
302.9,False,15,Casa,6,Moderado
277.1,False,14,Casa,7,Moderado
210.3,False,9,Departamento,8,Ineficiente
206.4,False,11,Departamento,6,Moderado
226.5,False,12,Casa,4,Eficiente
234.8,False,12,Casa,5,Moderado
243.4,False,11,Casa,8,Ineficiente
96.3,False,2,Departamento,2,Eficiente
144.6,False,10,Casa,3,Eficiente
128.6,False,5,Casa,2,Eficiente
317.8,False,17,Casa,7,Moderado
399.4,True,16,Casa,11,Ineficiente
79.1,False,3,Casa,1,Eficiente
340.6,False,15,Departamento,7,Ineficiente
208.3,False,14,Casa,6,Eficiente
305.1,True,16,Casa,8,Ineficiente
246.9,False,12,Casa,5,Moderado
318.6,False,15,Departamento,7,Ineficiente
217.4,False,14,Casa,6,Eficiente
112.7,False,2,Casa,2,Moderado
190.9,False,11,Casa,6,Moderado
213.8,False,13,Departamento,6,Eficiente
158.7,False,6,Departamento,2,Moderado
229.0,False,13,Departamento,7,Moderado
166.4,True,9,Departamento,6,Moderado
155.4,False,5,Casa,5,Moderado
125.4,False,7,Casa,6,Eficiente
167.8,True,9,Casa,6,Moderado
187.7,False,10,Departamento,4,Eficiente
77.5,False,3,Departamento,4,Eficiente
141.7,False,8,Casa,3,Ineficiente
75.8,False,7,Departamento,4,Eficiente
155.5,False,9,Casa,3,Eficiente
325.0,True,17,Casa,9,Ineficiente
122.9,False,6,Casa,6,Eficiente
233.4,False,16,Departamento,7,Eficiente
582.4,False,14,Departamento,10,Ineficiente
371.2,False,13,Casa,8,Ineficiente
186.2,False,10,Departamento,5,Eficiente
245.4,True,14,Departamento,5,Moderado
99.0,False,2,Departamento,4,Moderado
89.6,False,4,Departamento,3,Eficiente
203.3,False,11,Casa,5,Eficiente
206.7,False,13,Departamento,6,Eficiente
275.1,False,15,Departamento,7,Moderado
136.8,False,3,Departamento,2,Moderado
216.5,False,10,Casa,6,Moderado
186.0,False,8,Departamento,5,Moderado
167.1,False,10,Departamento,5,Eficiente
193.6,False,11,Casa,5,Eficiente
121.0,False,4,Departamento,2,Eficiente
223.9,False,12,Casa,5,Moderado
216.1,False,10,Casa,5,Moderado
165.9,True,12,Casa,6,Moderado
229.8,False,14,Departamento,7,Ineficiente
271.8,False,16,Departamento,6,Moderado
267.0,False,17,Casa,5,Moderado
112.9,False,6,Departamento,4,Eficiente
208.1,False,11,Casa,5,Moderado
136.3,False,6,Casa,4,Eficiente
182.7,False,12,Departamento,5,Eficiente
118.8,False,5,Departamento,2,Eficiente
301.9,False,14,Departamento,5,Moderado
241.4,False,17,Departamento,5,Eficiente
282.4,True,13,Departamento,8,Ineficiente
310.9,True,12,Casa,10,Ineficiente
178.2,False,11,Casa,5,Eficiente
168.6,True,7,Casa,5,Ineficiente
358.3,False,17,Departamento,4,Eficiente
162.3,False,11,Departamento,5,Eficiente
98.3,False,2,Departamento,3,Moderado
304.4,False,15,Casa,8,Ineficiente
212.3,False,14,Casa,5,Eficiente
327.0,False,17,Departamento,9,Ineficiente
192.4,False,10,Departamento,6,Moderado
197.9,False,15,Casa,6,Eficiente
376.0,False,16,Casa,7,Moderado
104.6,False,5,Casa,2,Eficiente
158.6,False,11,Casa,6,Eficiente
139.7,False,8,Casa,5,Eficiente
79.2,False,6,Casa,2,Eficiente
252.3,False,12,Departamento,7,Ineficiente
160.0,False,10,Casa,1,Eficiente
296.7,True,15,Casa,11,Ineficiente
231.5,False,11,Casa,7,Moderado
224.2,False,13,Departamento,6,Moderado
165.9,False,9,Casa,4,Eficiente
147.1,False,10,Casa,4,Eficiente
208.6,False,12,Casa,7,Moderado
256.0,False,12,Departamento,7,Moderado
171.2,False,7,Departamento,8,Ineficiente
121.4,True,3,Casa,4,Ineficiente
220.4,False,11,Casa,5,Moderado
139.9,False,6,Departamento,3,Eficiente
166.0,False,8,Departamento,5,Moderado
179.2,True,11,Casa,8,Moderado
164.4,True,7,Casa,8,Ineficiente
198.5,False,6,Departamento,5,Ineficiente
221.4,False,9,Departamento,6,Ineficiente
451.7,False,17,Casa,9,Ineficiente
274.8,False,13,Casa,9,Ineficiente
386.8,False,14,Casa,6,Ineficiente
124.4,True,9,Departamento,6,Eficiente
88.0,False,5,Departamento,1,Eficiente
251.6,False,14,Departamento,5,Moderado
270.6,False,14,Casa,6,Eficiente
332.5,True,13,Casa,8,Ineficiente
68.7,False,5,Casa,1,Eficiente
298.8,False,16,Departamento,6,Moderado
199.5,False,7,Departamento,6,Ineficiente
104.1,False,5,Casa,3,Eficiente
270.5,False,15,Casa,5,Moderado
188.4,False,9,Departamento,8,Moderado
207.2,False,15,Departamento,5,Moderado
264.3,True,18,Departamento,7,Moderado
239.5,False,12,Casa,7,Moderado
165.8,False,8,Departamento,3,Eficiente
88.1,True,2,Departamento,5,Moderado
231.9,False,11,Departamento,5,Moderado
310.1,True,16,Departamento,9,Eficiente
103.1,False,8,Departamento,4,Moderado
132.8,False,9,Departamento,3,Eficiente
135.7,False,8,Casa,4,Eficiente
163.5,False,4,Casa,4,Moderado
206.3,False,8,Departamento,6,Ineficiente
144.1,False,9,Departamento,3,Eficiente
266.0,False,17,Casa,6,Eficiente
312.3,False,16,Casa,7,Moderado
276.0,True,14,Departamento,8,Ineficiente
108.3,False,7,Departamento,4,Eficiente
310.9,False,17,Departamento,8,Moderado
374.4,False,18,Casa,5,Moderado
338.9,False,12,Departamento,10,Ineficiente
162.4,True,9,Departamento,7,Moderado
147.9,False,10,Casa,5,Eficiente
132.0,False,7,Casa,3,Eficiente
107.7,False,6,Departamento,1,Eficiente
199.1,True,11,Casa,6,Eficiente
251.3,False,14,Departamento,9,Moderado
303.7,False,18,Departamento,5,Moderado
139.5,False,5,Departamento,2,Eficiente
194.9,True,9,Casa,7,Ineficiente
163.8,False,7,Departamento,3,Eficiente
152.8,False,7,Casa,4,Eficiente
233.1,True,10,Departamento,9,Ineficiente
235.5,False,14,Casa,7,Moderado
186.2,False,10,Departamento,4,Eficiente
201.9,False,12,Departamento,6,Ineficiente
258.5,False,10,Casa,9,Ineficiente
261.6,False,15,Casa,5,Moderado
123.8,False,8,Departamento,4,Eficiente
290.9,False,16,Casa,8,Moderado
222.2,True,12,Casa,8,Ineficiente
167.4,False,10,Casa,5,Eficiente
194.8,True,13,Departamento,8,Moderado
202.1,False,12,Departamento,4,Eficiente
314.4,False,16,Casa,5,Moderado
347.3,False,17,Casa,6,Moderado
198.5,False,9,Casa,4,Moderado
160.1,True,10,Casa,5,Eficiente
159.1,False,8,Casa,4,Eficiente
130.9,False,6,Casa,3,Eficiente
82.4,True,4,Departamento,3,Eficiente
265.0,False,16,Casa,8,Moderado
399.2,False,20,Departamento,7,Ineficiente
100.4,False,4,Casa,1,Eficiente
133.8,False,9,Casa,4,Eficiente
271.6,False,15,Casa,7,Ineficiente
170.7,False,11,Departamento,4,Eficiente
246.7,False,14,Departamento,7,Ineficiente
193.8,False,10,Casa,5,Moderado
156.0,False,11,Casa,5,Eficiente
181.3,False,8,Casa,3,Moderado
64.7,False,2,Departamento,4,Moderado
121.6,False,3,Casa,2,Moderado
261.3,False,16,Departamento,5,Eficiente
328.4,False,18,Casa,6,Moderado
366.1,False,17,Casa,7,Ineficiente
212.5,False,10,Departamento,5,Eficiente
76.8,False,3,Casa,1,Eficiente
153.1,False,7,Casa,5,Moderado
303.1,False,13,Departamento,6,Moderado
397.2,True,16,Casa,7,Ineficiente
348.4,False,17,Casa,7,Ineficiente
183.7,False,9,Casa,7,Moderado
117.2,False,5,Casa,2,Eficiente
170.8,False,6,Departamento,3,Moderado
201.1,False,14,Casa,5,Eficiente
339.7,False,15,Departamento,9,Ineficiente
194.3,False,12,Departamento,5,Eficiente
175.0,False,9,Departamento,3,Eficiente
179.2,False,10,Departamento,5,Eficiente
205.5,False,9,Departamento,6,Moderado
226.0,False,11,Departamento,7,Moderado
148.2,False,6,Casa,2,Eficiente
128.0,False,6,Casa,2,Eficiente
309.0,True,18,Departamento,11,Ineficiente
98.7,False,5,Casa,3,Eficiente
350.2,False,14,Departamento,9,Ineficiente
89.5,True,4,Casa,4,Moderado
136.8,False,6,Departamento,5,Moderado
295.7,False,14,Casa,7,Ineficiente
174.9,False,9,Departamento,4,Eficiente
116.7,False,6,Casa,4,Ineficiente
236.9,False,12,Casa,5,Moderado
178.2,False,9,Departamento,7,Moderado
158.6,False,10,Departamento,5,Eficiente
133.9,False,7,Departamento,3,Moderado
172.3,False,11,Departamento,4,Eficiente
155.0,False,10,Casa,4,Eficiente
483.7,False,14,Departamento,8,Ineficiente
180.0,False,10,Casa,6,Eficiente
170.6,True,8,Casa,6,Moderado
160.6,False,6,Casa,2,Moderado
417.8,True,15,Casa,9,Ineficiente
88.7,False,3,Departamento,3,Eficiente
201.5,True,10,Departamento,9,Ineficiente
180.8,False,8,Casa,5,Moderado
94.7,True,4,Departamento,4,Moderado
139.4,False,11,Casa,3,Eficiente
229.5,False,9,Casa,5,Ineficiente
119.9,False,7,Departamento,1,Eficiente
222.0,False,12,Casa,5,Moderado
418.1,False,16,Casa,8,Ineficiente
187.8,False,6,Departamento,5,Moderado
108.3,False,6,Casa,2,Eficiente
138.6,False,4,Casa,5,Moderado
173.8,True,12,Casa,6,Eficiente
183.8,False,7,Departamento,5,Moderado
195.1,True,13,Departamento,6,Moderado
409.7,False,17,Casa,7,Ineficiente
196.3,False,7,Casa,7,Ineficiente
121.2,False,3,Casa,2,Moderado
277.8,False,15,Departamento,6,Moderado
342.6,True,17,Casa,10,Ineficiente
194.1,False,8,Departamento,5,Moderado
182.9,False,10,Casa,3,Eficiente
222.2,False,14,Departamento,8,Moderado
185.6,False,12,Casa,4,Eficiente
83.4,False,3,Casa,2,Eficiente
252.9,False,14,Casa,7,Moderado
256.1,False,16,Departamento,9,Moderado
320.3,True,17,Departamento,9,Ineficiente
146.9,False,8,Casa,3,Eficiente
219.2,False,12,Casa,6,Moderado
224.4,False,12,Casa,8,Moderado
203.8,True,12,Casa,8,Ineficiente
181.8,False,8,Departamento,4,Moderado
176.3,False,11,Departamento,5,Eficiente
190.2,False,7,Departamento,3,Moderado
276.9,False,13,Casa,6,Moderado
332.3,False,16,Casa,5,Moderado
124.5,True,6,Departamento,5,Moderado
188.1,False,11,Casa,4,Eficiente
144.4,False,9,Departamento,1,Eficiente
157.4,False,8,Casa,4,Eficiente
101.2,False,3,Casa,3,Eficiente
175.8,False,9,Departamento,4,Eficiente
247.4,True,13,Casa,7,Ineficiente
161.3,False,9,Departamento,6,Eficiente
197.3,False,9,Casa,8,Ineficiente
238.0,False,13,Casa,7,Moderado
355.6,True,19,Casa,9,Ineficiente
168.4,False,9,Casa,4,Eficiente
122.8,False,3,Casa,3,Moderado
189.3,False,9,Casa,5,Moderado
383.8,True,12,Departamento,10,Ineficiente
106.7,False,4,Departamento,3,Eficiente
262.7,False,17,Casa,6,Moderado
319.7,False,13,Casa,6,Ineficiente
73.3,False,2,Casa,2,Eficiente
205.8,True,10,Departamento,8,Ineficiente
223.6,False,14,Departamento,4,Eficiente
180.2,False,12,Casa,4,Eficiente
154.6,False,8,Casa,4,Eficiente
155.3,False,5,Casa,3,Moderado
176.2,False,9,Casa,6,Moderado
178.7,False,13,Casa,6,Eficiente
140.1,False,6,Departamento,4,Moderado
175.0,False,9,Casa,7,Moderado
332.4,False,16,Casa,8,Ineficiente
120.0,False,2,Casa,3,Moderado
82.1,False,5,Departamento,2,Eficiente
328.8,True,17,Casa,9,Ineficiente
183.9,False,6,Casa,5,Moderado
169.6,False,6,Casa,4,Moderado
168.0,False,7,Departamento,3,Moderado
216.3,False,13,Casa,5,Eficiente
139.6,False,5,Departamento,5,Moderado
244.7,False,14,Casa,3,Eficiente
133.2,False,6,Casa,5,Moderado
153.0,False,7,Departamento,5,Moderado
68.6,False,4,Departamento,2,Eficiente
330.9,False,16,Casa,8,Ineficiente
160.9,False,8,Departamento,5,Eficiente
260.5,False,14,Casa,7,Moderado
243.2,True,14,Casa,9,Eficiente
219.2,False,12,Departamento,7,Moderado
174.3,False,8,Departamento,5,Moderado
234.3,False,16,Casa,5,Eficiente
115.9,False,4,Departamento,3,Eficiente
122.2,False,8,Casa,1,Ineficiente
191.3,False,9,Casa,6,Moderado
131.4,False,7,Departamento,3,Eficiente
368.0,False,19,Casa,7,Eficiente
203.1,False,10,Departamento,6,Moderado
128.2,False,4,Departamento,2,Eficiente
154.8,False,7,Departamento,4,Eficiente
211.1,False,11,Casa,5,Moderado
168.4,False,9,Departamento,4,Eficiente
196.0,False,10,Departamento,6,Moderado
177.2,False,8,Departamento,7,Moderado
112.4,False,8,Casa,3,Eficiente
80.2,False,3,Casa,4,Eficiente
172.9,False,8,Casa,6,Moderado
250.4,False,15,Casa,7,Moderado
171.0,False,10,Casa,2,Eficiente
296.8,False,17,Departamento,7,Moderado
171.4,False,12,Departamento,3,Eficiente
356.4,True,17,Casa,13,Ineficiente
321.0,True,15,Casa,8,Ineficiente
270.6,False,11,Departamento,5,Ineficiente
120.3,False,3,Casa,1,Eficiente
334.1,True,14,Casa,10,Ineficiente
222.1,False,9,Casa,7,Ineficiente
252.3,False,14,Casa,5,Moderado
97.1,False,5,Departamento,4,Moderado
446.9,False,16,Casa,8,Ineficiente
124.8,False,7,Departamento,2,Eficiente
86.5,False,5,Casa,2,Eficiente
171.8,False,11,Casa,6,Eficiente
61.6,False,7,Departamento,2,Eficiente
124.6,False,10,Casa,2,Eficiente
583.0,False,18,Casa,8,Ineficiente
169.7,False,8,Casa,5,Ineficiente
93.9,False,4,Departamento,2,Eficiente
202.0,False,14,Casa,7,Eficiente
136.9,False,5,Casa,1,Eficiente
253.1,False,16,Departamento,7,Moderado
120.7,False,5,Departamento,4,Eficiente
194.6,False,11,Departamento,3,Eficiente
107.3,False,3,Departamento,1,Eficiente
524.4,False,15,Departamento,9,Ineficiente
249.0,False,13,Casa,8,Moderado
190.3,False,12,Casa,7,Eficiente
153.4,False,6,Departamento,3,Moderado
137.7,False,9,Departamento,4,Eficiente
127.9,False,4,Departamento,3,Moderado
126.0,False,3,Departamento,1,Eficiente
400.8,False,17,Casa,8,Ineficiente
159.3,False,9,Casa,4,Eficiente
71.7,False,3,Departamento,3,Eficiente
122.3,False,5,Casa,2,Eficiente
260.7,True,17,Departamento,10,Ineficiente
156.3,False,8,Departamento,4,Eficiente
188.5,True,9,Casa,9,Ineficiente
284.0,False,13,Departamento,8,Ineficiente
127.4,False,8,Departamento,3,Eficiente
226.3,False,12,Departamento,5,Moderado
153.2,False,7,Casa,2,Eficiente
219.3,True,14,Departamento,10,Ineficiente
167.9,False,12,Casa,5,Eficiente
180.3,False,10,Casa,4,Eficiente
281.4,False,14,Casa,6,Moderado
241.0,True,13,Departamento,9,Ineficiente
160.8,False,7,Departamento,3,Eficiente
163.7,False,8,Casa,4,Eficiente
345.6,False,15,Departamento,8,Ineficiente
257.3,False,15,Casa,7,Moderado
147.0,False,7,Departamento,3,Eficiente
151.3,False,10,Casa,6,Eficiente
210.9,True,11,Casa,7,Ineficiente
162.2,False,10,Departamento,3,Eficiente
209.5,False,11,Casa,6,Ineficiente
200.5,False,11,Departamento,5,Eficiente
169.2,False,9,Departamento,4,Eficiente
328.4,False,18,Casa,8,Moderado
340.9,True,16,Casa,10,Ineficiente
220.7,False,14,Departamento,7,Eficiente
309.9,False,15,Departamento,7,Ineficiente
200.3,True,13,Casa,5,Moderado
266.7,True,14,Casa,10,Ineficiente
302.0,False,17,Casa,6,Moderado
264.5,False,16,Departamento,7,Moderado
255.0,False,12,Departamento,6,Eficiente
262.8,False,14,Casa,9,Moderado
399.1,False,18,Departamento,10,Moderado
138.5,False,8,Departamento,3,Moderado
162.3,False,10,Departamento,3,Eficiente
171.0,False,11,Casa,5,Eficiente
86.7,False,2,Casa,2,Eficiente
357.9,False,13,Casa,6,Ineficiente
131.8,False,5,Casa,3,Eficiente
211.1,False,14,Casa,6,Eficiente
110.6,False,3,Casa,3,Moderado
224.9,True,10,Departamento,7,Ineficiente
142.3,False,3,Casa,3,Moderado
107.7,False,6,Departamento,2,Eficiente
218.0,False,9,Casa,6,Ineficiente
128.3,True,7,Departamento,5,Moderado
156.8,False,7,Casa,2,Eficiente
189.8,False,9,Departamento,5,Moderado
241.2,False,11,Departamento,6,Moderado
143.8,False,7,Casa,2,Eficiente
116.1,False,3,Departamento,2,Eficiente
201.9,False,11,Casa,7,Moderado
219.3,False,13,Departamento,7,Moderado
365.7,False,17,Casa,8,Ineficiente
128.5,False,7,Casa,2,Eficiente
173.3,False,9,Casa,3,Eficiente
284.7,False,13,Departamento,6,Ineficiente
453.1,True,18,Casa,10,Ineficiente
116.3,False,6,Departamento,3,Eficiente
146.3,True,6,Casa,5,Ineficiente
238.0,False,12,Casa,7,Moderado
158.1,False,12,Casa,4,Eficiente
125.3,False,3,Departamento,1,Eficiente
192.5,False,11,Departamento,5,Eficiente
382.7,True,18,Casa,11,Ineficiente
101.9,False,3,Departamento,3,Eficiente
374.1,True,16,Casa,10,Ineficiente
159.3,False,7,Casa,4,Moderado
233.1,True,13,Casa,8,Ineficiente
383.5,False,18,Casa,8,Ineficiente
227.1,True,12,Casa,8,Ineficiente
151.0,True,13,Departamento,5,Eficiente
267.8,False,13,Casa,8,Ineficiente
164.2,False,11,Departamento,6,Eficiente
213.0,False,13,Departamento,5,Eficiente
158.0,False,8,Departamento,3,Eficiente
252.7,False,16,Departamento,5,Eficiente
98.0,False,2,Departamento,3,Moderado
130.4,False,6,Casa,4,Eficiente
110.3,False,3,Casa,3,Moderado
195.2,True,10,Casa,8,Ineficiente
92.3,False,3,Departamento,2,Eficiente
149.3,False,5,Casa,1,Eficiente
110.6,False,2,Departamento,2,Moderado
322.6,True,16,Departamento,11,Ineficiente
133.8,False,6,Casa,4,Eficiente
102.5,False,4,Departamento,3,Eficiente
218.2,False,13,Casa,7,Moderado
405.4,False,17,Casa,7,Ineficiente
168.1,False,8,Departamento,5,Moderado
196.4,False,16,Casa,6,Eficiente
343.8,False,18,Casa,6,Moderado
286.4,False,19,Casa,7,Moderado
236.8,False,12,Casa,8,Moderado
134.8,False,6,Departamento,3,Eficiente
208.8,True,9,Departamento,6,Ineficiente
112.4,False,4,Casa,3,Eficiente
154.6,False,6,Casa,3,Moderado
364.7,False,22,Casa,8,Moderado
299.4,False,14,Departamento,6,Ineficiente
206.9,False,11,Departamento,6,Ineficiente
90.2,False,2,Casa,4,Moderado
119.1,False,6,Casa,3,Eficiente
130.8,True,4,Departamento,3,Moderado
162.7,False,10,Departamento,5,Eficiente
117.7,False,2,Casa,3,Moderado
156.6,False,7,Departamento,4,Moderado
418.8,False,13,Casa,9,Ineficiente
240.0,True,12,Casa,8,Ineficiente
190.2,False,10,Departamento,5,Eficiente
131.0,False,5,Casa,2,Eficiente
100.4,False,3,Casa,3,Eficiente
103.7,False,6,Departamento,3,Eficiente
85.8,False,7,Departamento,2,Eficiente
206.0,True,12,Casa,8,Ineficiente
201.0,False,9,Departamento,4,Moderado
117.7,False,5,Departamento,3,Eficiente
185.1,False,9,Departamento,6,Moderado
321.6,True,17,Departamento,9,Ineficiente
389.4,True,17,Departamento,8,Ineficiente
273.4,False,11,Casa,5,Ineficiente
182.7,False,12,Casa,5,Eficiente
236.2,False,15,Departamento,8,Moderado
311.5,True,18,Departamento,9,Ineficiente
86.0,False,3,Casa,3,Eficiente
378.0,False,17,Casa,5,Ineficiente
136.1,False,4,Departamento,4,Moderado
161.5,False,8,Casa,3,Eficiente
170.6,False,9,Casa,4,Eficiente
200.0,False,10,Departamento,5,Moderado
108.9,False,5,Departamento,1,Eficiente
154.4,False,8,Departamento,8,Moderado
216.6,True,11,Departamento,7,Ineficiente
216.9,True,14,Casa,9,Ineficiente
203.9,False,11,Departamento,7,Moderado
172.9,False,9,Casa,5,Eficiente
266.8,True,11,Casa,7,Ineficiente
271.2,True,15,Departamento,9,Ineficiente
260.0,True,13,Departamento,6,Ineficiente
211.3,True,13,Departamento,7,Ineficiente
293.5,True,12,Casa,11,Ineficiente
252.9,False,14,Departamento,5,Moderado
526.6,False,13,Departamento,7,Ineficiente
287.2,False,16,Departamento,9,Moderado
138.3,False,7,Casa,2,Eficiente
155.5,False,6,Departamento,4,Moderado
151.4,False,5,Departamento,3,Moderado
217.5,False,11,Departamento,3,Eficiente
131.2,True,6,Departamento,4,Moderado
282.3,False,16,Departamento,9,Moderado
112.8,False,5,Casa,3,Eficiente
100.6,True,2,Casa,6,Ineficiente
165.8,False,12,Departamento,3,Eficiente
121.6,False,6,Departamento,3,Eficiente
103.1,False,3,Departamento,2,Eficiente
151.4,False,8,Casa,3,Eficiente
147.3,False,7,Casa,4,Eficiente
176.8,False,9,Departamento,3,Eficiente
134.7,False,5,Departamento,5,Moderado
157.9,False,9,Casa,5,Eficiente
174.5,False,12,Departamento,4,Eficiente
305.6,True,11,Casa,9,Ineficiente
369.8,True,18,Casa,9,Ineficiente
210.5,True,12,Casa,6,Moderado
219.2,False,12,Casa,5,Eficiente
187.3,False,12,Casa,5,Eficiente
215.5,True,7,Departamento,7,Ineficiente
208.0,False,13,Departamento,6,Eficiente
307.2,False,17,Departamento,8,Moderado
90.3,False,2,Casa,2,Eficiente
180.9,False,7,Casa,4,Moderado
231.6,True,16,Casa,9,Ineficiente
174.6,False,6,Departamento,5,Moderado
134.7,False,7,Casa,3,Eficiente
102.0,False,6,Departamento,1,Eficiente
240.1,False,14,Departamento,5,Eficiente
126.6,False,6,Departamento,4,Eficiente
96.1,False,3,Casa,4,Moderado
286.5,False,16,Casa,7,Moderado
245.2,False,12,Casa,5,Moderado
190.4,False,9,Casa,8,Moderado
118.3,False,5,Departamento,2,Eficiente
288.7,False,16,Departamento,7,Moderado
101.0,False,2,Casa,2,Eficiente
91.5,False,4,Departamento,4,Eficiente
133.5,False,7,Departamento,1,Eficiente
197.2,False,9,Casa,6,Moderado
141.0,False,4,Departamento,3,Moderado
264.9,True,13,Casa,8,Ineficiente
274.1,False,15,Departamento,6,Moderado
197.2,False,11,Departamento,5,Eficiente
220.2,False,10,Departamento,6,Moderado
194.8,False,11,Departamento,5,Eficiente
203.6,True,12,Casa,7,Moderado
101.1,False,4,Departamento,2,Eficiente
112.7,False,3,Departamento,5,Moderado
112.9,False,5,Casa,4,Eficiente
187.0,True,12,Casa,8,Moderado
194.1,False,11,Departamento,5,Eficiente
94.5,False,4,Departamento,3,Eficiente
205.8,False,14,Casa,6,Eficiente
121.5,False,5,Departamento,3,Eficiente
152.2,False,6,Casa,4,Moderado
123.7,False,6,Casa,5,Eficiente
227.8,False,10,Departamento,6,Moderado
159.4,False,7,Departamento,4,Moderado
242.8,False,14,Departamento,6,Moderado
165.7,False,10,Casa,4,Eficiente
146.3,False,4,Departamento,3,Moderado
384.0,True,16,Departamento,9,Ineficiente
87.2,False,3,Departamento,3,Eficiente
339.7,False,16,Casa,9,Ineficiente
342.8,False,16,Departamento,10,Ineficiente
173.7,False,11,Casa,5,Eficiente
315.5,False,18,Departamento,8,Moderado
152.7,True,11,Departamento,5,Eficiente
148.6,False,7,Casa,4,Eficiente
148.5,False,6,Departamento,5,Moderado
157.1,True,6,Casa,7,Ineficiente
135.0,False,5,Casa,5,Moderado
318.1,False,17,Casa,7,Moderado
146.6,False,8,Casa,3,Eficiente
173.9,False,10,Departamento,4,Eficiente
96.3,False,3,Departamento,1,Eficiente
176.3,False,8,Departamento,5,Moderado
122.5,False,9,Casa,4,Eficiente
122.8,False,4,Casa,4,Moderado
191.9,True,13,Casa,7,Ineficiente
274.4,False,15,Departamento,8,Moderado
243.5,False,11,Casa,6,Moderado
167.2,False,7,Departamento,1,Eficiente
153.3,False,8,Departamento,3,Eficiente
282.0,False,13,Casa,7,Ineficiente
159.6,True,11,Casa,6,Moderado
242.9,False,13,Departamento,6,Moderado
335.1,False,17,Casa,7,Ineficiente
131.1,False,9,Departamento,2,Eficiente
161.3,False,7,Casa,5,Moderado
107.7,True,4,Casa,6,Ineficiente
163.9,False,6,Casa,3,Moderado
350.4,True,16,Casa,9,Ineficiente
347.3,True,16,Casa,9,Ineficiente
144.8,False,11,Departamento,4,Eficiente
477.7,False,18,Casa,9,Ineficiente
130.1,True,5,Departamento,6,Ineficiente
165.1,False,9,Departamento,4,Ineficiente
135.0,False,3,Casa,5,Moderado
151.0,True,6,Casa,5,Ineficiente
300.2,False,13,Departamento,7,Ineficiente
215.5,False,12,Departamento,6,Moderado
272.0,False,14,Departamento,6,Moderado
116.7,False,7,Casa,3,Eficiente
260.5,True,14,Casa,8,Ineficiente
98.3,False,7,Departamento,3,Eficiente
192.3,False,5,Departamento,3,Moderado
219.1,False,12,Casa,6,Moderado
177.9,False,10,Departamento,3,Eficiente
272.5,False,14,Casa,6,Moderado
251.1,True,14,Departamento,9,Ineficiente
372.4,False,16,Casa,7,Ineficiente
105.4,False,5,Departamento,3,Eficiente
324.0,False,14,Departamento,8,Ineficiente
382.6,True,14,Departamento,7,Ineficiente
173.4,False,9,Casa,6,Moderado
86.2,False,2,Departamento,2,Eficiente
97.8,False,3,Departamento,2,Eficiente
165.5,False,10,Casa,4,Eficiente
465.8,False,20,Casa,5,Ineficiente
174.5,False,11,Departamento,5,Eficiente
153.8,False,9,Casa,5,Moderado
149.7,True,7,Casa,5,Moderado
114.5,False,7,Casa,2,Eficiente
292.9,False,15,Casa,7,Moderado
190.3,False,14,Casa,6,Eficiente
416.4,False,15,Departamento,9,Ineficiente
264.1,False,15,Casa,8,Moderado
245.9,False,11,Departamento,9,Ineficiente
183.2,False,11,Casa,6,Eficiente
126.4,False,2,Casa,4,Moderado
139.2,False,4,Casa,4,Moderado
254.6,False,14,Departamento,8,Moderado
168.5,False,9,Casa,3,Eficiente
299.7,False,19,Casa,8,Moderado
211.3,False,11,Casa,5,Moderado
173.8,False,10,Casa,5,Eficiente
106.2,False,5,Departamento,3,Eficiente
228.0,False,14,Casa,6,Eficiente
158.7,False,8,Departamento,4,Eficiente
256.3,False,16,Departamento,7,Moderado
147.4,False,5,Casa,4,Moderado
224.8,True,8,Departamento,6,Ineficiente
394.1,False,17,Casa,8,Ineficiente
196.7,False,7,Departamento,5,Moderado
276.8,False,17,Casa,7,Moderado
220.9,True,11,Departamento,7,Ineficiente
448.9,True,15,Casa,11,Ineficiente
236.4,False,18,Casa,6,Eficiente
229.6,False,12,Departamento,7,Moderado
196.9,True,10,Casa,6,Ineficiente
143.8,False,8,Casa,3,Eficiente
104.6,False,6,Departamento,2,Ineficiente
337.2,False,18,Casa,8,Moderado
112.9,False,2,Departamento,1,Eficiente
234.0,False,14,Departamento,4,Eficiente
206.3,False,11,Departamento,5,Eficiente
298.2,False,13,Casa,8,Ineficiente
160.8,False,8,Casa,3,Ineficiente
122.8,False,2,Departamento,3,Moderado
232.2,False,14,Casa,5,Eficiente
176.8,False,9,Casa,3,Eficiente
118.0,False,4,Casa,4,Moderado
446.6,False,16,Casa,9,Ineficiente
124.5,False,5,Departamento,3,Eficiente
114.6,False,7,Departamento,3,Eficiente
159.5,False,6,Departamento,4,Moderado
289.6,False,14,Departamento,6,Moderado
80.1,False,3,Casa,4,Eficiente
323.8,True,14,Casa,9,Ineficiente
136.1,False,6,Casa,4,Eficiente
191.2,False,9,Departamento,4,Moderado
151.2,False,5,Casa,4,Moderado
405.0,False,17,Departamento,9,Ineficiente
210.3,False,14,Casa,6,Eficiente
131.1,False,6,Departamento,4,Ineficiente
152.9,False,7,Departamento,5,Moderado
182.2,True,9,Departamento,8,Ineficiente
216.4,True,11,Casa,9,Ineficiente
210.9,True,14,Departamento,8,Moderado
198.0,False,11,Casa,6,Moderado
112.7,False,2,Casa,3,Moderado
171.5,False,11,Casa,6,Eficiente
256.8,True,15,Casa,8,Ineficiente
132.0,False,7,Departamento,4,Eficiente
264.1,False,9,Casa,9,Ineficiente
202.6,False,11,Casa,6,Moderado
157.3,False,9,Departamento,3,Eficiente
284.4,False,15,Departamento,7,Moderado
84.3,False,4,Departamento,3,Eficiente
132.1,False,7,Departamento,2,Eficiente
334.9,False,16,Casa,6,Ineficiente
374.3,True,18,Departamento,8,Ineficiente
520.0,False,17,Casa,8,Ineficiente
200.8,False,11,Casa,7,Moderado
238.3,False,15,Casa,6,Eficiente
247.3,False,13,Departamento,7,Moderado
340.6,False,14,Casa,7,Ineficiente
199.4,True,11,Departamento,7,Ineficiente
292.3,False,16,Casa,8,Moderado
243.7,False,15,Casa,5,Eficiente
246.7,False,15,Casa,8,Moderado
134.5,False,6,Casa,4,Eficiente
176.1,True,9,Casa,8,Ineficiente
140.9,False,5,Departamento,3,Moderado
119.3,False,5,Casa,3,Eficiente
100.7,False,2,Casa,4,Moderado
145.0,True,7,Departamento,5,Moderado
181.0,False,15,Casa,4,Eficiente
206.8,False,9,Casa,4,Moderado
249.9,False,14,Casa,6,Moderado
217.4,False,13,Casa,6,Eficiente
182.1,False,10,Casa,5,Eficiente
118.2,False,3,Departamento,2,Eficiente
288.2,False,16,Casa,8,Moderado
167.5,False,8,Departamento,4,Eficiente
163.8,False,6,Casa,3,Eficiente
160.9,False,10,Departamento,5,Eficiente
127.6,False,7,Departamento,4,Eficiente
162.3,False,6,Casa,3,Moderado
159.7,False,7,Casa,2,Eficiente
176.7,False,8,Casa,3,Eficiente
227.1,False,9,Departamento,6,Ineficiente
206.1,False,13,Departamento,7,Eficiente
381.2,False,18,Casa,9,Ineficiente
291.8,False,14,Departamento,8,Ineficiente
450.0,False,17,Casa,10,Ineficiente
250.5,False,14,Casa,7,Moderado
221.8,False,13,Departamento,7,Moderado
165.3,False,6,Casa,4,Moderado
286.1,False,16,Casa,5,Moderado
134.0,False,4,Departamento,3,Moderado
109.1,False,6,Casa,2,Eficiente
330.3,False,14,Departamento,11,Ineficiente
118.9,False,3,Casa,3,Moderado
239.7,False,13,Casa,5,Moderado
136.7,False,6,Casa,5,Moderado
274.6,False,15,Departamento,6,Moderado
338.9,False,14,Casa,8,Eficiente
245.5,False,14,Casa,7,Moderado
291.0,True,15,Departamento,8,Eficiente
175.4,False,11,Departamento,6,Moderado
451.2,True,17,Departamento,11,Eficiente
240.8,False,12,Departamento,7,Moderado
135.7,False,4,Casa,5,Moderado
181.8,False,7,Departamento,4,Moderado
164.0,False,9,Departamento,5,Eficiente
155.0,False,9,Departamento,4,Eficiente
85.9,False,2,Departamento,1,Eficiente
234.8,False,13,Casa,5,Moderado
109.8,False,4,Casa,5,Moderado
59.6,False,4,Departamento,3,Moderado
172.3,False,10,Casa,6,Eficiente
145.3,False,3,Casa,3,Moderado
139.2,False,8,Casa,4,Eficiente
46.8,False,3,Departamento,2,Eficiente
123.1,False,4,Departamento,5,Moderado
163.1,False,7,Departamento,6,Moderado
135.3,False,6,Departamento,4,Eficiente
207.7,False,10,Departamento,7,Moderado
309.4,False,14,Departamento,7,Moderado
247.9,False,12,Casa,7,Moderado
265.3,False,12,Departamento,9,Ineficiente
322.3,False,18,Casa,8,Moderado
132.2,False,6,Casa,2,Eficiente
243.9,False,17,Casa,8,Eficiente
263.6,False,15,Departamento,6,Moderado
144.7,False,8,Departamento,4,Ineficiente
126.3,False,4,Departamento,2,Eficiente
217.4,False,11,Departamento,3,Eficiente
93.2,False,4,Departamento,3,Eficiente
126.4,False,4,Casa,6,Moderado
208.3,False,12,Departamento,9,Moderado
192.3,False,11,Departamento,5,Eficiente
305.6,False,13,Casa,7,Ineficiente
133.5,False,6,Casa,3,Eficiente
115.3,False,6,Departamento,3,Eficiente
248.7,False,12,Casa,7,Moderado
143.6,True,5,Casa,7,Ineficiente
154.9,False,8,Casa,3,Eficiente
90.8,False,2,Casa,2,Eficiente
225.5,False,12,Casa,7,Moderado
331.9,True,19,Departamento,11,Ineficiente
111.8,False,2,Departamento,1,Moderado
264.5,False,15,Departamento,5,Moderado
191.7,False,11,Casa,5,Eficiente
96.4,False,2,Casa,4,Moderado
136.0,True,7,Casa,5,Moderado
132.4,False,8,Casa,4,Eficiente
174.6,False,7,Casa,7,Ineficiente
204.1,False,10,Departamento,5,Moderado
377.2,True,16,Departamento,9,Ineficiente
108.6,False,6,Casa,3,Eficiente
162.8,False,7,Casa,4,Moderado
134.9,True,6,Casa,6,Ineficiente
118.3,False,4,Casa,3,Moderado
209.1,False,11,Casa,5,Moderado
198.2,False,13,Casa,4,Eficiente
93.3,False,4,Casa,3,Eficiente
203.8,False,10,Casa,4,Moderado
105.7,False,4,Departamento,2,Eficiente
200.4,False,9,Casa,4,Ineficiente
335.1,False,14,Casa,7,Ineficiente
244.8,False,15,Casa,6,Moderado
215.4,False,15,Casa,4,Ineficiente
139.1,False,3,Departamento,3,Moderado
178.5,False,10,Departamento,5,Eficiente
223.7,False,14,Departamento,4,Eficiente
211.1,True,9,Departamento,7,Ineficiente
190.9,False,9,Casa,7,Moderado
218.7,True,11,Casa,7,Ineficiente
114.7,False,8,Casa,4,Eficiente
147.6,False,10,Casa,3,Eficiente
236.1,False,11,Departamento,6,Moderado
287.1,False,12,Casa,6,Ineficiente
209.6,False,13,Casa,3,Eficiente
365.9,False,17,Casa,7,Ineficiente
243.3,False,15,Casa,7,Moderado
155.1,False,6,Departamento,5,Moderado
119.8,False,6,Casa,3,Eficiente
364.3,True,15,Casa,9,Ineficiente
278.6,False,16,Casa,8,Moderado
368.7,False,16,Departamento,7,Ineficiente
488.4,False,20,Casa,7,Moderado
101.1,False,5,Departamento,1,Moderado
118.3,False,4,Casa,2,Eficiente
60.0,True,3,Casa,4,Moderado
258.9,False,14,Departamento,7,Moderado
260.7,False,12,Casa,5,Moderado
207.7,False,15,Casa,5,Eficiente
105.5,False,7,Departamento,2,Eficiente
195.4,False,10,Casa,6,Moderado
219.2,False,13,Casa,6,Eficiente
241.7,True,17,Departamento,7,Ineficiente
227.5,False,15,Casa,7,Eficiente
263.5,False,13,Casa,7,Moderado
190.7,True,10,Casa,8,Ineficiente
290.0,True,12,Departamento,8,Ineficiente
256.3,False,15,Casa,7,Moderado
122.0,False,7,Casa,4,Eficiente
306.7,False,17,Departamento,7,Moderado
290.7,True,16,Departamento,12,Ineficiente
212.6,False,12,Departamento,6,Moderado
222.6,False,10,Casa,8,Ineficiente
399.5,False,17,Casa,11,Ineficiente
102.1,True,3,Casa,2,Moderado
292.6,False,16,Departamento,8,Ineficiente
162.0,False,7,Casa,5,Moderado
277.9,False,15,Departamento,7,Moderado
211.3,True,14,Casa,7,Moderado
103.1,False,5,Departamento,1,Eficiente
141.2,False,7,Departamento,2,Moderado
306.6,False,17,Casa,10,Moderado
159.3,False,11,Departamento,5,Eficiente
132.8,False,6,Departamento,2,Eficiente
153.1,False,8,Casa,3,Eficiente
257.5,False,16,Casa,4,Ineficiente
362.4,False,17,Departamento,9,Ineficiente
82.0,True,2,Casa,4,Ineficiente
647.2,True,16,Casa,11,Ineficiente
219.7,False,11,Departamento,7,Moderado
167.8,False,11,Casa,4,Eficiente
173.5,False,12,Departamento,5,Eficiente
214.5,False,11,Casa,6,Moderado
128.7,False,4,Casa,2,Eficiente
124.6,False,5,Departamento,2,Eficiente
332.6,True,15,Casa,9,Ineficiente
104.2,False,7,Casa,3,Eficiente
242.6,False,11,Casa,8,Moderado
147.4,False,8,Departamento,4,Eficiente
133.3,False,8,Casa,3,Eficiente
450.0,False,18,Casa,8,Ineficiente
132.7,False,7,Casa,3,Eficiente
124.2,False,5,Casa,3,Eficiente
184.5,False,13,Casa,7,Eficiente
143.3,False,6,Casa,3,Eficiente
201.4,False,13,Casa,6,Eficiente
216.5,False,12,Casa,5,Eficiente
191.7,True,7,Departamento,9,Ineficiente
166.5,False,8,Departamento,3,Eficiente
148.8,False,7,Casa,4,Eficiente
261.9,False,14,Casa,8,Moderado
191.7,False,9,Casa,4,Moderado
138.9,False,7,Departamento,4,Eficiente
371.7,False,18,Casa,5,Moderado
188.0,False,9,Casa,4,Moderado
317.8,False,15,Casa,7,Ineficiente
329.1,False,14,Casa,10,Ineficiente
337.6,False,16,Casa,8,Ineficiente
267.2,False,17,Casa,7,Ineficiente
173.2,False,11,Departamento,6,Eficiente
169.1,False,8,Departamento,3,Eficiente
159.3,False,11,Departamento,1,Eficiente
69.8,False,2,Departamento,4,Moderado
274.3,False,12,Casa,8,Ineficiente
192.0,False,8,Departamento,5,Moderado
243.6,False,11,Departamento,6,Moderado
167.0,False,9,Departamento,6,Eficiente
230.0,False,12,Departamento,6,Moderado
113.0,True,3,Casa,5,Ineficiente
122.3,False,4,Casa,5,Eficiente
70.5,False,2,Casa,1,Eficiente
187.2,False,8,Casa,6,Moderado
144.3,False,9,Casa,2,Eficiente
136.8,False,9,Casa,5,Eficiente
228.0,False,16,Casa,6,Eficiente
144.0,True,8,Departamento,5,Moderado
96.7,False,3,Departamento,1,Eficiente
512.6,True,16,Departamento,10,Ineficiente
196.0,False,12,Casa,5,Eficiente
110.2,False,4,Departamento,4,Moderado
133.3,True,7,Departamento,4,Moderado
162.6,False,12,Departamento,3,Eficiente
162.4,False,8,Departamento,4,Eficiente
350.5,False,20,Casa,7,Eficiente
192.8,False,8,Casa,5,Moderado
378.2,False,17,Departamento,7,Ineficiente
145.1,False,7,Departamento,4,Eficiente
235.1,False,11,Casa,6,Moderado
306.6,False,17,Casa,7,Moderado
329.4,True,18,Casa,10,Eficiente
346.3,False,20,Casa,6,Moderado
154.8,False,8,Departamento,5,Eficiente
175.6,False,6,Departamento,5,Moderado
71.4,False,4,Casa,2,Eficiente
310.9,False,15,Casa,7,Ineficiente
293.8,False,15,Casa,7,Moderado
195.0,False,10,Casa,5,Moderado
356.9,True,16,Departamento,8,Ineficiente
149.8,False,9,Departamento,6,Eficiente
150.1,False,10,Casa,3,Eficiente
140.6,False,4,Departamento,4,Moderado
109.9,False,4,Departamento,4,Moderado
257.3,True,11,Casa,8,Ineficiente
196.1,False,14,Departamento,6,Eficiente
224.8,True,14,Departamento,5,Moderado
148.3,True,3,Departamento,3,Ineficiente
193.1,False,10,Casa,5,Moderado
80.5,False,3,Casa,2,Eficiente
230.2,False,11,Casa,7,Moderado
207.8,True,13,Casa,9,Ineficiente
127.0,False,7,Casa,1,Ineficiente
163.7,False,9,Departamento,6,Eficiente
181.5,False,8,Casa,3,Moderado
425.6,False,15,Casa,9,Moderado
111.4,False,5,Departamento,2,Eficiente
225.9,False,11,Casa,9,Ineficiente
127.5,False,5,Casa,2,Eficiente
137.6,False,7,Departamento,3,Eficiente
220.8,False,9,Casa,6,Ineficiente
185.6,False,8,Casa,5,Moderado
173.1,False,9,Departamento,3,Eficiente
233.3,True,16,Casa,11,Ineficiente
159.8,False,9,Casa,3,Eficiente
287.2,False,15,Casa,6,Moderado
152.4,False,8,Departamento,4,Eficiente
189.9,True,10,Casa,7,Ineficiente
202.2,True,13,Departamento,7,Moderado
219.6,True,13,Casa,9,Moderado
227.7,False,15,Departamento,6,Eficiente
224.6,False,10,Casa,6,Moderado
247.0,False,12,Casa,7,Moderado
174.1,False,9,Casa,4,Eficiente
108.8,False,9,Casa,3,Eficiente
98.1,False,2,Casa,3,Moderado
418.5,False,16,Casa,8,Moderado
78.7,False,3,Casa,2,Eficiente
289.6,False,15,Departamento,5,Moderado
140.2,False,10,Casa,3,Eficiente
332.9,False,17,Casa,5,Ineficiente
80.2,False,2,Casa,1,Eficiente
180.4,False,12,Casa,5,Moderado
367.2,False,19,Casa,12,Ineficiente
269.3,True,15,Casa,9,Ineficiente
171.7,False,6,Casa,5,Moderado
76.6,False,3,Departamento,1,Eficiente
114.5,False,6,Casa,1,Eficiente
314.4,True,17,Departamento,12,Ineficiente
171.1,False,6,Casa,3,Moderado
190.7,False,9,Casa,3,Eficiente
221.4,False,14,Casa,6,Eficiente
113.7,False,7,Casa,2,Eficiente
206.4,False,12,Departamento,6,Eficiente
147.1,True,9,Departamento,8,Moderado
196.5,False,11,Departamento,6,Eficiente
137.2,False,8,Departamento,4,Eficiente
103.1,False,4,Casa,3,Eficiente
166.8,True,9,Casa,10,Ineficiente
227.4,False,10,Departamento,9,Ineficiente
232.0,False,14,Casa,6,Eficiente
202.2,False,9,Casa,7,Moderado
255.0,False,15,Departamento,9,Moderado
159.5,False,7,Departamento,5,Moderado
175.2,False,10,Departamento,5,Eficiente
161.9,False,6,Casa,4,Moderado
263.1,False,13,Departamento,7,Moderado
229.3,False,13,Casa,5,Eficiente
160.5,False,9,Casa,5,Eficiente
107.5,False,6,Casa,4,Eficiente
273.9,False,12,Departamento,6,Ineficiente
128.8,False,3,Departamento,3,Moderado
179.1,False,8,Departamento,3,Eficiente
534.7,True,15,Casa,11,Ineficiente
275.3,False,17,Casa,7,Moderado
392.2,True,19,Casa,8,Ineficiente
138.2,False,4,Departamento,7,Ineficiente
315.0,True,18,Casa,7,Ineficiente
204.5,True,13,Casa,6,Ineficiente
199.5,True,8,Departamento,8,Ineficiente
466.4,False,15,Casa,9,Ineficiente
153.2,False,4,Departamento,3,Moderado
201.0,False,11,Casa,4,Eficiente
117.1,False,5,Departamento,3,Eficiente
289.1,False,15,Casa,7,Moderado
159.8,False,4,Casa,3,Moderado
306.7,True,13,Casa,10,Ineficiente
100.5,False,4,Casa,3,Eficiente
221.6,False,13,Departamento,8,Moderado
152.3,False,4,Casa,4,Moderado
268.9,False,12,Casa,8,Ineficiente
171.4,True,11,Departamento,6,Moderado
158.2,False,6,Casa,5,Moderado
147.7,False,7,Departamento,4,Eficiente
123.2,False,3,Departamento,4,Moderado
284.2,False,16,Casa,8,Moderado
111.7,False,2,Departamento,1,Eficiente
178.2,False,9,Casa,4,Eficiente
230.5,False,14,Casa,6,Eficiente
387.1,True,17,Casa,10,Ineficiente
173.0,False,8,Departamento,6,Moderado
157.9,False,6,Departamento,5,Moderado
222.2,False,12,Casa,5,Moderado
72.7,True,2,Departamento,5,Ineficiente
120.3,False,5,Casa,2,Eficiente
148.4,False,7,Departamento,5,Eficiente
129.0,False,5,Departamento,5,Moderado
88.5,False,5,Departamento,2,Eficiente
248.4,False,11,Departamento,6,Moderado
196.9,False,8,Departamento,4,Moderado
211.1,False,11,Casa,4,Eficiente
179.1,False,9,Departamento,5,Moderado
219.1,False,12,Departamento,5,Eficiente
178.4,False,7,Casa,3,Moderado
207.8,False,10,Departamento,5,Moderado
142.9,False,6,Casa,4,Moderado
204.8,False,10,Casa,5,Ineficiente
326.8,False,18,Casa,6,Moderado
331.9,False,16,Casa,5,Moderado
307.4,True,14,Departamento,11,Ineficiente
228.7,False,14,Casa,6,Eficiente
176.1,False,10,Departamento,5,Eficiente
146.2,False,4,Departamento,4,Moderado
93.3,False,2,Casa,3,Moderado
100.1,False,2,Departamento,3,Moderado
185.5,False,11,Casa,5,Eficiente
168.7,False,10,Departamento,5,Moderado
317.5,False,12,Departamento,8,Ineficiente
345.8,True,17,Casa,11,Ineficiente
132.3,False,7,Departamento,2,Eficiente
279.3,False,17,Casa,7,Moderado
160.9,False,10,Casa,2,Eficiente
229.6,False,15,Departamento,5,Eficiente
279.7,False,15,Casa,7,Moderado
292.7,False,16,Departamento,8,Moderado
160.9,True,7,Casa,6,Ineficiente
309.7,False,17,Casa,8,Moderado
77.9,False,2,Departamento,2,Ineficiente
349.6,False,16,Casa,7,Ineficiente
170.6,True,10,Departamento,5,Moderado
199.1,False,13,Casa,6,Eficiente
73.9,False,2,Departamento,2,Eficiente
149.0,False,9,Departamento,1,Eficiente
349.6,False,16,Casa,8,Ineficiente
164.3,False,10,Casa,3,Eficiente
267.0,False,13,Casa,7,Ineficiente
176.3,False,10,Departamento,3,Eficiente
311.5,False,15,Casa,7,Ineficiente
218.4,True,10,Casa,4,Ineficiente
119.4,False,5,Departamento,3,Eficiente
207.1,False,14,Casa,4,Eficiente
391.6,False,15,Casa,6,Ineficiente
246.4,False,11,Casa,7,Ineficiente
189.6,False,11,Casa,5,Eficiente
441.3,False,14,Departamento,8,Ineficiente
280.2,False,17,Departamento,6,Moderado
248.1,False,16,Departamento,8,Moderado
201.1,True,13,Departamento,7,Moderado
271.3,False,14,Casa,9,Ineficiente
274.2,False,17,Casa,8,Moderado
68.8,False,6,Departamento,4,Eficiente
202.0,False,10,Departamento,7,Moderado
164.0,False,11,Departamento,3,Eficiente
164.0,False,7,Casa,4,Moderado
160.3,False,8,Departamento,4,Eficiente
91.3,False,2,Departamento,3,Moderado
80.2,False,4,Departamento,2,Eficiente
288.8,False,14,Departamento,7,Ineficiente
242.3,True,12,Casa,10,Ineficiente
72.3,False,3,Casa,2,Eficiente
156.9,True,7,Casa,5,Ineficiente
286.4,False,15,Casa,7,Moderado
154.3,False,10,Departamento,5,Ineficiente
335.8,False,14,Casa,8,Ineficiente
305.5,True,17,Casa,10,Ineficiente
112.9,False,5,Casa,3,Ineficiente
162.1,False,9,Departamento,2,Eficiente
167.0,False,8,Casa,3,Eficiente
94.3,False,5,Departamento,3,Eficiente
144.2,False,8,Casa,2,Eficiente
225.2,True,10,Casa,8,Ineficiente
265.3,False,14,Departamento,8,Moderado
215.9,False,13,Departamento,3,Eficiente
239.6,True,15,Departamento,5,Eficiente
181.3,False,12,Casa,7,Eficiente
222.1,False,13,Departamento,4,Eficiente
163.2,False,8,Departamento,4,Eficiente
168.0,False,9,Casa,3,Eficiente
442.8,False,14,Casa,7,Ineficiente
79.6,False,3,Departamento,4,Eficiente
237.5,True,12,Casa,9,Ineficiente
179.7,False,10,Casa,3,Eficiente
95.9,False,2,Departamento,1,Eficiente
110.6,True,2,Departamento,5,Ineficiente
116.0,False,6,Departamento,2,Eficiente
254.3,True,12,Departamento,8,Ineficiente
337.5,False,15,Casa,9,Ineficiente
346.4,False,16,Departamento,5,Moderado
102.3,False,2,Casa,2,Eficiente
114.2,True,7,Casa,5,Eficiente
95.1,False,2,Departamento,1,Eficiente
345.2,False,16,Casa,9,Ineficiente
236.0,False,11,Casa,5,Moderado
179.7,False,10,Departamento,5,Eficiente
219.6,True,11,Casa,7,Ineficiente
194.4,False,10,Casa,2,Eficiente
107.5,False,7,Departamento,2,Eficiente
214.9,False,10,Departamento,7,Moderado
159.3,False,7,Departamento,3,Eficiente
122.2,False,5,Casa,2,Eficiente
217.8,False,15,Departamento,5,Eficiente
145.5,False,7,Departamento,4,Eficiente
219.4,False,14,Casa,5,Eficiente
186.5,False,10,Casa,5,Eficiente
293.1,False,17,Casa,7,Moderado
218.7,False,13,Casa,5,Moderado
139.9,False,7,Casa,5,Eficiente
200.8,False,8,Departamento,4,Moderado
203.6,False,8,Departamento,6,Ineficiente
249.0,False,15,Casa,8,Moderado
266.4,False,16,Departamento,7,Moderado
154.1,False,12,Casa,4,Eficiente
261.9,False,11,Casa,7,Ineficiente
85.3,False,4,Departamento,2,Eficiente
191.0,False,8,Casa,3,Moderado
155.0,False,6,Departamento,4,Moderado
363.4,True,15,Casa,12,Ineficiente
185.5,False,11,Casa,6,Eficiente
258.1,False,13,Casa,7,Moderado
95.8,False,4,Casa,3,Eficiente
151.9,False,9,Departamento,4,Eficiente
120.7,False,7,Departamento,3,Eficiente
560.3,True,18,Casa,9,Ineficiente
151.8,False,8,Casa,4,Eficiente
177.8,False,9,Departamento,4,Eficiente
185.6,False,9,Departamento,5,Moderado
102.4,False,5,Casa,4,Eficiente
236.3,False,13,Casa,7,Moderado
205.3,False,9,Casa,6,Moderado
75.4,True,3,Casa,4,Moderado
157.3,False,6,Casa,4,Moderado
308.4,False,14,Casa,6,Ineficiente
253.6,True,12,Casa,7,Ineficiente
335.1,False,14,Casa,8,Eficiente
114.7,False,5,Departamento,3,Eficiente
297.5,False,11,Departamento,6,Ineficiente
195.4,False,7,Casa,6,Ineficiente
393.4,False,18,Casa,8,Ineficiente
201.8,False,11,Casa,7,Moderado
73.3,False,2,Departamento,5,Moderado
249.8,False,15,Departamento,7,Moderado
167.9,False,7,Casa,4,Moderado
147.0,True,6,Departamento,7,Ineficiente
92.9,False,2,Departamento,1,Eficiente
340.4,False,19,Departamento,10,Ineficiente
161.9,True,8,Casa,5,Moderado
387.4,False,17,Casa,8,Ineficiente
143.8,False,7,Departamento,4,Eficiente
136.5,False,3,Casa,3,Moderado
301.6,False,14,Departamento,7,Ineficiente
168.7,True,9,Departamento,8,Ineficiente
194.6,False,10,Casa,6,Moderado
117.7,False,9,Casa,3,Moderado
164.7,False,7,Casa,6,Moderado
240.5,False,15,Casa,6,Eficiente
101.7,False,5,Departamento,3,Eficiente
137.5,False,6,Departamento,2,Eficiente
168.9,False,9,Casa,3,Eficiente
178.9,False,9,Departamento,6,Moderado
372.1,True,13,Casa,10,Ineficiente
152.0,False,8,Departamento,6,Eficiente
149.3,False,8,Casa,3,Eficiente
545.7,True,18,Departamento,11,Ineficiente
144.7,True,7,Departamento,5,Moderado
185.4,False,12,Casa,6,Eficiente
149.3,False,5,Departamento,5,Moderado
154.7,False,10,Departamento,4,Ineficiente
206.2,False,9,Casa,5,Moderado
255.8,False,13,Departamento,6,Moderado
205.6,False,12,Departamento,4,Eficiente
275.8,False,13,Departamento,7,Ineficiente
304.8,False,16,Casa,4,Moderado
192.1,False,10,Departamento,4,Eficiente
201.7,False,11,Departamento,6,Eficiente
276.8,False,14,Departamento,8,Moderado
125.4,False,4,Casa,1,Eficiente
570.8,False,21,Casa,9,Ineficiente
140.1,False,5,Departamento,2,Eficiente
170.9,False,5,Casa,4,Ineficiente
119.7,False,4,Casa,4,Moderado
260.8,False,13,Departamento,8,Ineficiente
518.7,True,19,Casa,10,Ineficiente
136.9,False,8,Departamento,4,Eficiente
199.2,False,10,Departamento,7,Moderado
190.0,False,7,Departamento,6,Ineficiente
264.8,True,12,Departamento,10,Ineficiente
511.8,False,17,Casa,7,Ineficiente
324.1,False,13,Departamento,6,Ineficiente
219.1,False,15,Departamento,6,Eficiente
257.6,False,14,Casa,5,Moderado
173.4,False,9,Departamento,5,Eficiente
142.7,False,7,Casa,3,Eficiente
285.1,False,14,Departamento,7,Ineficiente
342.1,False,16,Casa,8,Eficiente
181.3,False,11,Casa,5,Eficiente
226.3,True,14,Casa,9,Ineficiente
330.0,False,16,Casa,11,Ineficiente
84.9,False,4,Departamento,2,Eficiente
141.9,False,6,Departamento,3,Moderado
458.8,True,19,Casa,8,Ineficiente
196.8,True,9,Departamento,6,Ineficiente
109.9,False,4,Departamento,2,Eficiente
184.9,False,12,Departamento,6,Eficiente
303.8,False,14,Casa,7,Ineficiente
60.2,False,2,Departamento,3,Eficiente
214.7,False,11,Casa,5,Moderado
150.0,False,10,Departamento,4,Eficiente
88.3,False,2,Departamento,3,Moderado
180.1,True,10,Departamento,6,Moderado
189.7,False,9,Casa,6,Moderado
197.6,True,10,Casa,7,Ineficiente
150.1,False,6,Departamento,2,Eficiente
107.5,False,4,Casa,3,Eficiente
128.0,False,7,Departamento,4,Eficiente
247.3,False,16,Departamento,8,Moderado
222.3,False,12,Casa,6,Moderado
196.5,False,10,Casa,5,Moderado
113.7,False,5,Departamento,2,Eficiente
170.6,False,10,Casa,5,Eficiente
272.1,True,12,Casa,9,Ineficiente
243.0,True,14,Casa,8,Ineficiente
162.1,False,8,Casa,3,Eficiente
58.1,False,2,Departamento,1,Eficiente
149.9,False,6,Casa,3,Moderado
160.5,False,7,Casa,5,Moderado
138.2,False,9,Casa,3,Eficiente
170.5,False,8,Casa,4,Eficiente
281.2,False,17,Casa,8,Moderado
265.9,False,12,Departamento,6,Ineficiente
105.9,False,5,Casa,1,Moderado
177.9,False,7,Casa,6,Moderado
88.2,False,5,Casa,2,Eficiente
167.9,False,8,Casa,4,Eficiente
111.7,False,6,Departamento,4,Eficiente
345.2,False,18,Casa,7,Moderado
206.4,False,8,Departamento,6,Ineficiente
266.1,False,13,Departamento,7,Moderado
168.3,False,6,Casa,8,Eficiente
114.3,False,9,Departamento,3,Eficiente
128.3,True,5,Casa,6,Eficiente
222.5,False,10,Casa,6,Moderado
368.3,False,20,Departamento,8,Moderado
237.3,True,12,Casa,8,Ineficiente
148.4,False,4,Departamento,5,Moderado
160.5,False,6,Departamento,4,Moderado
195.5,False,11,Casa,6,Eficiente
409.6,False,17,Departamento,7,Ineficiente
340.5,False,14,Casa,7,Ineficiente
196.9,False,10,Departamento,3,Eficiente
208.5,True,11,Casa,8,Ineficiente
229.3,False,15,Casa,5,Eficiente
245.6,True,14,Casa,11,Ineficiente
147.0,False,6,Departamento,3,Eficiente
141.9,False,6,Casa,5,Moderado
269.7,True,16,Departamento,10,Ineficiente
199.9,False,14,Casa,5,Eficiente
296.5,False,13,Casa,6,Ineficiente
398.5,True,18,Casa,10,Ineficiente
250.8,False,13,Casa,8,Moderado
201.7,False,8,Departamento,8,Moderado
763.4,False,14,Casa,7,Ineficiente
188.1,False,12,Departamento,5,Ineficiente
111.3,False,7,Departamento,2,Ineficiente
177.2,False,8,Casa,4,Moderado
333.9,False,15,Departamento,9,Ineficiente
99.4,False,2,Departamento,1,Eficiente
126.3,False,7,Departamento,1,Eficiente
312.9,True,15,Casa,10,Ineficiente
153.8,False,5,Departamento,4,Moderado
164.6,False,9,Departamento,4,Eficiente
312.5,True,13,Casa,8,Ineficiente
130.3,False,7,Departamento,3,Eficiente
107.7,False,2,Casa,1,Eficiente
96.1,False,4,Departamento,3,Eficiente
218.5,False,11,Departamento,5,Ineficiente
194.9,True,6,Departamento,9,Ineficiente
131.6,True,8,Departamento,6,Moderado
106.7,False,6,Departamento,2,Eficiente
318.7,True,16,Casa,7,Ineficiente
140.5,False,7,Casa,3,Eficiente
150.0,False,8,Casa,4,Ineficiente
121.8,False,8,Casa,3,Eficiente
150.9,False,8,Departamento,4,Eficiente
202.2,False,10,Departamento,7,Moderado
486.0,False,18,Casa,8,Ineficiente
221.6,False,11,Casa,5,Moderado
172.1,True,7,Departamento,4,Ineficiente
288.6,False,17,Casa,6,Moderado
232.1,False,14,Departamento,5,Eficiente
135.1,False,3,Departamento,2,Moderado
533.4,False,16,Casa,8,Ineficiente
197.6,False,12,Casa,7,Ineficiente
222.6,False,9,Casa,7,Moderado
251.6,False,12,Casa,5,Moderado
229.0,True,17,Casa,8,Moderado
377.8,False,16,Casa,8,Ineficiente
156.0,False,9,Casa,5,Eficiente
281.0,False,17,Casa,9,Moderado
213.9,False,10,Casa,4,Moderado
258.5,False,14,Departamento,6,Moderado
181.9,False,13,Casa,4,Eficiente
269.1,False,18,Casa,4,Eficiente
230.0,False,11,Casa,6,Moderado
143.3,False,10,Casa,1,Eficiente
304.9,False,15,Departamento,7,Ineficiente
273.2,True,14,Casa,11,Ineficiente
190.6,True,11,Casa,8,Ineficiente
202.4,False,11,Departamento,5,Eficiente
265.1,False,15,Casa,6,Moderado
101.3,False,2,Casa,4,Moderado
204.7,False,10,Departamento,3,Eficiente
74.2,False,5,Casa,1,Eficiente
187.2,False,11,Departamento,4,Eficiente
271.5,True,15,Casa,11,Ineficiente
250.9,False,14,Casa,5,Moderado
280.0,True,16,Casa,7,Ineficiente
174.0,False,6,Casa,6,Ineficiente
111.4,False,4,Departamento,3,Eficiente
82.9,False,3,Departamento,2,Eficiente
270.7,False,15,Departamento,6,Moderado
272.5,False,10,Casa,7,Eficiente
279.5,False,12,Departamento,6,Ineficiente
128.1,False,6,Departamento,2,Eficiente
279.7,True,16,Casa,7,Ineficiente
93.6,False,3,Departamento,2,Eficiente
118.8,False,4,Departamento,2,Eficiente
183.2,False,11,Departamento,4,Eficiente
266.3,False,13,Casa,8,Ineficiente
404.0,True,18,Casa,9,Ineficiente
155.7,False,7,Departamento,4,Eficiente
122.4,False,3,Departamento,5,Moderado
134.8,False,9,Casa,4,Eficiente
147.3,False,9,Casa,3,Eficiente
441.1,False,15,Departamento,7,Ineficiente
322.7,True,15,Casa,10,Ineficiente
157.0,True,9,Departamento,5,Moderado
196.4,False,9,Casa,5,Moderado
271.3,False,16,Casa,6,Moderado
160.2,True,10,Casa,6,Moderado
155.2,False,6,Departamento,2,Eficiente
150.3,False,7,Casa,4,Eficiente
144.0,False,9,Departamento,4,Eficiente
177.6,False,7,Departamento,6,Moderado
123.2,False,4,Departamento,3,Moderado
226.5,False,14,Casa,5,Eficiente
225.3,False,12,Casa,8,Moderado
185.1,False,7,Casa,5,Moderado
120.9,False,5,Departamento,3,Eficiente
178.8,False,12,Departamento,5,Eficiente
140.2,False,10,Departamento,4,Eficiente
204.9,False,10,Casa,4,Moderado
321.7,False,14,Casa,7,Ineficiente
104.3,False,3,Departamento,2,Eficiente
497.3,False,20,Casa,8,Ineficiente
168.5,True,10,Departamento,8,Moderado
237.6,False,16,Casa,7,Eficiente
124.7,False,7,Departamento,4,Ineficiente
280.7,True,12,Departamento,7,Ineficiente
189.4,False,8,Casa,4,Moderado
169.0,False,7,Casa,2,Eficiente
137.8,False,5,Departamento,5,Moderado
178.6,False,8,Casa,4,Moderado
213.0,False,13,Casa,5,Eficiente
198.2,False,11,Casa,7,Ineficiente
129.0,False,8,Departamento,3,Eficiente
164.5,False,7,Casa,4,Moderado
210.2,False,12,Departamento,6,Eficiente
264.0,False,11,Casa,6,Ineficiente
278.2,False,10,Casa,8,Eficiente
176.4,False,10,Departamento,6,Eficiente
201.0,False,13,Departamento,5,Eficiente
160.4,False,8,Departamento,3,Eficiente
83.6,False,3,Departamento,2,Eficiente
183.5,False,7,Casa,4,Moderado
170.3,False,11,Casa,6,Moderado
112.2,False,5,Departamento,4,Eficiente
138.2,False,7,Departamento,4,Eficiente
182.3,False,10,Departamento,3,Eficiente
124.0,False,4,Casa,2,Eficiente
149.0,True,5,Casa,5,Ineficiente
382.4,False,17,Casa,7,Ineficiente
89.5,False,3,Departamento,2,Eficiente
159.6,False,7,Departamento,4,Moderado
123.1,False,8,Casa,3,Eficiente
145.6,True,7,Casa,7,Moderado
180.9,False,5,Casa,5,Moderado
130.7,False,5,Casa,3,Eficiente
222.5,False,10,Departamento,4,Moderado
305.6,True,15,Departamento,10,Ineficiente
288.8,True,12,Casa,8,Ineficiente
267.2,False,15,Departamento,6,Moderado
97.3,False,3,Departamento,2,Eficiente
181.4,False,9,Casa,4,Eficiente
242.9,False,13,Casa,7,Moderado
287.0,False,15,Casa,7,Moderado
421.0,False,16,Casa,10,Ineficiente
313.2,False,15,Casa,6,Moderado
255.7,False,14,Departamento,8,Moderado
613.1,True,18,Casa,9,Ineficiente
209.9,False,12,Casa,5,Eficiente
154.9,False,9,Departamento,4,Eficiente
217.9,False,11,Casa,7,Moderado
119.9,False,5,Departamento,4,Eficiente
177.2,False,14,Departamento,6,Eficiente
84.0,False,3,Departamento,2,Eficiente
139.1,False,6,Departamento,6,Moderado
164.1,False,6,Departamento,5,Moderado
256.6,False,12,Departamento,3,Eficiente
321.4,True,15,Casa,9,Moderado
134.5,False,7,Casa,3,Eficiente
473.7,False,18,Casa,7,Ineficiente
210.8,False,12,Casa,6,Eficiente
219.1,False,13,Casa,6,Eficiente
101.2,False,2,Casa,2,Eficiente
152.7,False,8,Casa,6,Eficiente
309.9,True,15,Casa,8,Ineficiente
217.2,False,12,Casa,4,Eficiente
192.3,False,9,Departamento,6,Moderado
96.0,False,2,Departamento,3,Moderado
190.2,False,11,Casa,4,Eficiente
311.5,False,16,Departamento,6,Moderado
273.5,True,14,Departamento,9,Ineficiente
186.5,False,10,Casa,4,Eficiente
339.5,False,14,Departamento,8,Ineficiente
118.4,False,6,Casa,5,Eficiente
116.6,False,5,Departamento,3,Eficiente
374.3,False,16,Departamento,8,Ineficiente
254.8,False,15,Casa,7,Moderado
153.9,False,9,Departamento,5,Eficiente
196.3,False,8,Casa,8,Ineficiente
144.5,False,7,Casa,3,Eficiente
224.2,False,11,Casa,6,Moderado
216.9,False,12,Casa,7,Moderado
204.5,False,5,Casa,6,Ineficiente
106.7,False,5,Departamento,1,Eficiente
221.4,False,13,Casa,4,Eficiente
160.8,True,8,Casa,5,Moderado
113.1,False,3,Departamento,3,Moderado
339.4,True,19,Casa,9,Ineficiente
489.0,True,19,Casa,9,Ineficiente
392.4,False,15,Departamento,7,Ineficiente
229.7,True,12,Departamento,10,Ineficiente
177.2,False,6,Casa,3,Moderado
195.7,False,11,Casa,5,Eficiente
206.3,False,9,Departamento,5,Moderado
148.0,False,8,Departamento,6,Eficiente
347.3,False,18,Casa,6,Moderado
86.0,False,3,Casa,1,Eficiente
175.8,False,7,Casa,5,Moderado
241.1,False,15,Departamento,6,Eficiente
123.4,False,5,Departamento,4,Moderado
330.8,False,16,Departamento,8,Ineficiente
100.0,False,4,Departamento,2,Eficiente
112.2,False,2,Casa,2,Ineficiente
118.3,False,7,Departamento,4,Eficiente
105.3,False,7,Casa,3,Eficiente
107.8,False,6,Casa,4,Eficiente
117.0,False,6,Departamento,3,Eficiente
332.2,False,19,Casa,8,Moderado
152.0,False,5,Departamento,1,Moderado
199.2,False,9,Casa,5,Moderado
132.6,False,5,Casa,4,Moderado
258.2,True,14,Casa,9,Ineficiente
432.2,False,16,Casa,10,Ineficiente
139.7,False,5,Casa,4,Moderado
355.3,False,16,Departamento,6,Ineficiente
230.6,False,12,Casa,7,Moderado
199.3,False,12,Casa,6,Eficiente
203.7,False,11,Departamento,5,Eficiente
231.6,True,9,Casa,8,Ineficiente
379.5,False,17,Departamento,9,Ineficiente
248.3,False,16,Casa,6,Eficiente
249.9,False,13,Casa,8,Moderado
147.9,False,9,Departamento,4,Eficiente
248.7,True,12,Departamento,6,Ineficiente
208.4,False,10,Casa,5,Moderado
664.1,False,17,Casa,9,Ineficiente
60.6,False,3,Departamento,2,Eficiente
193.5,False,11,Departamento,4,Ineficiente
195.0,False,9,Departamento,5,Moderado
158.9,False,5,Departamento,5,Moderado
161.5,False,9,Departamento,5,Eficiente
204.3,False,12,Casa,7,Moderado
158.4,False,8,Departamento,3,Eficiente
219.1,True,14,Casa,8,Moderado
162.2,False,8,Casa,1,Eficiente
403.1,False,17,Departamento,9,Ineficiente
179.1,False,9,Casa,5,Moderado
252.9,True,13,Casa,8,Ineficiente
131.2,False,6,Departamento,3,Eficiente
256.4,False,18,Departamento,7,Eficiente
276.0,False,16,Casa,8,Moderado
204.0,True,12,Departamento,7,Moderado
127.7,False,7,Casa,4,Eficiente
128.3,False,2,Departamento,4,Moderado
404.2,True,17,Casa,7,Ineficiente
147.2,True,9,Casa,5,Eficiente
264.7,False,14,Casa,7,Moderado
134.2,True,6,Casa,7,Ineficiente
306.8,True,13,Casa,11,Ineficiente
149.2,False,6,Casa,2,Eficiente
117.8,False,3,Departamento,4,Moderado
146.7,False,9,Casa,5,Moderado
160.3,False,11,Casa,5,Eficiente
208.6,False,15,Departamento,3,Eficiente
181.2,False,8,Departamento,4,Moderado
111.1,False,3,Departamento,3,Moderado
197.0,True,9,Casa,7,Ineficiente
123.5,False,3,Casa,1,Eficiente
227.4,False,11,Departamento,6,Moderado
242.1,False,12,Departamento,5,Moderado
197.1,True,12,Casa,8,Moderado
194.7,False,9,Departamento,6,Moderado
357.1,True,18,Departamento,10,Ineficiente
162.2,False,11,Departamento,4,Eficiente
132.2,False,6,Casa,3,Eficiente
224.5,False,14,Departamento,6,Eficiente
124.0,False,3,Casa,4,Moderado
158.6,False,7,Departamento,3,Eficiente
154.8,False,8,Casa,3,Eficiente
149.6,False,7,Casa,5,Moderado
179.2,False,12,Casa,6,Eficiente
256.0,False,12,Departamento,7,Ineficiente
276.1,False,13,Departamento,9,Eficiente
256.7,False,14,Departamento,9,Moderado
200.4,False,10,Departamento,7,Moderado
158.0,False,6,Departamento,3,Moderado
63.6,False,2,Departamento,3,Eficiente
230.9,False,12,Casa,6,Moderado
65.7,False,6,Departamento,1,Eficiente
89.0,False,2,Casa,1,Eficiente
184.9,False,11,Casa,5,Eficiente
226.0,True,15,Casa,9,Ineficiente
335.5,True,16,Departamento,10,Ineficiente
213.7,False,13,Departamento,6,Eficiente
180.0,False,10,Casa,5,Eficiente
313.0,False,15,Departamento,8,Ineficiente
389.0,True,15,Casa,8,Ineficiente
145.5,False,6,Casa,4,Moderado
158.0,False,8,Casa,6,Moderado
107.8,False,5,Casa,3,Eficiente
196.1,False,12,Casa,7,Eficiente
126.5,False,9,Casa,2,Eficiente
176.1,False,8,Casa,7,Moderado
193.8,False,11,Departamento,7,Moderado
86.7,False,2,Casa,4,Moderado
119.3,False,8,Casa,3,Eficiente
161.3,False,8,Casa,4,Eficiente
194.7,False,10,Casa,5,Moderado
164.4,False,8,Casa,3,Eficiente
179.9,False,10,Casa,5,Eficiente
128.8,False,4,Departamento,3,Moderado
93.7,True,6,Departamento,5,Eficiente
136.7,False,7,Departamento,4,Eficiente
159.9,False,9,Departamento,3,Eficiente
175.2,False,8,Casa,6,Eficiente
207.4,True,10,Casa,8,Ineficiente
235.9,False,13,Casa,7,Moderado
265.1,False,15,Casa,5,Moderado
153.0,False,8,Casa,3,Eficiente
104.6,False,3,Casa,2,Eficiente
296.3,True,16,Departamento,9,Ineficiente
237.8,True,11,Casa,8,Ineficiente
133.7,False,5,Casa,5,Moderado
195.2,False,11,Departamento,6,Eficiente
310.2,False,13,Casa,6,Ineficiente
359.7,False,14,Departamento,11,Ineficiente
191.3,False,13,Departamento,5,Eficiente
274.7,True,17,Departamento,10,Ineficiente
119.8,True,9,Casa,5,Eficiente
196.6,True,11,Casa,8,Ineficiente
150.9,False,8,Departamento,5,Eficiente
200.6,False,11,Departamento,4,Eficiente
347.3,True,15,Departamento,12,Ineficiente
224.6,True,14,Casa,7,Moderado
135.5,False,9,Casa,3,Eficiente
117.1,False,6,Casa,2,Eficiente
398.5,True,15,Casa,9,Ineficiente
251.7,True,14,Casa,8,Ineficiente
209.5,True,10,Departamento,6,Ineficiente
173.9,True,8,Casa,7,Ineficiente
193.9,False,13,Departamento,5,Eficiente
115.5,False,3,Departamento,3,Moderado
237.2,True,17,Casa,9,Ineficiente
121.9,False,6,Casa,5,Eficiente
148.1,True,6,Departamento,4,Ineficiente
153.3,False,7,Casa,6,Moderado
50.9,False,2,Casa,2,Eficiente
150.4,True,6,Departamento,4,Ineficiente
119.1,False,5,Departamento,3,Eficiente
158.9,False,7,Departamento,4,Ineficiente
176.2,True,7,Departamento,8,Ineficiente
423.5,False,16,Casa,8,Eficiente
195.9,False,8,Departamento,6,Moderado
200.2,False,9,Departamento,5,Moderado
213.9,True,9,Departamento,6,Ineficiente
248.6,False,16,Departamento,7,Moderado
210.0,False,12,Departamento,5,Eficiente
198.1,False,12,Departamento,6,Eficiente
270.8,False,14,Casa,9,Ineficiente
62.6,False,4,Departamento,2,Eficiente
487.7,False,19,Casa,9,Ineficiente
344.2,False,17,Departamento,7,Ineficiente
190.3,False,13,Departamento,5,Eficiente
95.7,False,4,Departamento,1,Eficiente
147.8,False,8,Casa,3,Eficiente
247.9,False,12,Casa,5,Moderado
513.5,False,14,Casa,6,Ineficiente
93.4,False,3,Departamento,4,Eficiente
208.8,False,11,Casa,6,Moderado
71.9,False,3,Departamento,1,Eficiente
194.5,False,10,Casa,4,Eficiente
144.2,True,8,Departamento,6,Moderado
279.8,False,13,Departamento,7,Ineficiente
146.2,True,10,Departamento,5,Eficiente
284.0,True,16,Departamento,11,Ineficiente
113.0,False,3,Departamento,5,Moderado
155.3,False,9,Departamento,4,Eficiente
155.6,True,9,Departamento,5,Moderado
246.2,True,14,Casa,9,Ineficiente
231.0,False,11,Casa,5,Moderado
235.6,False,17,Departamento,7,Eficiente
224.7,False,13,Casa,6,Moderado
266.1,False,12,Casa,5,Moderado
119.2,False,5,Departamento,2,Eficiente
238.1,True,13,Casa,9,Ineficiente
338.4,True,16,Departamento,7,Ineficiente
87.2,False,2,Departamento,1,Eficiente
215.4,False,12,Departamento,5,Eficiente
227.4,False,11,Departamento,7,Moderado
320.1,False,15,Departamento,9,Ineficiente
233.6,False,13,Departamento,7,Moderado
178.5,False,8,Departamento,1,Eficiente
237.0,False,12,Casa,5,Moderado
128.4,False,7,Departamento,7,Eficiente
146.5,False,5,Departamento,4,Moderado
112.2,False,3,Casa,1,Eficiente
369.9,True,14,Casa,12,Ineficiente
211.2,False,10,Departamento,4,Moderado
136.7,False,6,Casa,4,Eficiente
196.6,False,12,Departamento,4,Eficiente
325.3,False,14,Casa,10,Ineficiente
302.5,False,16,Casa,5,Moderado
115.9,False,5,Departamento,2,Eficiente
53.5,False,2,Casa,3,Eficiente
233.6,False,13,Casa,5,Eficiente
121.6,False,7,Departamento,3,Eficiente
258.9,True,10,Casa,10,Ineficiente
301.5,False,19,Casa,7,Moderado
277.0,False,13,Departamento,6,Moderado
358.3,False,13,Departamento,7,Ineficiente
292.4,False,15,Departamento,7,Moderado
418.9,False,18,Casa,9,Ineficiente
358.5,False,16,Casa,9,Ineficiente
316.7,False,16,Departamento,8,Ineficiente
171.0,False,13,Departamento,5,Eficiente
116.3,False,5,Casa,1,Eficiente
488.5,True,22,Departamento,10,Ineficiente
290.3,False,15,Departamento,8,Ineficiente
136.8,False,7,Departamento,4,Eficiente
264.6,True,13,Departamento,7,Ineficiente
62.2,False,4,Departamento,2,Eficiente
166.7,False,9,Casa,6,Eficiente
166.9,True,8,Departamento,7,Ineficiente
242.8,False,11,Casa,6,Moderado
272.5,False,17,Departamento,5,Eficiente
110.4,False,6,Departamento,3,Eficiente
266.8,False,12,Casa,5,Moderado
333.2,True,16,Casa,9,Ineficiente
538.1,False,19,Casa,7,Ineficiente
269.0,False,16,Casa,7,Moderado
162.1,False,7,Casa,3,Eficiente
101.8,False,6,Departamento,2,Eficiente
433.1,False,17,Casa,7,Ineficiente
233.2,True,13,Departamento,8,Ineficiente
174.4,False,7,Departamento,5,Moderado
87.2,False,2,Departamento,2,Eficiente
133.8,False,5,Casa,3,Moderado
226.8,False,13,Departamento,6,Moderado
203.5,False,11,Departamento,7,Moderado
76.7,False,4,Departamento,3,Eficiente
224.9,True,14,Departamento,6,Moderado
89.9,True,3,Departamento,5,Ineficiente
352.5,False,15,Casa,9,Ineficiente
188.0,True,6,Departamento,8,Ineficiente
163.9,False,5,Casa,1,Moderado
261.0,True,11,Departamento,9,Ineficiente
229.8,True,14,Casa,10,Ineficiente
345.2,True,15,Casa,9,Ineficiente
206.5,False,10,Casa,9,Moderado
215.0,False,11,Casa,3,Eficiente
151.8,False,6,Departamento,4,Moderado
225.9,False,14,Casa,7,Moderado
356.7,True,16,Departamento,10,Ineficiente
159.2,False,10,Casa,4,Eficiente
227.8,True,8,Departamento,7,Ineficiente
137.9,False,7,Casa,3,Eficiente
83.8,False,3,Casa,3,Eficiente
217.5,False,11,Casa,3,Eficiente
204.3,False,14,Departamento,7,Eficiente
165.7,False,8,Departamento,4,Eficiente
92.7,False,5,Departamento,3,Eficiente
226.8,False,11,Casa,7,Moderado
224.7,True,12,Casa,12,Ineficiente
137.3,False,3,Casa,5,Moderado
155.8,False,8,Departamento,7,Moderado
262.3,False,16,Casa,3,Eficiente
207.3,False,10,Departamento,5,Moderado
121.9,False,4,Departamento,3,Moderado
214.2,False,11,Casa,5,Moderado
291.6,False,14,Casa,7,Ineficiente
120.1,False,3,Casa,3,Moderado
208.3,False,7,Casa,7,Ineficiente
350.3,False,14,Casa,7,Ineficiente
100.8,False,4,Departamento,2,Eficiente
323.9,True,15,Casa,11,Ineficiente
346.3,False,17,Departamento,9,Moderado
159.3,False,9,Departamento,4,Eficiente
151.9,False,6,Departamento,4,Moderado
266.1,False,11,Departamento,9,Ineficiente
187.6,False,11,Casa,3,Moderado
73.7,False,3,Casa,1,Eficiente
188.6,False,10,Casa,4,Eficiente
211.7,True,14,Departamento,8,Moderado
233.5,False,14,Departamento,7,Moderado
137.9,False,6,Casa,2,Eficiente
175.5,False,9,Casa,3,Eficiente
301.3,False,17,Casa,6,Moderado
194.9,True,9,Casa,6,Ineficiente
92.6,True,2,Departamento,3,Moderado
334.8,True,15,Casa,7,Ineficiente
182.4,True,7,Casa,6,Ineficiente
318.8,True,15,Casa,8,Ineficiente
111.8,False,5,Casa,2,Eficiente
192.8,False,10,Casa,7,Moderado
213.3,True,11,Departamento,6,Ineficiente
195.0,False,13,Casa,6,Eficiente
104.1,False,6,Departamento,4,Eficiente
72.1,False,3,Casa,3,Eficiente
384.6,False,16,Casa,8,Ineficiente
223.7,True,15,Casa,10,Ineficiente
331.1,False,15,Casa,8,Ineficiente
292.2,True,13,Casa,10,Ineficiente
259.0,False,14,Casa,7,Moderado
151.4,False,8,Departamento,3,Eficiente
213.4,False,13,Departamento,7,Moderado
316.2,False,17,Departamento,10,Moderado
206.7,False,10,Casa,5,Moderado
386.2,True,14,Departamento,10,Ineficiente
93.1,False,3,Departamento,2,Eficiente
100.7,False,5,Casa,1,Eficiente
304.2,True,13,Casa,8,Ineficiente
141.7,False,3,Casa,4,Moderado
410.4,False,17,Departamento,8,Ineficiente
344.7,False,15,Casa,8,Ineficiente
395.1,False,13,Casa,8,Ineficiente
135.7,False,5,Casa,2,Eficiente
85.2,False,6,Departamento,3,Eficiente
325.6,False,16,Departamento,8,Ineficiente
92.5,False,5,Departamento,1,Eficiente
338.1,False,16,Departamento,8,Ineficiente
260.4,False,13,Casa,6,Moderado
169.9,False,8,Departamento,5,Moderado
212.6,False,14,Departamento,6,Eficiente
214.0,True,13,Departamento,8,Ineficiente
182.8,True,7,Casa,7,Ineficiente
362.8,True,14,Casa,10,Ineficiente
358.1,False,14,Casa,8,Ineficiente
216.5,True,14,Casa,9,Ineficiente
135.0,False,3,Departamento,3,Moderado
305.5,False,17,Departamento,7,Moderado
74.4,False,4,Departamento,2,Eficiente
209.3,False,12,Departamento,3,Eficiente
274.1,False,13,Casa,7,Ineficiente
141.9,False,9,Casa,2,Eficiente
304.4,False,15,Casa,6,Moderado
194.4,False,8,Casa,4,Ineficiente
156.3,False,5,Casa,3,Moderado
304.0,False,12,Casa,6,Ineficiente
126.2,False,8,Casa,4,Eficiente
248.4,False,16,Departamento,7,Moderado
86.8,False,5,Casa,2,Eficiente
226.5,False,12,Casa,7,Moderado
206.6,False,9,Casa,9,Ineficiente
140.7,False,5,Departamento,4,Moderado
207.9,False,10,Departamento,7,Moderado
195.6,False,10,Casa,6,Moderado
310.5,True,18,Casa,10,Ineficiente
222.7,False,15,Departamento,4,Eficiente
213.5,False,11,Departamento,2,Eficiente
197.6,False,7,Departamento,3,Moderado
161.2,False,6,Casa,3,Moderado
152.9,False,9,Departamento,5,Moderado
191.1,False,11,Departamento,5,Eficiente
182.8,False,9,Casa,4,Eficiente
277.5,False,14,Departamento,8,Eficiente
209.6,False,10,Casa,6,Eficiente
203.2,False,9,Departamento,4,Moderado
111.8,False,8,Casa,3,Eficiente
292.1,True,18,Casa,10,Ineficiente
138.3,False,5,Departamento,6,Moderado
113.9,False,2,Departamento,3,Moderado
405.0,False,17,Casa,10,Ineficiente
232.9,False,12,Departamento,6,Moderado
303.8,False,16,Casa,10,Ineficiente
237.9,False,14,Casa,6,Moderado
167.3,False,6,Departamento,5,Moderado
179.8,False,12,Casa,5,Eficiente
276.1,False,14,Casa,9,Ineficiente
281.3,False,16,Departamento,9,Moderado
192.3,False,10,Casa,4,Eficiente
476.7,True,18,Casa,10,Ineficiente
183.5,False,5,Casa,7,Ineficiente
96.6,True,5,Departamento,4,Eficiente
97.5,False,2,Casa,3,Moderado
98.0,False,4,Casa,1,Moderado
145.6,False,9,Departamento,3,Eficiente
181.1,False,8,Casa,4,Moderado
265.2,False,12,Casa,8,Ineficiente
174.4,False,8,Departamento,5,Moderado
247.9,True,13,Departamento,10,Ineficiente
200.3,True,9,Casa,6,Ineficiente
174.7,True,9,Departamento,7,Eficiente
135.3,False,6,Departamento,3,Eficiente
366.4,False,17,Casa,5,Moderado
91.1,False,2,Departamento,3,Moderado
197.5,True,9,Departamento,9,Ineficiente
160.5,False,8,Departamento,6,Moderado
243.6,True,13,Departamento,8,Eficiente
172.2,False,8,Departamento,5,Moderado
174.2,False,8,Departamento,5,Ineficiente
157.8,False,8,Departamento,3,Eficiente
309.2,False,13,Departamento,6,Ineficiente
171.3,False,9,Departamento,4,Eficiente
397.9,True,16,Departamento,9,Ineficiente
196.7,False,11,Departamento,5,Eficiente
187.8,False,8,Casa,5,Eficiente
218.5,False,8,Departamento,5,Ineficiente
157.4,False,7,Casa,6,Ineficiente
187.7,False,8,Departamento,3,Moderado
171.7,False,3,Departamento,4,Ineficiente
201.8,False,14,Departamento,5,Eficiente
231.2,True,14,Casa,8,Ineficiente
202.6,False,12,Departamento,4,Eficiente
207.7,True,11,Casa,6,Ineficiente
389.6,False,17,Casa,8,Ineficiente
238.4,False,12,Casa,6,Moderado
600.2,True,18,Casa,10,Ineficiente
203.6,False,11,Casa,3,Eficiente
256.0,True,14,Departamento,11,Ineficiente
359.1,False,19,Casa,4,Moderado
146.2,False,7,Casa,4,Eficiente
239.9,False,11,Casa,6,Moderado
155.3,False,8,Departamento,3,Eficiente
211.4,False,12,Departamento,7,Moderado
180.8,False,9,Casa,6,Moderado
145.2,True,7,Casa,6,Moderado
178.1,False,7,Casa,5,Moderado
331.6,False,16,Departamento,8,Ineficiente
241.0,False,11,Casa,4,Eficiente
118.0,False,4,Casa,3,Moderado
316.7,False,14,Casa,9,Ineficiente
137.3,False,8,Casa,5,Eficiente
272.0,True,17,Casa,8,Ineficiente
251.5,True,11,Casa,9,Ineficiente
226.5,False,12,Departamento,5,Moderado
430.9,False,16,Casa,8,Ineficiente
138.8,False,7,Casa,3,Eficiente
224.5,False,12,Departamento,5,Moderado
338.8,False,15,Casa,8,Eficiente
134.4,False,6,Departamento,2,Eficiente
127.8,False,5,Departamento,2,Eficiente
175.4,True,12,Casa,7,Moderado
196.1,False,9,Departamento,3,Moderado
96.0,False,4,Departamento,2,Eficiente
219.0,False,13,Departamento,4,Eficiente
110.5,False,5,Casa,1,Eficiente
345.8,False,15,Casa,9,Ineficiente
251.7,True,16,Casa,8,Ineficiente
388.0,True,13,Departamento,9,Ineficiente
231.5,False,11,Departamento,7,Moderado
173.0,False,10,Casa,6,Eficiente
145.0,False,5,Casa,4,Moderado
224.2,False,11,Casa,7,Moderado
285.9,False,13,Departamento,7,Ineficiente
135.1,True,7,Casa,5,Moderado
405.9,False,18,Departamento,8,Ineficiente
296.7,False,15,Departamento,8,Moderado
161.6,False,10,Departamento,2,Eficiente
374.6,False,14,Departamento,7,Ineficiente
142.4,False,7,Casa,3,Eficiente
189.4,False,13,Departamento,4,Eficiente
100.1,False,6,Departamento,3,Eficiente
432.3,False,19,Casa,8,Ineficiente
101.5,False,3,Casa,3,Moderado
109.2,False,6,Casa,2,Eficiente
151.7,False,6,Casa,5,Moderado
346.9,False,17,Casa,8,Ineficiente
297.3,False,17,Casa,7,Moderado
182.4,False,8,Departamento,5,Moderado
303.5,False,12,Casa,8,Ineficiente
192.7,True,14,Casa,7,Moderado
241.5,True,14,Casa,7,Ineficiente
399.0,False,16,Casa,10,Ineficiente
158.7,False,7,Departamento,5,Moderado
146.6,True,3,Casa,4,Ineficiente
239.5,False,13,Casa,4,Eficiente
276.8,False,13,Casa,8,Ineficiente
210.4,False,12,Casa,7,Moderado
262.8,True,14,Departamento,9,Ineficiente
159.2,False,2,Departamento,5,Moderado
210.6,False,12,Casa,6,Eficiente
203.3,True,11,Departamento,7,Ineficiente
228.2,True,13,Casa,6,Eficiente
341.7,False,16,Departamento,7,Ineficiente
204.9,False,11,Departamento,6,Moderado
174.1,False,9,Casa,5,Eficiente
216.6,False,12,Departamento,6,Moderado
268.0,False,15,Departamento,6,Moderado
234.9,False,16,Departamento,6,Eficiente
94.1,False,2,Departamento,2,Eficiente
69.5,False,2,Casa,2,Eficiente
298.7,False,18,Departamento,6,Moderado
207.3,False,11,Departamento,7,Moderado
197.3,False,12,Casa,5,Eficiente
266.9,False,14,Casa,7,Eficiente
395.5,False,16,Departamento,8,Ineficiente
313.7,False,17,Departamento,9,Ineficiente
301.9,False,16,Casa,8,Moderado
144.9,False,7,Casa,4,Eficiente
64.8,False,2,Departamento,5,Moderado
228.1,False,15,Departamento,6,Eficiente
318.4,False,19,Casa,8,Moderado
288.2,False,18,Departamento,7,Moderado
231.1,False,13,Departamento,4,Eficiente
185.7,False,9,Casa,5,Moderado
157.5,False,8,Casa,5,Eficiente
122.5,False,3,Departamento,4,Moderado
186.1,False,14,Casa,7,Eficiente
131.2,False,8,Casa,4,Eficiente
363.2,False,17,Departamento,8,Ineficiente
99.0,False,6,Departamento,3,Eficiente
183.3,False,9,Casa,5,Moderado
76.4,False,2,Departamento,2,Eficiente
199.7,False,11,Casa,2,Eficiente
174.1,False,9,Casa,6,Moderado
117.1,False,6,Departamento,3,Eficiente
174.2,False,9,Departamento,3,Eficiente
156.4,False,8,Casa,4,Eficiente
164.0,False,10,Departamento,6,Eficiente
395.9,False,14,Departamento,8,Ineficiente
188.6,False,12,Departamento,5,Eficiente
218.7,True,11,Departamento,10,Ineficiente
164.2,False,9,Casa,5,Eficiente
143.4,False,8,Casa,3,Eficiente
197.7,False,13,Casa,3,Eficiente
493.5,True,17,Departamento,11,Ineficiente
153.6,False,8,Departamento,3,Eficiente
205.5,False,13,Departamento,6,Eficiente
141.0,False,4,Casa,3,Moderado
54.7,False,2,Departamento,3,Eficiente
142.0,True,6,Casa,7,Ineficiente
546.0,True,15,Casa,8,Ineficiente
254.4,False,13,Casa,7,Moderado
345.2,True,15,Departamento,9,Ineficiente
173.6,False,9,Casa,5,Eficiente
64.6,True,3,Departamento,5,Moderado
109.2,False,6,Departamento,3,Eficiente
204.7,False,12,Departamento,5,Eficiente
172.5,False,8,Departamento,3,Eficiente
140.4,True,6,Departamento,6,Eficiente
296.6,False,15,Casa,8,Ineficiente
142.1,False,11,Departamento,3,Eficiente
198.0,False,8,Departamento,6,Moderado
215.0,False,10,Casa,6,Moderado
169.5,False,7,Casa,4,Moderado
136.6,False,7,Casa,2,Eficiente
169.0,False,9,Casa,4,Eficiente
385.4,False,15,Departamento,9,Ineficiente
318.1,False,17,Casa,9,Ineficiente
306.1,False,16,Casa,7,Moderado
144.9,False,8,Casa,5,Eficiente
108.3,False,7,Casa,4,Eficiente
313.6,False,11,Casa,6,Ineficiente
258.2,False,15,Departamento,7,Moderado
210.9,False,9,Casa,6,Moderado
169.5,False,9,Casa,6,Eficiente
94.5,False,4,Departamento,1,Moderado
247.9,False,13,Departamento,7,Moderado
330.6,False,13,Casa,7,Ineficiente
146.3,False,4,Casa,5,Eficiente
340.6,False,17,Casa,9,Ineficiente
152.4,False,5,Casa,5,Moderado
372.7,True,16,Departamento,8,Ineficiente
165.9,False,12,Departamento,4,Eficiente
171.4,False,13,Casa,6,Eficiente
179.4,False,6,Departamento,5,Moderado
168.2,False,7,Casa,4,Moderado
319.5,False,14,Casa,6,Ineficiente
291.4,True,19,Casa,4,Moderado
319.4,True,15,Casa,7,Ineficiente
187.7,False,12,Departamento,5,Eficiente
163.3,True,9,Casa,6,Moderado
174.2,False,7,Departamento,5,Moderado
166.9,False,5,Casa,5,Moderado
321.6,False,14,Departamento,10,Ineficiente
262.6,False,18,Departamento,6,Eficiente
192.4,False,11,Casa,3,Ineficiente
134.9,False,8,Casa,2,Eficiente
331.5,True,13,Departamento,11,Ineficiente
214.8,False,11,Casa,6,Moderado
189.0,False,11,Casa,6,Eficiente
335.2,False,14,Departamento,7,Ineficiente
161.1,False,8,Casa,4,Eficiente
173.0,False,7,Casa,2,Moderado
184.1,False,11,Casa,4,Eficiente
116.0,False,5,Casa,3,Eficiente
227.9,False,14,Casa,7,Moderado
144.9,False,8,Casa,4,Eficiente
156.9,False,7,Casa,6,Moderado
146.2,True,9,Casa,5,Eficiente
154.8,False,6,Casa,4,Moderado
123.8,False,6,Departamento,3,Eficiente
191.3,True,7,Departamento,6,Ineficiente
190.0,False,9,Casa,6,Moderado
203.7,False,15,Casa,5,Eficiente
474.4,True,18,Departamento,12,Ineficiente
185.6,False,11,Casa,4,Eficiente
253.5,False,12,Casa,6,Moderado
235.0,True,11,Departamento,7,Ineficiente
195.7,False,10,Casa,6,Moderado
194.4,False,10,Departamento,4,Eficiente
173.7,False,12,Departamento,5,Eficiente
191.7,False,12,Departamento,4,Eficiente
153.7,False,8,Casa,3,Eficiente
164.8,False,8,Casa,3,Eficiente
198.0,False,12,Casa,6,Eficiente
75.9,False,2,Departamento,2,Eficiente
328.9,False,12,Departamento,7,Ineficiente
436.3,False,18,Departamento,9,Ineficiente
214.4,True,12,Casa,7,Ineficiente
231.2,False,10,Departamento,4,Moderado
311.9,False,11,Casa,6,Ineficiente
100.9,False,6,Departamento,2,Ineficiente
294.0,True,14,Casa,9,Ineficiente
169.6,False,9,Casa,5,Eficiente
525.8,True,16,Casa,10,Ineficiente
160.1,False,8,Departamento,5,Eficiente
292.0,True,14,Casa,9,Eficiente
183.8,False,10,Casa,3,Eficiente
501.6,False,18,Casa,5,Ineficiente
280.9,False,14,Departamento,7,Moderado
262.3,True,15,Casa,9,Ineficiente
191.3,False,8,Departamento,5,Moderado
150.8,False,7,Casa,5,Moderado
67.5,False,2,Casa,2,Eficiente
316.5,False,15,Casa,8,Ineficiente
164.2,True,11,Casa,8,Moderado
326.2,False,16,Casa,5,Moderado
234.4,False,17,Casa,8,Moderado
334.8,False,16,Casa,4,Moderado
239.6,False,13,Departamento,5,Moderado
62.3,False,3,Departamento,1,Eficiente
224.3,False,12,Departamento,4,Eficiente
172.6,False,9,Casa,4,Eficiente
320.7,False,14,Casa,7,Ineficiente
226.3,False,12,Departamento,7,Moderado
224.1,False,11,Departamento,7,Moderado
178.0,False,11,Casa,5,Eficiente
138.3,False,3,Casa,5,Moderado
168.1,True,9,Casa,7,Moderado
92.9,False,2,Casa,2,Eficiente
155.6,False,8,Casa,4,Eficiente
107.9,False,4,Casa,2,Eficiente
94.9,False,2,Departamento,1,Eficiente
183.6,False,11,Departamento,5,Eficiente
215.5,False,7,Departamento,4,Moderado
200.1,True,11,Casa,7,Ineficiente
143.2,True,8,Departamento,3,Eficiente
116.7,False,7,Departamento,3,Eficiente
174.7,False,6,Casa,4,Moderado
122.7,True,4,Departamento,6,Ineficiente
169.0,True,11,Departamento,6,Moderado
92.3,False,6,Departamento,2,Eficiente
271.5,True,17,Casa,9,Ineficiente
138.3,False,11,Departamento,3,Eficiente
236.1,False,12,Casa,6,Moderado
289.7,False,15,Casa,6,Moderado
229.1,False,12,Casa,6,Ineficiente
278.5,True,11,Casa,8,Ineficiente
83.9,False,3,Casa,3,Eficiente
162.1,False,4,Casa,2,Moderado
276.1,False,13,Departamento,5,Moderado
246.5,False,11,Casa,9,Moderado
382.6,False,17,Departamento,7,Ineficiente
413.8,False,15,Casa,7,Ineficiente
197.0,False,7,Departamento,5,Eficiente
156.3,False,9,Departamento,5,Eficiente
117.3,True,4,Departamento,6,Ineficiente
142.3,False,6,Departamento,3,Eficiente
147.8,False,5,Departamento,3,Moderado
155.2,False,10,Casa,4,Eficiente
135.7,False,7,Casa,4,Eficiente
407.0,False,13,Casa,7,Ineficiente
292.8,False,19,Casa,6,Moderado
174.3,False,13,Casa,4,Eficiente
270.3,False,17,Departamento,9,Moderado
200.9,False,10,Departamento,5,Moderado
170.3,False,8,Departamento,8,Moderado
166.6,False,9,Departamento,4,Eficiente
183.5,False,8,Casa,3,Moderado
258.4,False,12,Casa,7,Ineficiente
182.8,False,12,Departamento,6,Eficiente
127.6,False,5,Departamento,4,Moderado
144.2,False,5,Casa,4,Ineficiente
227.0,False,14,Casa,6,Ineficiente
237.2,False,12,Casa,6,Moderado
173.5,False,5,Casa,2,Moderado
124.3,False,3,Casa,4,Moderado
339.7,True,15,Casa,9,Ineficiente
269.1,False,15,Departamento,8,Moderado
76.6,False,4,Departamento,1,Eficiente
347.7,True,18,Casa,9,Ineficiente
161.2,True,8,Departamento,8,Ineficiente
189.4,False,9,Departamento,7,Moderado
324.0,True,18,Casa,10,Ineficiente
346.8,False,18,Departamento,5,Moderado
303.3,False,15,Casa,6,Moderado
192.2,True,11,Departamento,8,Ineficiente
112.0,False,4,Casa,2,Eficiente
251.2,False,17,Departamento,7,Moderado
350.3,True,15,Casa,10,Ineficiente
140.5,False,7,Casa,2,Eficiente
181.1,False,7,Casa,6,Moderado
137.3,False,8,Departamento,3,Eficiente
135.8,False,4,Departamento,4,Moderado
316.6,True,18,Casa,9,Ineficiente
192.3,False,14,Departamento,7,Eficiente
181.6,False,11,Casa,7,Eficiente
607.8,False,17,Casa,11,Ineficiente
109.2,False,4,Casa,5,Moderado
251.0,False,13,Casa,6,Moderado
130.6,False,6,Casa,3,Eficiente
189.3,False,10,Casa,4,Eficiente
209.2,True,13,Casa,8,Moderado
247.0,False,12,Departamento,6,Moderado
178.9,False,12,Casa,5,Eficiente
148.7,True,6,Departamento,5,Ineficiente
153.2,False,6,Departamento,4,Moderado
110.4,False,5,Departamento,2,Eficiente
259.6,False,15,Casa,6,Moderado
193.8,False,7,Departamento,5,Eficiente
243.5,False,12,Casa,6,Moderado
194.1,False,7,Casa,3,Moderado
184.1,False,9,Casa,4,Eficiente
332.3,True,15,Casa,10,Ineficiente
266.1,True,15,Departamento,9,Ineficiente
314.4,True,14,Departamento,7,Ineficiente
203.2,False,10,Departamento,6,Moderado
354.5,True,18,Casa,10,Ineficiente
145.9,True,11,Departamento,4,Eficiente
159.7,False,6,Departamento,3,Moderado
333.0,False,18,Casa,8,Moderado
284.1,True,15,Casa,6,Ineficiente
154.8,True,4,Departamento,6,Ineficiente
128.6,False,4,Casa,4,Moderado
181.8,False,4,Casa,6,Ineficiente
131.6,False,6,Departamento,5,Eficiente
411.8,False,15,Casa,7,Ineficiente
277.4,False,15,Casa,8,Ineficiente
144.7,False,11,Casa,4,Eficiente
112.7,False,7,Departamento,2,Eficiente
124.3,False,4,Departamento,4,Moderado
138.3,False,4,Departamento,4,Moderado
161.5,False,10,Departamento,6,Eficiente
277.9,True,13,Departamento,10,Ineficiente
115.8,False,7,Departamento,2,Eficiente
518.2,True,22,Casa,10,Ineficiente
96.7,False,6,Departamento,3,Eficiente
349.9,False,18,Departamento,7,Moderado
347.3,True,15,Casa,12,Ineficiente
163.5,False,9,Departamento,3,Eficiente
202.1,False,9,Departamento,7,Moderado
239.1,True,15,Casa,7,Moderado
212.8,False,10,Casa,5,Moderado
114.8,False,6,Casa,4,Eficiente
69.8,False,5,Casa,1,Eficiente
139.8,False,5,Casa,3,Moderado
432.2,True,15,Casa,10,Ineficiente
439.4,False,16,Casa,6,Ineficiente
178.3,False,8,Casa,6,Ineficiente
114.4,False,5,Departamento,4,Eficiente
193.5,False,9,Departamento,7,Moderado
237.9,False,11,Casa,7,Ineficiente
256.6,True,15,Casa,8,Ineficiente
759.3,True,16,Casa,10,Ineficiente
318.7,False,12,Casa,7,Ineficiente
184.9,False,12,Casa,4,Eficiente
147.8,False,6,Casa,6,Moderado
264.7,False,18,Departamento,6,Eficiente
245.5,True,13,Casa,10,Ineficiente
179.0,False,10,Departamento,5,Moderado
241.3,False,12,Casa,6,Moderado
192.2,False,11,Casa,6,Eficiente
205.1,False,17,Departamento,6,Eficiente
270.8,False,14,Casa,7,Moderado
200.7,False,13,Departamento,6,Eficiente
199.5,True,11,Departamento,8,Ineficiente
312.3,False,17,Departamento,9,Moderado
103.7,False,2,Casa,3,Moderado
141.7,False,10,Casa,3,Eficiente
205.1,False,12,Casa,5,Eficiente
144.7,False,6,Casa,6,Ineficiente
171.8,False,10,Casa,2,Eficiente
298.4,False,15,Departamento,6,Eficiente
162.8,False,6,Departamento,4,Moderado
92.3,False,2,Casa,2,Eficiente
167.1,True,12,Casa,7,Moderado
178.3,False,9,Departamento,6,Moderado
176.6,False,8,Departamento,4,Moderado
248.3,False,12,Casa,8,Ineficiente
243.6,False,16,Casa,5,Eficiente
163.9,True,7,Departamento,5,Ineficiente
107.0,False,5,Departamento,4,Eficiente
144.0,False,6,Departamento,2,Eficiente
153.5,False,5,Casa,4,Moderado
178.2,False,11,Casa,7,Eficiente
266.8,False,16,Casa,4,Eficiente
236.5,False,12,Casa,6,Moderado
245.6,False,13,Departamento,8,Moderado
330.6,False,16,Departamento,7,Ineficiente
232.7,False,16,Departamento,6,Eficiente
220.4,False,11,Departamento,5,Moderado
130.7,False,5,Departamento,4,Ineficiente
81.1,False,2,Casa,2,Eficiente
153.5,False,4,Casa,2,Moderado
271.1,False,14,Casa,6,Moderado
181.4,False,10,Departamento,3,Eficiente
164.0,False,8,Departamento,4,Eficiente
142.1,True,6,Casa,6,Ineficiente
89.2,False,2,Casa,2,Eficiente
369.0,False,17,Casa,8,Ineficiente
147.0,True,8,Departamento,7,Moderado
153.0,True,8,Casa,6,Moderado
297.1,True,16,Departamento,10,Moderado
255.6,False,16,Departamento,5,Eficiente
131.8,False,7,Casa,2,Eficiente
322.7,False,16,Casa,7,Ineficiente
161.0,False,5,Departamento,5,Moderado
134.4,False,8,Departamento,3,Eficiente
174.9,True,8,Casa,7,Ineficiente
145.1,False,7,Casa,4,Eficiente
98.2,False,2,Departamento,1,Eficiente
243.0,False,17,Departamento,9,Moderado
159.4,False,3,Departamento,3,Moderado
223.2,False,15,Departamento,5,Eficiente
197.3,False,11,Departamento,7,Moderado
252.9,False,10,Casa,7,Ineficiente
74.0,False,7,Departamento,1,Eficiente
140.9,False,7,Casa,3,Eficiente
218.7,False,8,Departamento,5,Ineficiente
101.9,False,3,Departamento,1,Eficiente
203.2,False,12,Departamento,6,Eficiente
111.0,False,8,Casa,2,Moderado
336.5,False,11,Departamento,7,Ineficiente
238.4,False,16,Departamento,6,Eficiente
80.4,False,4,Departamento,1,Eficiente
287.9,False,11,Casa,7,Ineficiente
436.0,False,17,Casa,8,Ineficiente
553.9,False,18,Departamento,7,Ineficiente
212.4,False,11,Departamento,5,Moderado
96.5,False,2,Departamento,2,Eficiente
208.5,False,10,Departamento,7,Moderado
390.2,False,16,Casa,10,Ineficiente
185.7,False,10,Casa,5,Eficiente
266.9,False,15,Departamento,8,Moderado
141.2,False,3,Casa,2,Moderado
200.1,True,11,Departamento,7,Ineficiente
61.2,False,4,Departamento,3,Eficiente
118.1,False,5,Departamento,1,Ineficiente
199.1,False,10,Casa,6,Moderado
150.1,True,10,Departamento,5,Eficiente
116.7,False,7,Casa,1,Ineficiente
163.4,False,7,Casa,5,Moderado
229.2,False,12,Casa,8,Moderado
195.1,False,12,Casa,5,Eficiente
177.8,False,12,Departamento,5,Eficiente
239.4,False,11,Departamento,7,Eficiente
170.2,False,7,Casa,5,Moderado
307.5,True,16,Departamento,8,Eficiente
131.6,False,4,Casa,3,Moderado
394.3,True,13,Departamento,10,Ineficiente
277.3,False,13,Departamento,4,Moderado
147.3,False,8,Departamento,5,Ineficiente
175.4,False,12,Casa,3,Moderado
220.6,True,11,Casa,8,Ineficiente
256.0,False,13,Casa,8,Moderado
274.4,False,15,Departamento,7,Moderado
100.2,False,3,Departamento,1,Eficiente
239.8,False,12,Casa,7,Moderado
81.3,False,4,Casa,4,Eficiente
162.8,False,6,Departamento,3,Moderado
367.2,False,15,Casa,5,Ineficiente
95.7,False,3,Departamento,4,Moderado
88.1,False,4,Departamento,3,Eficiente
215.7,False,9,Casa,6,Ineficiente
357.4,False,16,Casa,5,Ineficiente
228.2,False,10,Casa,7,Ineficiente
89.5,False,2,Casa,3,Moderado
86.8,False,5,Departamento,5,Eficiente
180.5,False,9,Departamento,4,Eficiente
122.8,False,8,Casa,3,Eficiente
211.2,False,11,Casa,3,Eficiente
216.7,False,14,Casa,7,Eficiente
161.1,True,9,Casa,7,Moderado
372.3,False,16,Departamento,8,Ineficiente
222.6,False,10,Departamento,7,Ineficiente
288.2,False,15,Departamento,6,Moderado
291.6,True,14,Casa,9,Ineficiente
161.9,True,7,Departamento,6,Ineficiente
183.5,True,10,Casa,8,Ineficiente
153.3,False,5,Departamento,5,Moderado
227.8,False,11,Departamento,6,Moderado
130.2,False,4,Departamento,3,Moderado
417.4,True,16,Casa,10,Ineficiente
148.3,False,6,Casa,3,Eficiente
190.1,True,9,Departamento,9,Ineficiente
145.2,False,6,Departamento,4,Moderado
500.3,False,17,Casa,7,Ineficiente
142.3,False,5,Departamento,5,Ineficiente
131.4,True,9,Departamento,8,Moderado
205.1,False,10,Casa,5,Moderado
190.8,False,6,Casa,6,Ineficiente
124.9,False,6,Casa,2,Eficiente
166.8,False,7,Casa,4,Moderado
226.6,False,13,Departamento,6,Moderado
269.1,False,14,Departamento,7,Moderado
174.1,False,10,Departamento,4,Eficiente
180.4,False,9,Departamento,4,Eficiente
151.3,False,7,Departamento,4,Eficiente
161.2,False,10,Casa,5,Eficiente
118.1,False,2,Departamento,3,Moderado
104.8,False,2,Casa,2,Eficiente
130.2,False,4,Departamento,2,Moderado
289.2,False,12,Casa,8,Ineficiente
144.1,False,6,Departamento,5,Moderado
174.9,False,8,Casa,6,Moderado
169.9,False,10,Casa,5,Eficiente
336.3,False,16,Casa,7,Ineficiente
137.3,False,6,Casa,3,Eficiente
227.2,False,12,Casa,6,Moderado
193.7,False,9,Casa,5,Moderado
205.7,False,13,Casa,4,Eficiente
191.0,False,12,Departamento,3,Eficiente
204.4,True,9,Casa,7,Ineficiente
243.9,False,16,Departamento,6,Moderado
363.8,True,15,Departamento,9,Ineficiente
204.7,False,12,Casa,5,Eficiente
97.6,False,5,Casa,3,Eficiente
225.2,False,12,Departamento,8,Moderado
208.1,False,11,Departamento,5,Moderado
204.3,True,13,Casa,6,Moderado
178.8,False,8,Casa,4,Moderado
82.6,False,3,Casa,4,Eficiente
88.1,False,7,Casa,4,Eficiente
401.3,False,14,Casa,9,Ineficiente
137.2,False,5,Departamento,4,Moderado
301.4,False,17,Casa,8,Moderado
90.0,False,5,Departamento,2,Eficiente
127.5,False,7,Casa,4,Eficiente
193.7,False,11,Casa,6,Eficiente
246.4,False,13,Casa,6,Moderado
195.5,False,15,Casa,5,Eficiente
161.8,True,9,Departamento,5,Ineficiente
129.6,False,6,Departamento,4,Eficiente
359.4,True,16,Casa,10,Ineficiente
335.2,False,17,Departamento,8,Ineficiente
129.9,False,4,Casa,1,Eficiente
125.7,False,8,Casa,4,Eficiente
150.3,True,5,Departamento,5,Ineficiente
226.8,False,13,Casa,5,Eficiente
183.5,True,8,Casa,6,Ineficiente
245.9,False,13,Casa,6,Moderado
172.4,True,11,Departamento,6,Moderado
190.5,True,7,Casa,5,Ineficiente
474.5,False,16,Departamento,6,Ineficiente
162.2,False,5,Casa,4,Moderado
397.0,True,16,Casa,11,Ineficiente
372.4,False,14,Casa,9,Ineficiente
216.8,True,12,Departamento,9,Ineficiente
88.8,False,3,Casa,2,Eficiente
173.3,False,10,Departamento,4,Eficiente
162.4,True,10,Casa,6,Moderado
201.6,False,11,Casa,6,Moderado
127.9,False,7,Casa,5,Eficiente
274.2,False,17,Casa,6,Moderado
304.8,False,13,Casa,7,Ineficiente
281.5,False,17,Departamento,7,Eficiente
146.7,False,7,Departamento,3,Eficiente
112.4,False,3,Departamento,2,Eficiente
201.2,False,11,Departamento,5,Eficiente
411.0,False,16,Casa,7,Ineficiente
180.0,False,7,Departamento,6,Moderado
240.7,False,11,Casa,8,Ineficiente
159.0,False,11,Departamento,4,Eficiente
138.5,False,7,Departamento,5,Eficiente
263.6,False,17,Casa,7,Moderado
165.7,False,8,Departamento,3,Eficiente
207.8,False,10,Departamento,6,Moderado
249.5,True,10,Casa,7,Ineficiente
203.0,True,13,Departamento,8,Moderado
250.4,False,14,Casa,7,Moderado
138.4,False,6,Casa,3,Eficiente
135.8,False,5,Casa,3,Moderado
168.1,False,11,Departamento,3,Eficiente
199.3,False,10,Casa,7,Moderado
138.4,True,6,Departamento,5,Ineficiente
220.9,False,11,Casa,6,Moderado
287.9,False,14,Casa,7,Ineficiente
288.9,False,16,Departamento,7,Moderado
360.8,False,14,Casa,8,Ineficiente
99.2,False,4,Departamento,3,Eficiente
122.5,False,7,Casa,3,Eficiente
154.1,False,7,Departamento,4,Eficiente
177.0,False,11,Departamento,3,Eficiente
182.4,False,12,Casa,4,Eficiente
158.1,False,9,Casa,4,Eficiente
175.4,False,8,Casa,5,Moderado
214.2,False,12,Departamento,4,Eficiente
98.5,False,5,Departamento,3,Ineficiente
530.0,False,16,Casa,8,Ineficiente
199.6,False,10,Casa,5,Moderado
269.8,True,13,Departamento,8,Moderado
156.5,False,12,Casa,3,Eficiente
219.2,False,11,Departamento,4,Moderado
183.6,True,12,Departamento,6,Moderado
285.7,True,13,Casa,9,Ineficiente
186.6,False,13,Casa,6,Eficiente
386.8,False,16,Casa,8,Ineficiente
106.7,False,4,Casa,4,Moderado
263.0,False,11,Departamento,7,Ineficiente
185.6,False,12,Departamento,4,Eficiente
114.8,False,7,Departamento,5,Eficiente
451.9,False,15,Casa,7,Ineficiente
436.7,False,19,Casa,6,Ineficiente
73.4,False,2,Departamento,2,Eficiente
215.0,False,13,Casa,4,Eficiente
270.2,False,14,Casa,7,Moderado
242.7,False,16,Casa,6,Eficiente
300.1,False,17,Departamento,8,Moderado
226.7,True,15,Casa,8,Moderado
459.4,True,16,Departamento,9,Ineficiente
296.3,True,15,Casa,10,Ineficiente
169.6,False,7,Casa,3,Moderado
160.4,True,7,Casa,6,Ineficiente
290.3,False,18,Departamento,8,Moderado
144.0,False,8,Casa,3,Eficiente
180.0,False,12,Casa,5,Eficiente
203.0,False,12,Departamento,7,Moderado
160.2,False,9,Departamento,3,Eficiente
115.0,False,6,Casa,3,Eficiente
287.6,False,15,Departamento,9,Ineficiente
170.7,False,5,Casa,6,Ineficiente
462.7,False,19,Casa,8,Ineficiente
199.3,False,7,Departamento,5,Moderado
293.6,True,17,Departamento,10,Eficiente
259.5,False,14,Casa,7,Moderado
304.8,False,17,Departamento,9,Moderado
253.3,False,14,Casa,8,Eficiente
190.3,True,12,Departamento,5,Moderado
276.7,False,14,Departamento,5,Moderado
494.3,False,17,Departamento,7,Ineficiente
179.4,False,10,Casa,3,Eficiente
242.3,False,16,Departamento,8,Moderado
170.7,False,10,Departamento,3,Eficiente
248.5,True,11,Casa,8,Ineficiente
204.5,True,10,Casa,6,Ineficiente
69.1,False,4,Departamento,1,Eficiente
183.0,False,12,Casa,6,Eficiente
264.1,False,13,Departamento,6,Moderado
145.0,False,11,Casa,6,Eficiente
253.8,False,14,Departamento,8,Moderado
213.7,False,12,Casa,6,Moderado
159.1,False,6,Departamento,2,Moderado
257.5,False,16,Departamento,6,Eficiente
265.7,False,13,Casa,9,Ineficiente
209.3,False,10,Departamento,6,Moderado
217.4,False,14,Casa,5,Eficiente
100.0,False,5,Casa,3,Eficiente
150.6,False,6,Departamento,4,Moderado
82.2,False,2,Departamento,2,Eficiente
267.3,True,17,Casa,10,Ineficiente
252.8,False,13,Departamento,8,Moderado
296.5,True,16,Casa,10,Ineficiente
249.1,True,15,Casa,7,Ineficiente
261.3,False,8,Departamento,5,Ineficiente
104.6,False,6,Casa,2,Eficiente
192.7,False,9,Casa,5,Moderado
112.0,False,4,Casa,4,Moderado
172.0,False,12,Casa,7,Eficiente
390.1,False,19,Casa,8,Ineficiente
277.7,True,15,Departamento,10,Ineficiente
264.0,True,15,Casa,7,Ineficiente
160.5,False,10,Departamento,4,Eficiente
116.3,False,7,Departamento,2,Eficiente
214.0,True,14,Casa,7,Moderado
323.4,False,16,Casa,8,Ineficiente
205.8,False,10,Departamento,5,Moderado
101.8,False,4,Casa,1,Eficiente
206.7,False,11,Casa,7,Moderado
77.7,False,3,Departamento,4,Eficiente
243.5,True,11,Departamento,9,Ineficiente
120.2,False,2,Casa,2,Moderado
279.3,True,15,Casa,8,Ineficiente
250.5,False,14,Casa,8,Moderado
194.6,False,11,Departamento,4,Eficiente
493.5,False,18,Casa,10,Ineficiente
152.5,False,11,Casa,4,Eficiente
212.8,False,11,Departamento,9,Moderado
152.7,False,8,Departamento,5,Eficiente
339.8,False,16,Casa,7,Ineficiente
224.0,True,13,Casa,7,Ineficiente
232.3,True,10,Casa,8,Ineficiente
108.0,False,2,Casa,2,Moderado
203.0,False,11,Casa,5,Eficiente
195.2,False,8,Casa,4,Moderado
113.7,True,4,Departamento,5,Moderado
158.1,False,7,Departamento,5,Moderado
205.5,False,11,Departamento,8,Moderado
175.1,False,11,Departamento,5,Eficiente
180.8,False,11,Casa,3,Eficiente
165.6,False,7,Casa,5,Moderado
187.0,False,9,Departamento,4,Moderado
206.9,False,12,Casa,6,Moderado
164.7,True,7,Casa,6,Ineficiente
208.0,False,11,Casa,4,Eficiente
260.3,False,11,Departamento,6,Ineficiente
193.8,False,11,Departamento,4,Eficiente
365.2,True,11,Casa,9,Ineficiente
277.5,False,16,Departamento,8,Moderado
349.3,False,19,Casa,7,Moderado
384.4,True,20,Casa,10,Ineficiente
107.2,False,6,Departamento,3,Eficiente
228.0,False,11,Departamento,8,Ineficiente
330.0,False,20,Casa,9,Moderado
315.7,False,13,Departamento,5,Ineficiente
144.4,False,3,Casa,5,Moderado
262.8,False,17,Casa,8,Moderado
179.3,False,10,Departamento,7,Moderado
371.7,True,13,Departamento,9,Ineficiente
95.5,False,2,Departamento,4,Moderado
125.8,False,6,Departamento,3,Eficiente
91.9,False,2,Casa,3,Moderado
445.6,True,20,Departamento,8,Ineficiente
195.9,False,14,Casa,6,Eficiente
208.2,False,12,Casa,6,Eficiente
219.2,False,12,Departamento,4,Eficiente
189.9,False,12,Casa,6,Eficiente
232.8,False,12,Casa,3,Eficiente
206.9,False,7,Departamento,5,Ineficiente
121.7,False,2,Departamento,1,Moderado
168.6,False,8,Departamento,6,Ineficiente
237.3,False,14,Departamento,6,Moderado
294.8,False,15,Casa,7,Moderado
301.6,True,16,Departamento,10,Ineficiente
228.0,False,14,Casa,7,Eficiente
204.4,True,14,Departamento,8,Moderado
275.3,True,15,Casa,10,Ineficiente
135.5,False,7,Departamento,3,Eficiente
133.9,False,6,Departamento,4,Ineficiente
164.8,False,8,Departamento,3,Eficiente
116.8,False,2,Casa,2,Moderado
240.6,False,15,Casa,4,Eficiente
305.4,False,14,Casa,9,Ineficiente
150.1,False,6,Casa,3,Moderado
211.9,False,11,Departamento,7,Ineficiente
155.7,False,5,Casa,5,Moderado
113.4,False,4,Departamento,3,Eficiente
469.7,True,18,Casa,10,Ineficiente
129.0,False,4,Casa,2,Eficiente
100.6,False,6,Departamento,4,Eficiente
217.9,False,11,Casa,5,Moderado
223.4,True,9,Casa,9,Ineficiente
260.2,True,16,Casa,8,Ineficiente
468.7,False,17,Casa,6,Ineficiente
127.0,False,7,Departamento,5,Eficiente
156.6,False,9,Casa,3,Eficiente
391.9,False,15,Casa,8,Ineficiente
255.8,True,13,Departamento,5,Ineficiente
277.2,False,16,Casa,7,Moderado
136.5,True,9,Departamento,6,Eficiente
324.5,False,16,Casa,8,Ineficiente
239.7,False,12,Departamento,6,Moderado
216.2,True,15,Casa,8,Moderado
156.4,False,6,Casa,5,Moderado
182.9,False,10,Departamento,3,Eficiente
351.8,False,15,Departamento,7,Ineficiente
109.7,False,5,Departamento,4,Eficiente
123.2,False,4,Departamento,1,Eficiente
153.6,False,7,Casa,4,Eficiente
144.9,False,6,Departamento,2,Eficiente
174.9,False,10,Departamento,5,Eficiente
298.5,False,15,Casa,7,Moderado
238.6,False,15,Casa,5,Eficiente
201.7,False,9,Casa,5,Moderado
198.3,False,10,Departamento,5,Moderado
259.4,True,15,Casa,8,Ineficiente
98.5,False,5,Casa,2,Eficiente
274.2,False,12,Departamento,6,Eficiente
122.5,False,6,Departamento,1,Eficiente
165.2,False,7,Casa,5,Moderado
203.7,False,13,Departamento,7,Eficiente
194.6,False,14,Casa,3,Eficiente
213.1,False,7,Departamento,7,Ineficiente
214.7,False,11,Casa,6,Eficiente
176.3,True,10,Casa,5,Moderado
330.7,True,16,Departamento,9,Ineficiente
266.4,True,16,Casa,8,Ineficiente
228.8,False,13,Casa,7,Moderado
270.5,False,13,Casa,6,Moderado
127.2,False,4,Departamento,6,Eficiente
435.8,True,14,Departamento,11,Ineficiente
110.0,False,3,Departamento,1,Eficiente
180.8,False,8,Departamento,7,Moderado
154.0,True,8,Departamento,7,Moderado
171.5,False,8,Casa,4,Moderado
163.5,False,7,Casa,5,Moderado
290.8,False,14,Departamento,6,Moderado
104.9,False,3,Departamento,4,Moderado
266.1,True,13,Departamento,8,Ineficiente
262.1,True,15,Casa,10,Moderado
149.5,False,10,Departamento,4,Eficiente
216.7,False,10,Departamento,5,Moderado
164.2,False,10,Departamento,5,Eficiente
109.4,False,6,Departamento,2,Eficiente
109.6,False,5,Departamento,3,Eficiente
228.5,False,15,Departamento,7,Eficiente
260.6,False,14,Casa,8,Moderado
192.3,True,11,Departamento,7,Moderado
166.8,False,9,Casa,3,Eficiente
186.1,True,10,Casa,9,Ineficiente
174.1,False,10,Casa,5,Eficiente
95.8,False,4,Casa,2,Eficiente
204.8,False,12,Casa,6,Moderado
219.2,True,11,Departamento,7,Moderado
177.4,False,8,Departamento,4,Moderado
365.3,False,15,Departamento,11,Ineficiente
131.1,False,5,Casa,2,Eficiente
151.2,False,9,Casa,2,Eficiente
184.9,False,9,Departamento,6,Moderado
89.6,False,4,Casa,3,Eficiente
223.8,True,11,Departamento,9,Ineficiente
192.8,False,13,Departamento,3,Eficiente
71.8,False,4,Departamento,3,Eficiente
167.0,False,8,Departamento,4,Eficiente
122.8,False,5,Departamento,5,Moderado
145.9,False,7,Departamento,3,Ineficiente
114.9,False,2,Casa,5,Moderado
235.6,False,11,Casa,8,Ineficiente
412.0,True,17,Casa,9,Ineficiente
197.3,False,8,Departamento,5,Moderado
71.1,False,2,Departamento,2,Eficiente
228.7,False,12,Casa,8,Moderado
158.9,False,13,Departamento,4,Ineficiente
230.9,False,15,Casa,6,Eficiente
251.4,False,12,Departamento,7,Ineficiente
150.7,False,8,Casa,4,Eficiente
85.0,False,3,Casa,4,Moderado
165.4,False,6,Departamento,6,Moderado
142.1,False,7,Departamento,2,Eficiente
132.5,False,7,Departamento,4,Eficiente
223.4,False,11,Departamento,7,Moderado
241.8,False,12,Casa,7,Moderado
188.9,True,9,Departamento,8,Ineficiente
281.2,False,14,Casa,6,Moderado
154.0,False,7,Casa,4,Eficiente
109.7,False,5,Departamento,1,Moderado
160.1,False,7,Casa,4,Moderado
154.3,False,10,Casa,3,Eficiente
83.1,False,6,Casa,2,Eficiente
139.5,False,7,Departamento,5,Eficiente
321.7,True,15,Casa,11,Ineficiente
279.8,False,14,Casa,5,Moderado
216.0,False,12,Departamento,7,Moderado
210.9,False,12,Casa,7,Moderado
322.4,True,15,Departamento,10,Ineficiente
127.9,False,5,Casa,5,Moderado
282.3,False,15,Departamento,6,Moderado
201.7,True,10,Casa,7,Ineficiente
129.9,False,6,Departamento,4,Eficiente
251.7,True,12,Casa,8,Ineficiente
146.4,False,5,Departamento,3,Moderado
122.1,False,5,Departamento,2,Eficiente
119.7,False,4,Departamento,3,Moderado
198.3,False,9,Departamento,4,Moderado
333.8,False,15,Departamento,9,Ineficiente
178.4,False,13,Casa,6,Ineficiente
154.2,False,9,Departamento,7,Moderado
320.1,False,14,Departamento,8,Ineficiente
262.8,False,16,Departamento,9,Moderado
211.9,True,10,Casa,8,Eficiente
104.3,False,8,Casa,2,Eficiente
124.7,False,6,Departamento,3,Eficiente
111.8,False,6,Departamento,3,Eficiente
204.7,False,11,Casa,5,Eficiente
161.2,False,8,Casa,3,Eficiente
397.7,True,16,Casa,9,Ineficiente
104.8,False,3,Casa,4,Moderado
107.4,False,5,Departamento,4,Eficiente
221.2,True,14,Casa,10,Ineficiente
247.8,True,11,Casa,8,Ineficiente
66.3,False,6,Casa,1,Eficiente
95.6,False,5,Casa,1,Eficiente
156.5,False,7,Departamento,5,Moderado
353.3,True,15,Casa,8,Ineficiente
445.4,False,20,Casa,8,Ineficiente
167.7,False,10,Casa,5,Eficiente
161.7,False,10,Departamento,2,Eficiente
122.4,False,5,Departamento,4,Eficiente
260.4,False,15,Casa,8,Moderado
333.4,False,16,Departamento,8,Ineficiente
335.7,False,15,Casa,7,Ineficiente
172.7,False,9,Departamento,4,Eficiente
139.1,False,8,Casa,5,Eficiente
174.3,False,12,Departamento,5,Eficiente
307.5,False,15,Departamento,7,Ineficiente
168.7,True,6,Casa,6,Ineficiente
93.3,False,7,Casa,1,Eficiente
171.1,False,12,Casa,6,Eficiente
177.5,True,10,Casa,7,Moderado
92.8,False,7,Casa,1,Eficiente
223.6,False,13,Casa,8,Moderado
217.0,False,10,Departamento,6,Moderado
436.6,False,14,Casa,8,Ineficiente
100.6,False,2,Departamento,4,Eficiente
273.9,True,14,Casa,9,Ineficiente
303.6,False,14,Casa,8,Eficiente
248.7,False,12,Casa,6,Moderado
129.3,False,7,Casa,4,Eficiente
180.4,False,8,Departamento,2,Eficiente
135.3,False,5,Departamento,4,Moderado
301.8,False,17,Departamento,8,Moderado
168.9,False,8,Casa,5,Moderado
90.7,False,4,Casa,2,Eficiente
159.1,False,11,Departamento,5,Moderado
216.0,False,17,Departamento,5,Eficiente
202.5,False,12,Departamento,5,Eficiente
229.7,False,13,Casa,5,Eficiente
371.0,False,14,Casa,9,Ineficiente
144.3,False,7,Departamento,4,Eficiente
388.1,False,18,Casa,8,Ineficiente
76.0,False,3,Departamento,2,Moderado
172.1,False,9,Departamento,5,Eficiente
338.9,False,17,Casa,9,Ineficiente
329.4,False,19,Casa,9,Moderado
227.2,False,15,Departamento,4,Eficiente
266.6,False,16,Casa,7,Moderado
114.0,False,6,Departamento,3,Ineficiente
309.3,True,14,Departamento,11,Ineficiente
120.6,True,6,Casa,4,Moderado
106.7,False,3,Departamento,1,Ineficiente
234.3,False,12,Casa,7,Moderado
164.9,False,11,Casa,4,Eficiente
187.8,False,11,Departamento,4,Eficiente
210.9,False,12,Departamento,5,Eficiente
420.7,False,17,Casa,6,Moderado
207.9,False,11,Departamento,6,Moderado
132.0,False,2,Departamento,3,Moderado
228.8,False,10,Departamento,7,Ineficiente
124.1,False,6,Departamento,3,Eficiente
293.3,True,13,Casa,9,Ineficiente
206.4,False,11,Casa,5,Eficiente
208.9,False,9,Departamento,5,Moderado
95.1,False,2,Casa,1,Eficiente
67.3,False,3,Departamento,3,Eficiente
106.2,False,6,Casa,2,Eficiente
419.6,False,19,Casa,5,Ineficiente
124.9,False,4,Casa,1,Eficiente
273.2,False,15,Casa,8,Moderado
152.7,False,5,Casa,4,Moderado
155.7,False,8,Departamento,4,Eficiente
171.6,True,10,Departamento,6,Moderado
402.0,False,16,Casa,8,Ineficiente
258.5,False,16,Casa,8,Moderado
204.0,False,13,Departamento,6,Eficiente
344.6,False,16,Casa,8,Ineficiente
310.2,True,14,Casa,7,Ineficiente
253.7,False,11,Departamento,7,Ineficiente
252.4,False,11,Departamento,7,Ineficiente
162.8,True,10,Departamento,8,Moderado
144.2,False,9,Departamento,6,Eficiente
122.2,False,3,Departamento,2,Moderado
140.1,False,7,Casa,3,Eficiente
136.7,True,3,Casa,6,Ineficiente
230.8,False,11,Casa,6,Moderado
183.1,False,10,Casa,7,Moderado
206.6,False,10,Departamento,5,Moderado
249.0,False,10,Casa,9,Ineficiente
129.2,False,9,Casa,3,Eficiente
126.0,False,5,Casa,5,Moderado
157.4,False,6,Departamento,1,Eficiente
127.5,False,6,Departamento,4,Eficiente
119.9,False,5,Departamento,3,Eficiente
400.7,False,17,Casa,5,Ineficiente
105.0,False,4,Casa,2,Eficiente
405.2,False,17,Departamento,6,Ineficiente
196.1,False,12,Departamento,5,Eficiente
266.4,True,12,Departamento,9,Ineficiente
285.3,False,13,Casa,7,Ineficiente
256.4,False,15,Casa,7,Moderado
349.2,True,15,Departamento,10,Ineficiente
110.3,False,4,Departamento,5,Moderado
161.3,False,7,Departamento,4,Moderado
96.4,False,3,Casa,3,Eficiente
378.1,True,17,Departamento,8,Ineficiente
182.8,False,12,Casa,6,Eficiente
455.1,False,16,Casa,9,Ineficiente
485.7,False,19,Casa,10,Ineficiente
612.1,False,16,Departamento,9,Ineficiente
443.2,True,16,Casa,10,Ineficiente
537.4,True,18,Casa,10,Ineficiente
202.4,True,12,Departamento,10,Moderado
190.7,False,10,Departamento,5,Moderado
199.2,False,12,Departamento,4,Eficiente
172.4,False,7,Departamento,7,Moderado
212.5,False,11,Casa,4,Eficiente
238.6,False,15,Departamento,4,Eficiente
141.8,True,8,Departamento,6,Moderado
113.7,False,6,Casa,3,Eficiente
202.2,False,13,Departamento,6,Eficiente
149.0,False,6,Casa,5,Moderado
153.5,False,4,Casa,4,Eficiente
191.0,False,10,Casa,5,Eficiente
171.0,False,10,Casa,4,Eficiente
276.2,True,16,Departamento,9,Ineficiente
185.9,False,9,Casa,6,Moderado
282.9,False,13,Departamento,8,Ineficiente
219.0,False,10,Casa,5,Moderado
213.6,False,8,Casa,7,Ineficiente
116.2,False,4,Casa,2,Eficiente
203.5,False,11,Departamento,4,Eficiente
246.0,True,13,Departamento,6,Ineficiente
300.3,False,14,Casa,9,Ineficiente
98.5,False,3,Departamento,3,Eficiente
91.0,True,3,Departamento,5,Ineficiente
356.1,False,17,Casa,8,Ineficiente
219.3,False,12,Casa,6,Moderado
124.5,True,11,Departamento,5,Eficiente
94.1,False,3,Departamento,1,Eficiente
150.0,False,8,Casa,2,Eficiente
125.7,False,5,Departamento,6,Moderado
300.5,False,14,Casa,7,Ineficiente
265.5,True,17,Departamento,8,Ineficiente
129.3,False,7,Casa,2,Eficiente
234.8,False,10,Departamento,7,Ineficiente
262.3,True,12,Casa,9,Ineficiente
121.6,False,5,Casa,2,Eficiente
166.4,False,7,Departamento,4,Moderado
230.7,False,10,Casa,6,Ineficiente
184.6,False,10,Departamento,4,Eficiente
84.8,False,2,Departamento,3,Moderado
209.1,False,12,Casa,8,Moderado
264.2,False,15,Casa,6,Moderado
342.7,False,17,Departamento,7,Ineficiente
130.0,False,5,Departamento,2,Eficiente
140.4,False,9,Departamento,3,Eficiente
182.3,False,10,Casa,2,Eficiente
193.4,False,12,Departamento,6,Eficiente
208.2,False,10,Casa,4,Moderado
227.5,False,15,Departamento,5,Eficiente
125.7,False,5,Casa,3,Eficiente
238.1,True,16,Casa,10,Ineficiente
129.3,False,8,Departamento,2,Eficiente
163.1,False,9,Departamento,4,Eficiente
409.6,False,17,Casa,8,Ineficiente
96.5,True,3,Departamento,4,Moderado
176.1,True,8,Casa,6,Ineficiente
116.0,False,6,Casa,1,Eficiente
215.0,False,13,Casa,5,Eficiente
307.6,False,12,Casa,9,Ineficiente
214.7,False,12,Casa,7,Moderado
190.3,False,12,Casa,5,Eficiente
353.3,False,19,Casa,6,Moderado
199.4,True,12,Departamento,7,Moderado
245.5,True,10,Departamento,7,Ineficiente
238.4,False,11,Departamento,6,Ineficiente
60.6,False,2,Casa,2,Eficiente
170.5,False,11,Departamento,4,Eficiente
126.9,False,4,Casa,3,Moderado
122.3,False,7,Departamento,4,Eficiente
317.9,True,14,Departamento,8,Ineficiente
169.0,False,10,Casa,6,Eficiente
442.0,False,15,Casa,9,Ineficiente
97.5,False,4,Departamento,5,Moderado
110.2,False,2,Departamento,3,Moderado
241.6,True,16,Departamento,10,Ineficiente
152.5,False,6,Departamento,5,Moderado
198.9,False,8,Departamento,6,Moderado
192.3,False,7,Casa,4,Moderado
163.6,False,8,Departamento,5,Eficiente
178.5,False,8,Casa,5,Moderado
213.6,False,13,Casa,8,Moderado
260.6,False,13,Casa,8,Ineficiente
347.8,False,18,Departamento,9,Ineficiente
157.2,False,7,Departamento,3,Eficiente
171.9,False,11,Casa,5,Eficiente
160.5,False,6,Casa,2,Moderado
373.7,True,14,Casa,10,Ineficiente
233.7,False,11,Departamento,8,Ineficiente
78.0,False,2,Departamento,4,Moderado
88.4,False,2,Casa,2,Eficiente
141.1,False,7,Casa,1,Eficiente
188.5,False,10,Departamento,4,Eficiente
195.1,False,11,Casa,5,Eficiente
245.6,True,14,Casa,9,Ineficiente
186.6,False,7,Casa,3,Moderado
359.0,False,17,Casa,7,Ineficiente
277.8,True,12,Casa,8,Ineficiente
179.5,False,8,Departamento,6,Moderado
322.9,False,12,Casa,5,Ineficiente
100.5,False,5,Casa,4,Eficiente
167.2,False,5,Departamento,4,Moderado
181.3,False,7,Departamento,2,Moderado
256.3,True,12,Casa,11,Ineficiente
97.0,False,4,Casa,4,Eficiente
153.4,False,7,Departamento,5,Moderado
239.3,False,14,Casa,6,Moderado
215.1,True,12,Departamento,7,Ineficiente
325.6,True,17,Casa,9,Ineficiente
274.5,True,15,Casa,10,Ineficiente
191.6,False,9,Casa,4,Moderado
227.2,False,11,Departamento,5,Moderado
183.7,False,12,Casa,5,Eficiente
212.3,False,14,Casa,6,Eficiente
282.4,False,16,Casa,8,Moderado
170.0,False,10,Departamento,6,Eficiente
233.9,False,14,Casa,7,Moderado
262.7,False,15,Departamento,5,Eficiente
230.8,False,13,Departamento,6,Moderado
340.5,False,19,Casa,8,Moderado
464.9,False,16,Departamento,9,Ineficiente
234.9,False,13,Departamento,7,Moderado
164.7,False,5,Casa,4,Moderado
249.1,True,11,Casa,8,Ineficiente
241.2,True,16,Casa,10,Ineficiente
260.8,False,15,Casa,7,Eficiente
371.1,False,16,Casa,8,Ineficiente
85.8,False,4,Departamento,1,Eficiente
327.2,False,13,Departamento,10,Ineficiente
434.8,False,16,Casa,8,Ineficiente
257.5,False,11,Casa,6,Ineficiente
253.7,False,13,Casa,7,Moderado
180.1,False,11,Casa,5,Eficiente
200.1,False,12,Casa,4,Eficiente
232.3,False,16,Departamento,6,Eficiente
226.1,False,13,Departamento,4,Eficiente
269.9,False,10,Casa,7,Ineficiente
225.4,False,16,Departamento,4,Eficiente
253.4,False,12,Departamento,4,Moderado
238.1,True,13,Departamento,9,Ineficiente
128.7,False,6,Casa,2,Eficiente
283.1,False,15,Casa,7,Moderado
381.6,False,16,Departamento,8,Ineficiente
197.7,False,11,Casa,5,Eficiente
325.2,False,13,Departamento,7,Ineficiente
135.6,False,11,Casa,3,Eficiente
171.4,False,10,Departamento,4,Eficiente
131.7,False,6,Departamento,4,Eficiente
353.5,False,19,Casa,7,Moderado
396.5,True,14,Casa,9,Ineficiente
165.2,True,10,Departamento,7,Moderado
321.5,False,14,Casa,7,Ineficiente
353.1,True,17,Departamento,7,Ineficiente
171.3,False,10,Departamento,3,Eficiente
213.6,True,7,Casa,9,Ineficiente
237.9,False,10,Departamento,6,Ineficiente
141.0,True,9,Casa,6,Moderado
180.6,False,9,Departamento,5,Moderado
489.6,False,20,Casa,10,Ineficiente
161.4,False,10,Casa,2,Eficiente
288.5,False,14,Casa,7,Ineficiente
216.5,False,11,Departamento,6,Ineficiente
190.2,False,14,Departamento,6,Eficiente
413.1,True,16,Casa,11,Ineficiente
253.5,False,16,Casa,6,Eficiente
233.8,False,15,Departamento,4,Eficiente
339.4,False,18,Departamento,10,Ineficiente
176.7,False,9,Casa,5,Eficiente
110.9,False,3,Departamento,3,Moderado
420.1,True,15,Casa,11,Ineficiente
214.2,False,9,Casa,5,Eficiente
256.9,True,17,Departamento,10,Ineficiente
235.3,True,11,Casa,10,Ineficiente
111.0,False,6,Departamento,3,Eficiente
175.7,False,8,Departamento,4,Moderado
154.5,False,6,Casa,7,Moderado
119.2,False,9,Departamento,4,Eficiente
175.3,False,7,Casa,4,Moderado
76.2,False,4,Casa,1,Eficiente
123.4,False,4,Casa,4,Moderado
277.7,False,13,Casa,9,Ineficiente
231.3,True,10,Casa,9,Ineficiente
128.8,False,6,Casa,4,Eficiente
220.1,False,10,Departamento,8,Ineficiente
118.3,False,6,Departamento,4,Eficiente
235.3,False,13,Departamento,5,Moderado
168.2,False,8,Departamento,4,Eficiente
172.6,False,7,Casa,5,Moderado
194.0,False,13,Casa,6,Eficiente
588.6,False,18,Casa,9,Ineficiente
126.5,True,4,Departamento,5,Ineficiente
221.7,True,10,Casa,9,Ineficiente
277.1,False,11,Casa,7,Ineficiente
134.5,False,8,Casa,4,Eficiente
103.5,False,6,Casa,3,Eficiente
134.8,False,8,Departamento,3,Eficiente
239.0,False,13,Departamento,6,Moderado
174.6,False,10,Casa,5,Eficiente
252.4,False,13,Departamento,8,Moderado
190.6,False,8,Casa,3,Moderado
91.9,False,4,Departamento,1,Eficiente
231.4,False,14,Casa,6,Eficiente
283.3,False,14,Casa,6,Moderado
106.5,False,4,Departamento,3,Ineficiente
157.9,False,9,Departamento,3,Eficiente
101.4,False,2,Departamento,3,Moderado
182.9,False,8,Casa,5,Moderado
374.3,False,14,Casa,6,Ineficiente
153.8,False,7,Departamento,4,Eficiente
98.8,True,4,Departamento,6,Ineficiente
129.4,True,4,Departamento,5,Ineficiente
89.5,False,5,Departamento,2,Eficiente
114.1,False,7,Casa,3,Eficiente
94.8,False,6,Departamento,2,Eficiente
197.9,False,9,Departamento,5,Moderado
175.4,False,7,Departamento,3,Moderado
159.2,False,9,Casa,5,Eficiente
190.6,False,10,Departamento,4,Eficiente
134.5,False,4,Casa,4,Moderado
282.0,False,17,Casa,8,Moderado
131.3,False,6,Departamento,4,Eficiente
149.2,False,8,Departamento,3,Eficiente
140.1,False,5,Departamento,4,Moderado
269.3,True,17,Casa,9,Ineficiente
247.1,False,13,Casa,6,Moderado
66.5,False,5,Casa,5,Eficiente
193.3,False,9,Departamento,4,Moderado
82.8,False,4,Departamento,3,Eficiente
148.3,False,8,Departamento,6,Eficiente
187.9,False,14,Casa,5,Eficiente
150.1,False,6,Departamento,3,Moderado
216.5,False,12,Departamento,5,Eficiente
270.1,False,15,Casa,5,Moderado
125.4,False,3,Departamento,3,Moderado
121.8,False,2,Departamento,3,Moderado
196.4,False,9,Casa,5,Eficiente
103.6,False,6,Casa,4,Eficiente
140.0,False,9,Departamento,3,Eficiente
306.0,False,13,Departamento,5,Ineficiente
92.2,False,2,Departamento,4,Moderado
152.6,False,10,Departamento,2,Eficiente
157.2,False,7,Casa,5,Moderado
403.9,False,16,Departamento,9,Ineficiente
138.6,False,9,Departamento,3,Eficiente
161.9,False,10,Casa,5,Eficiente
111.7,False,6,Departamento,3,Eficiente
200.4,False,8,Casa,5,Moderado
223.6,False,10,Casa,3,Moderado
137.6,False,8,Casa,1,Eficiente
263.1,False,14,Departamento,10,Moderado
287.3,True,14,Casa,11,Ineficiente
151.4,False,9,Departamento,7,Eficiente
220.5,False,15,Casa,5,Eficiente
158.9,False,8,Departamento,4,Eficiente
317.6,True,14,Departamento,7,Ineficiente
212.4,True,11,Casa,7,Ineficiente
203.0,False,13,Casa,5,Eficiente
143.1,False,9,Departamento,3,Eficiente
160.7,False,8,Casa,5,Eficiente
222.0,False,11,Casa,7,Moderado
245.1,False,15,Departamento,8,Moderado
129.2,True,9,Departamento,4,Eficiente
181.8,False,7,Departamento,5,Moderado
190.7,False,10,Departamento,6,Moderado
201.9,False,13,Departamento,8,Eficiente
98.5,False,4,Departamento,4,Eficiente
176.4,False,10,Departamento,4,Moderado
138.9,True,4,Casa,6,Ineficiente
159.6,False,8,Casa,5,Eficiente
121.6,False,6,Casa,2,Eficiente
170.7,False,8,Casa,4,Eficiente
123.5,False,4,Casa,3,Moderado
272.3,False,13,Casa,6,Moderado
212.5,False,10,Departamento,4,Moderado
212.6,True,13,Casa,9,Ineficiente
174.3,False,7,Casa,5,Moderado
84.8,False,4,Casa,1,Eficiente
164.9,False,8,Casa,3,Eficiente
125.1,True,4,Departamento,6,Ineficiente
220.9,False,15,Casa,8,Moderado
258.2,True,14,Casa,10,Ineficiente
199.4,True,10,Departamento,9,Ineficiente
339.3,False,14,Casa,7,Ineficiente
157.2,False,8,Casa,4,Eficiente
134.3,False,7,Departamento,3,Eficiente
273.0,False,17,Departamento,6,Ineficiente
158.7,False,7,Departamento,3,Eficiente
371.6,True,16,Departamento,9,Ineficiente
257.8,False,14,Casa,6,Moderado
157.9,False,6,Departamento,4,Moderado
131.5,False,8,Departamento,3,Eficiente
348.4,False,16,Casa,5,Moderado
198.6,False,12,Casa,7,Eficiente
254.8,False,12,Departamento,7,Ineficiente
253.9,False,14,Casa,7,Moderado
291.2,False,19,Casa,7,Moderado
212.8,False,14,Departamento,5,Eficiente
217.4,False,12,Departamento,5,Eficiente
146.8,False,6,Casa,6,Moderado
427.0,False,13,Casa,7,Eficiente
103.4,False,3,Departamento,5,Moderado
223.9,True,12,Casa,7,Ineficiente
98.2,False,3,Departamento,2,Eficiente
166.7,False,8,Departamento,4,Eficiente
159.6,True,9,Casa,6,Moderado
183.4,True,8,Departamento,6,Ineficiente
228.7,False,13,Casa,6,Moderado
115.2,False,5,Departamento,1,Eficiente
171.4,False,7,Departamento,5,Moderado
358.4,False,19,Casa,8,Ineficiente
115.2,False,6,Casa,4,Eficiente
140.8,False,5,Casa,3,Moderado
247.5,False,14,Departamento,7,Moderado
206.5,False,9,Casa,6,Moderado
185.1,False,9,Departamento,5,Moderado
271.2,False,17,Departamento,9,Ineficiente
141.9,False,7,Departamento,3,Ineficiente
154.4,False,9,Casa,6,Moderado
150.1,False,8,Departamento,4,Eficiente
347.7,True,15,Casa,12,Ineficiente
85.9,False,5,Departamento,1,Eficiente
120.7,False,2,Casa,3,Moderado
114.0,True,3,Casa,4,Ineficiente
312.6,False,15,Departamento,5,Moderado
134.2,False,7,Departamento,3,Eficiente
152.4,False,7,Departamento,3,Eficiente
177.2,False,6,Casa,4,Moderado
252.5,False,13,Departamento,8,Moderado
221.4,False,11,Casa,7,Moderado
192.6,False,9,Casa,4,Moderado
89.9,False,2,Departamento,1,Eficiente
151.4,False,7,Departamento,5,Moderado
210.7,False,14,Casa,3,Eficiente
131.8,False,6,Casa,4,Eficiente
229.1,True,15,Departamento,6,Moderado
286.9,True,14,Casa,11,Ineficiente
162.4,False,9,Casa,5,Eficiente
271.1,True,17,Casa,7,Ineficiente
189.2,False,10,Casa,5,Eficiente
328.4,False,16,Casa,8,Ineficiente
404.7,False,16,Departamento,5,Ineficiente
126.1,False,6,Casa,3,Eficiente
275.4,False,16,Casa,7,Moderado
300.6,True,16,Departamento,7,Ineficiente
115.6,False,4,Departamento,4,Moderado
136.4,False,3,Departamento,3,Moderado
136.7,True,6,Departamento,6,Ineficiente
166.5,False,8,Departamento,4,Eficiente
149.6,False,7,Departamento,2,Eficiente
157.4,True,8,Departamento,5,Moderado
251.0,True,16,Departamento,8,Ineficiente
79.6,False,2,Departamento,2,Eficiente
131.6,False,3,Casa,4,Moderado
230.2,False,10,Departamento,6,Ineficiente
219.1,False,11,Departamento,4,Moderado
126.0,False,7,Casa,2,Eficiente
223.3,True,10,Departamento,6,Ineficiente
350.7,False,14,Casa,8,Ineficiente
285.7,False,12,Casa,7,Ineficiente
414.2,False,13,Casa,7,Ineficiente
137.2,False,5,Casa,3,Moderado
175.1,False,10,Departamento,4,Eficiente
318.6,True,16,Casa,9,Ineficiente
182.3,False,8,Departamento,7,Moderado
83.4,False,5,Departamento,2,Eficiente
206.1,True,11,Departamento,7,Ineficiente
102.0,False,2,Departamento,2,Eficiente
97.2,False,2,Casa,1,Eficiente
286.8,False,18,Departamento,6,Moderado
142.4,False,6,Casa,6,Moderado
227.8,False,11,Casa,7,Moderado
256.2,False,13,Casa,6,Moderado
183.1,False,10,Departamento,4,Eficiente
226.1,True,14,Casa,9,Ineficiente
204.2,False,12,Departamento,4,Eficiente
211.5,False,10,Casa,4,Moderado
145.1,False,9,Casa,4,Eficiente
139.7,False,8,Casa,2,Eficiente
166.2,False,8,Departamento,3,Moderado
239.4,False,14,Casa,7,Moderado
321.2,True,17,Casa,9,Ineficiente
233.7,True,10,Casa,7,Ineficiente
123.8,False,5,Departamento,4,Moderado
79.9,False,3,Casa,1,Eficiente
145.4,False,6,Casa,2,Ineficiente
100.4,False,3,Departamento,1,Eficiente
146.7,False,9,Casa,4,Eficiente
220.4,False,13,Casa,5,Eficiente
178.6,False,13,Departamento,5,Eficiente
379.2,True,15,Departamento,11,Ineficiente
450.9,False,17,Casa,11,Ineficiente
265.5,True,16,Casa,9,Ineficiente
320.0,False,18,Casa,7,Moderado
170.2,False,9,Casa,3,Eficiente
126.0,False,3,Casa,3,Moderado
144.1,False,5,Departamento,3,Eficiente
171.3,True,9,Departamento,7,Ineficiente
152.0,False,9,Casa,3,Eficiente
130.1,False,3,Casa,4,Moderado
206.7,False,9,Departamento,6,Moderado
128.9,False,7,Casa,4,Eficiente
105.0,False,2,Casa,4,Moderado
124.3,False,3,Casa,3,Moderado
157.7,False,10,Departamento,5,Eficiente
115.3,False,4,Departamento,4,Moderado
179.8,True,9,Casa,7,Ineficiente
254.9,False,16,Casa,7,Moderado
222.6,False,10,Departamento,6,Moderado
131.6,False,4,Departamento,5,Moderado
100.5,False,7,Departamento,3,Eficiente
157.7,False,8,Casa,5,Eficiente
231.1,True,14,Departamento,7,Moderado
252.4,True,13,Departamento,10,Ineficiente
200.9,False,11,Departamento,6,Moderado
330.2,False,14,Casa,7,Ineficiente
356.4,False,17,Departamento,7,Ineficiente
160.5,False,9,Casa,4,Eficiente
371.7,False,17,Casa,8,Ineficiente
178.4,False,11,Casa,5,Eficiente
262.6,False,15,Departamento,6,Moderado
266.7,True,12,Casa,7,Moderado
75.5,False,3,Departamento,4,Eficiente
134.8,False,5,Casa,4,Eficiente
119.2,False,6,Casa,3,Ineficiente
96.0,False,5,Casa,2,Eficiente
253.8,True,14,Departamento,10,Ineficiente
483.6,True,19,Casa,10,Ineficiente
178.9,False,6,Casa,4,Moderado
285.0,False,14,Casa,7,Ineficiente
371.4,True,15,Casa,11,Ineficiente
218.2,False,12,Casa,6,Moderado
194.5,False,11,Casa,5,Eficiente
182.4,False,10,Casa,4,Eficiente
215.8,True,9,Departamento,7,Ineficiente
292.9,True,16,Casa,10,Ineficiente
242.3,False,13,Casa,5,Moderado
236.8,False,10,Casa,7,Ineficiente
197.3,False,10,Casa,6,Moderado
89.0,False,4,Departamento,2,Eficiente
291.4,True,18,Casa,9,Ineficiente
117.1,False,3,Casa,1,Eficiente
229.0,False,14,Departamento,7,Moderado
277.8,False,12,Casa,5,Ineficiente
108.3,False,2,Departamento,3,Moderado
134.6,False,4,Departamento,3,Moderado
489.7,True,18,Casa,11,Moderado
193.3,False,11,Casa,4,Eficiente
119.4,False,4,Casa,2,Eficiente
283.1,False,15,Casa,8,Moderado
143.9,True,7,Casa,5,Ineficiente
77.6,False,3,Departamento,1,Eficiente
248.7,False,13,Casa,6,Moderado
135.8,False,4,Casa,6,Moderado
231.5,True,16,Casa,9,Ineficiente
123.5,False,8,Departamento,2,Eficiente
236.9,False,16,Departamento,7,Eficiente
217.0,False,11,Casa,7,Moderado
58.6,True,2,Departamento,2,Moderado
238.1,True,12,Casa,8,Ineficiente
152.5,False,9,Departamento,5,Eficiente
318.1,True,15,Departamento,7,Ineficiente
206.4,True,10,Departamento,7,Ineficiente
277.9,True,15,Casa,9,Ineficiente
145.9,False,5,Casa,3,Moderado
124.7,False,3,Departamento,5,Ineficiente
194.5,False,11,Casa,7,Moderado
171.6,False,8,Casa,4,Moderado
306.7,False,15,Departamento,6,Moderado
164.5,True,3,Departamento,8,Ineficiente
103.9,False,3,Departamento,3,Moderado
123.5,False,5,Departamento,3,Moderado
256.6,False,11,Departamento,7,Ineficiente
186.1,False,7,Casa,6,Ineficiente
270.4,False,15,Departamento,6,Moderado
117.4,True,3,Departamento,5,Ineficiente
139.3,False,6,Casa,3,Eficiente
191.8,False,7,Departamento,4,Moderado
103.5,False,4,Casa,1,Eficiente
265.5,False,14,Departamento,7,Moderado
213.8,False,12,Casa,6,Moderado
238.1,False,10,Casa,6,Ineficiente
236.0,False,14,Casa,7,Moderado
115.7,False,7,Casa,3,Eficiente
199.2,False,11,Departamento,5,Eficiente
296.9,True,16,Casa,9,Ineficiente
317.4,False,15,Casa,6,Ineficiente
272.0,False,16,Casa,6,Moderado
245.7,False,12,Casa,8,Ineficiente
96.4,False,4,Casa,2,Eficiente
196.8,True,11,Casa,7,Ineficiente
133.6,False,6,Casa,3,Ineficiente
344.2,False,18,Casa,8,Ineficiente
320.9,False,19,Casa,7,Moderado
132.9,False,6,Casa,3,Eficiente
196.1,False,11,Casa,6,Eficiente
221.6,False,11,Casa,4,Moderado
293.3,False,17,Casa,7,Eficiente
98.8,False,3,Casa,1,Eficiente
78.8,False,9,Casa,1,Eficiente
175.0,False,6,Departamento,4,Moderado
69.4,False,7,Casa,1,Eficiente
185.2,False,12,Departamento,3,Eficiente
222.8,True,10,Departamento,11,Ineficiente
335.5,False,20,Casa,8,Moderado
153.9,False,6,Casa,5,Moderado
212.0,False,11,Casa,6,Moderado
265.0,False,12,Casa,5,Moderado
292.8,False,15,Casa,7,Moderado
198.1,False,12,Departamento,3,Eficiente
152.4,False,12,Casa,6,Eficiente
186.8,True,9,Departamento,7,Ineficiente
164.9,False,3,Departamento,3,Moderado
274.6,False,15,Casa,7,Moderado
148.0,False,6,Departamento,2,Eficiente
191.1,False,13,Departamento,4,Eficiente
153.8,False,7,Casa,6,Moderado
134.6,False,5,Casa,3,Moderado
213.9,False,10,Casa,6,Eficiente
135.9,False,7,Casa,3,Eficiente
278.6,True,14,Casa,9,Ineficiente
256.4,False,16,Casa,6,Eficiente
146.2,True,6,Casa,8,Ineficiente
189.5,True,13,Departamento,6,Moderado
146.8,False,4,Casa,3,Moderado
101.7,False,2,Casa,3,Moderado
157.8,False,9,Casa,2,Eficiente
169.6,False,8,Departamento,6,Moderado
218.4,False,11,Departamento,6,Moderado
209.3,False,10,Casa,6,Ineficiente
256.9,False,12,Departamento,7,Ineficiente
133.9,False,7,Casa,3,Eficiente
147.9,False,7,Departamento,5,Eficiente
346.2,True,14,Departamento,10,Ineficiente
88.8,False,5,Casa,3,Eficiente
143.9,False,9,Departamento,2,Eficiente
110.9,False,4,Departamento,2,Eficiente
160.0,True,10,Departamento,6,Moderado
166.3,False,7,Casa,6,Moderado
224.1,False,13,Departamento,4,Eficiente
98.9,False,2,Departamento,4,Moderado
135.3,False,10,Departamento,2,Eficiente
199.6,False,11,Casa,5,Eficiente
268.2,False,13,Casa,9,Moderado
555.4,False,17,Casa,8,Ineficiente
271.7,True,13,Casa,10,Moderado
129.5,False,4,Casa,4,Moderado
187.5,False,9,Departamento,5,Moderado
160.5,False,6,Casa,5,Moderado
242.9,False,15,Casa,5,Eficiente
66.4,False,2,Departamento,4,Moderado
249.9,False,12,Casa,6,Moderado
166.1,False,6,Casa,6,Moderado
165.9,False,6,Departamento,5,Moderado
316.7,True,17,Departamento,9,Ineficiente
103.3,False,5,Departamento,3,Eficiente
227.5,True,14,Casa,8,Ineficiente
278.3,False,16,Casa,5,Moderado
186.6,False,9,Departamento,5,Moderado
88.0,False,6,Departamento,1,Eficiente
304.0,False,14,Departamento,8,Ineficiente
159.0,False,6,Departamento,4,Ineficiente
162.5,True,9,Casa,7,Eficiente
177.5,False,9,Casa,4,Eficiente
148.9,False,7,Departamento,2,Eficiente
107.1,False,6,Departamento,1,Eficiente
212.3,False,12,Casa,8,Moderado
135.2,False,7,Departamento,7,Ineficiente
266.3,True,16,Casa,11,Ineficiente
214.3,False,12,Departamento,4,Ineficiente
394.0,False,17,Casa,6,Ineficiente
158.8,False,5,Departamento,3,Moderado
143.4,False,13,Casa,4,Eficiente
93.6,False,2,Departamento,5,Moderado
432.6,False,16,Departamento,9,Ineficiente
264.0,False,13,Casa,7,Moderado
131.2,False,10,Departamento,2,Eficiente
353.8,False,15,Departamento,7,Ineficiente
311.1,True,16,Departamento,9,Ineficiente
111.4,False,4,Casa,4,Moderado
126.6,False,4,Departamento,2,Eficiente
164.6,False,9,Departamento,5,Eficiente
109.9,False,3,Departamento,3,Moderado
194.2,False,11,Casa,5,Eficiente
232.2,True,14,Departamento,8,Ineficiente
113.2,True,8,Casa,5,Eficiente
225.5,False,10,Casa,6,Moderado
331.3,True,15,Casa,8,Ineficiente
236.5,True,13,Casa,9,Ineficiente
193.4,False,10,Casa,7,Moderado
150.8,False,12,Casa,4,Eficiente
246.3,False,13,Departamento,6,Moderado
120.8,False,2,Casa,4,Ineficiente
222.4,False,12,Casa,6,Moderado
281.5,False,14,Departamento,7,Moderado
140.9,True,4,Departamento,8,Ineficiente
103.0,False,8,Departamento,4,Eficiente
210.1,True,12,Departamento,7,Ineficiente
146.3,False,6,Departamento,5,Moderado
119.9,False,9,Departamento,2,Eficiente
146.1,False,5,Casa,3,Moderado
217.7,False,13,Departamento,7,Moderado
110.0,False,2,Departamento,4,Moderado
115.3,False,6,Departamento,2,Eficiente
256.5,True,12,Departamento,9,Ineficiente
185.9,False,11,Casa,5,Eficiente
298.1,False,18,Casa,7,Moderado
149.0,False,7,Departamento,2,Eficiente
171.0,False,5,Departamento,5,Moderado
187.3,False,10,Departamento,3,Eficiente
315.2,False,16,Departamento,9,Ineficiente
299.8,False,17,Departamento,9,Moderado
277.7,False,17,Departamento,6,Moderado
152.1,False,10,Casa,2,Eficiente
276.5,True,13,Casa,8,Ineficiente
309.7,False,13,Departamento,7,Ineficiente
330.6,False,15,Casa,8,Ineficiente
174.7,True,10,Departamento,5,Moderado
271.4,False,12,Casa,9,Ineficiente
273.4,False,13,Casa,6,Moderado
183.3,False,11,Departamento,6,Eficiente
190.8,False,9,Departamento,4,Moderado
211.4,False,12,Casa,6,Moderado
123.8,False,4,Departamento,4,Moderado
149.5,False,8,Casa,4,Eficiente
150.6,True,6,Casa,5,Ineficiente
182.9,True,11,Departamento,6,Moderado
169.5,False,7,Departamento,4,Moderado
240.8,False,13,Departamento,7,Moderado
298.9,True,14,Departamento,11,Ineficiente
303.4,False,16,Departamento,8,Moderado
315.2,True,16,Departamento,10,Ineficiente
124.5,True,6,Departamento,6,Moderado
110.5,False,3,Casa,2,Eficiente
299.0,False,15,Casa,5,Moderado
362.5,True,17,Casa,10,Ineficiente
334.5,False,18,Departamento,8,Moderado
242.6,False,14,Casa,9,Moderado
85.5,False,2,Casa,1,Eficiente
204.6,False,12,Departamento,7,Moderado
218.8,False,12,Departamento,6,Moderado
339.9,False,12,Casa,7,Ineficiente
363.4,False,13,Casa,6,Ineficiente
296.4,True,15,Casa,8,Ineficiente
156.0,False,8,Casa,5,Eficiente
111.8,False,4,Departamento,4,Moderado
220.3,False,14,Departamento,3,Eficiente
143.3,False,5,Casa,4,Moderado
370.9,False,14,Casa,7,Ineficiente
97.4,False,2,Casa,2,Eficiente
253.3,False,12,Casa,7,Ineficiente
228.6,False,12,Casa,8,Moderado
159.1,False,6,Departamento,3,Moderado
135.3,False,2,Casa,3,Moderado
73.8,False,2,Departamento,1,Eficiente
159.5,False,8,Casa,5,Eficiente
317.5,False,12,Casa,9,Ineficiente
145.6,False,8,Casa,4,Eficiente
212.2,False,14,Departamento,5,Eficiente
102.3,False,4,Departamento,2,Eficiente
242.3,False,14,Casa,7,Moderado
78.8,False,4,Casa,3,Eficiente
415.2,False,12,Departamento,6,Ineficiente
164.0,False,10,Departamento,4,Eficiente
53.7,False,5,Departamento,2,Eficiente
145.4,False,10,Casa,4,Eficiente
138.2,False,5,Casa,5,Eficiente
151.1,False,5,Casa,2,Moderado
170.0,False,11,Casa,6,Eficiente
131.7,True,7,Departamento,6,Moderado
122.4,False,7,Departamento,2,Eficiente
121.6,False,4,Casa,4,Moderado
241.6,False,14,Departamento,6,Moderado
285.2,False,13,Departamento,5,Moderado
154.9,False,7,Departamento,1,Eficiente
195.1,False,10,Casa,4,Eficiente
122.5,True,9,Casa,4,Eficiente
208.4,False,12,Casa,6,Eficiente
219.8,False,8,Casa,7,Ineficiente
183.2,False,10,Casa,5,Eficiente
239.5,True,14,Casa,7,Ineficiente
127.1,False,3,Casa,3,Moderado
289.6,False,16,Departamento,9,Moderado
159.5,False,6,Departamento,5,Moderado
403.0,True,17,Casa,8,Eficiente
205.7,False,9,Departamento,5,Moderado
453.3,False,16,Casa,9,Ineficiente
324.1,True,17,Casa,9,Ineficiente
188.2,False,11,Departamento,3,Eficiente
147.2,False,7,Casa,5,Eficiente
149.6,False,7,Casa,4,Eficiente
249.7,False,14,Casa,6,Moderado
212.0,False,10,Casa,5,Moderado
134.5,False,3,Departamento,4,Moderado
283.2,False,16,Casa,5,Moderado
204.9,False,14,Casa,4,Eficiente
284.4,False,16,Casa,6,Moderado
303.4,False,13,Casa,6,Ineficiente
217.3,False,13,Departamento,5,Eficiente
284.8,False,15,Departamento,7,Moderado
296.4,True,16,Casa,10,Ineficiente
170.4,False,11,Departamento,4,Eficiente
185.7,False,13,Casa,5,Eficiente
418.9,True,15,Casa,9,Ineficiente
177.8,True,7,Casa,8,Ineficiente
277.0,True,15,Casa,10,Ineficiente
149.5,False,5,Departamento,4,Moderado
79.3,False,2,Departamento,1,Eficiente
236.4,False,11,Casa,7,Ineficiente
233.2,False,13,Departamento,5,Eficiente
237.0,False,10,Casa,5,Moderado
320.5,False,16,Casa,8,Ineficiente
204.8,False,13,Departamento,4,Eficiente
127.5,False,8,Departamento,3,Eficiente
224.4,True,14,Departamento,9,Ineficiente
217.2,True,12,Casa,8,Ineficiente
158.8,False,10,Casa,3,Eficiente
243.4,False,14,Casa,7,Moderado
179.9,False,9,Departamento,4,Eficiente
155.0,False,8,Casa,5,Eficiente
187.1,False,12,Casa,6,Eficiente
356.0,True,14,Casa,9,Moderado
310.3,True,13,Departamento,8,Ineficiente
191.1,False,10,Departamento,4,Eficiente
180.8,False,7,Departamento,8,Ineficiente
108.4,False,2,Casa,1,Eficiente
361.2,False,15,Departamento,5,Ineficiente
308.1,True,17,Casa,11,Ineficiente
276.4,False,16,Casa,8,Moderado
76.6,False,4,Casa,3,Eficiente
201.5,False,11,Casa,3,Moderado
187.8,True,14,Casa,8,Moderado
230.8,False,12,Departamento,5,Moderado
166.8,False,9,Casa,4,Eficiente
184.0,False,9,Casa,5,Ineficiente
225.3,True,10,Departamento,9,Ineficiente
124.6,False,7,Departamento,2,Eficiente
159.4,True,7,Casa,8,Ineficiente
188.2,False,11,Departamento,6,Eficiente
347.1,False,15,Casa,6,Ineficiente
280.7,True,17,Casa,8,Ineficiente
270.5,False,12,Departamento,6,Ineficiente
178.4,False,11,Departamento,5,Eficiente
373.0,True,18,Casa,10,Ineficiente
474.3,False,16,Casa,6,Ineficiente
492.8,False,19,Casa,7,Ineficiente
212.5,False,15,Departamento,7,Eficiente
286.9,False,16,Casa,7,Moderado
173.2,False,8,Departamento,6,Moderado
180.0,True,8,Casa,7,Eficiente
135.7,False,7,Departamento,2,Eficiente
195.5,False,10,Casa,3,Eficiente
255.4,True,13,Casa,8,Ineficiente
239.6,False,13,Casa,6,Moderado
456.3,False,18,Casa,5,Ineficiente
181.2,False,13,Departamento,4,Eficiente
93.0,False,6,Departamento,1,Eficiente
347.1,True,16,Departamento,10,Ineficiente
119.2,True,3,Casa,5,Ineficiente
137.2,False,7,Departamento,4,Moderado
196.6,True,14,Departamento,5,Moderado
207.0,False,13,Departamento,4,Eficiente
128.2,False,5,Departamento,3,Eficiente
105.5,False,5,Casa,4,Eficiente
225.3,True,14,Departamento,8,Ineficiente
325.2,False,16,Casa,8,Ineficiente
267.4,False,13,Departamento,6,Moderado
294.3,False,20,Casa,6,Eficiente
153.3,False,6,Casa,3,Moderado
86.8,False,2,Casa,2,Eficiente
126.2,False,6,Casa,4,Eficiente
133.3,False,6,Departamento,3,Eficiente
332.4,False,18,Departamento,9,Ineficiente
191.8,True,12,Casa,9,Moderado
113.7,False,2,Departamento,2,Moderado
182.1,False,8,Departamento,6,Moderado
101.0,True,2,Departamento,4,Ineficiente
251.0,False,15,Casa,7,Moderado
132.4,False,7,Casa,3,Eficiente
142.6,False,6,Casa,5,Moderado
237.5,True,13,Casa,9,Eficiente
362.9,False,14,Departamento,7,Ineficiente
501.1,False,16,Casa,7,Ineficiente
129.2,False,3,Casa,2,Moderado
135.2,False,6,Departamento,3,Eficiente
246.0,False,13,Casa,8,Moderado
329.3,False,14,Casa,9,Ineficiente
70.7,False,4,Departamento,1,Ineficiente
178.6,False,11,Departamento,3,Eficiente
163.7,False,6,Casa,5,Moderado
78.7,False,3,Departamento,3,Eficiente
100.4,False,5,Departamento,1,Eficiente
137.1,False,6,Departamento,7,Moderado
201.5,False,8,Casa,5,Moderado
263.3,False,13,Departamento,9,Ineficiente
199.8,False,10,Departamento,6,Moderado
294.6,False,15,Casa,6,Moderado
173.0,False,9,Departamento,5,Eficiente
129.2,False,8,Departamento,1,Eficiente
183.4,False,9,Casa,5,Moderado
230.9,False,9,Departamento,5,Ineficiente
313.0,False,15,Casa,7,Ineficiente
163.3,False,11,Departamento,4,Eficiente
117.8,False,5,Departamento,3,Ineficiente
230.2,False,12,Casa,4,Eficiente
247.9,True,13,Casa,8,Ineficiente
338.3,False,17,Casa,5,Moderado
148.5,False,4,Casa,4,Moderado
238.7,False,12,Departamento,5,Moderado
168.2,False,8,Casa,6,Moderado
162.8,True,9,Casa,7,Moderado
294.2,False,14,Departamento,7,Ineficiente
96.8,False,3,Departamento,2,Eficiente
474.1,False,17,Casa,7,Ineficiente
154.5,False,6,Casa,3,Moderado
287.7,True,15,Casa,10,Ineficiente
187.8,False,11,Casa,5,Eficiente
222.0,False,10,Casa,5,Moderado
153.2,False,8,Departamento,5,Eficiente
287.9,False,13,Casa,7,Ineficiente
172.3,False,7,Casa,3,Moderado
155.5,False,6,Casa,6,Moderado
428.1,False,19,Casa,7,Ineficiente
151.8,False,6,Casa,4,Moderado
107.8,False,4,Casa,3,Eficiente
377.0,True,18,Departamento,9,Ineficiente
140.0,False,10,Departamento,1,Eficiente
411.9,False,16,Departamento,8,Ineficiente
205.7,True,12,Departamento,6,Moderado
185.7,False,10,Departamento,5,Eficiente
189.6,False,10,Departamento,4,Eficiente
439.4,False,17,Departamento,7,Ineficiente
78.9,False,2,Casa,2,Eficiente
192.0,True,10,Departamento,6,Ineficiente
155.0,False,8,Departamento,3,Eficiente
212.3,False,12,Casa,4,Eficiente
157.9,False,5,Departamento,4,Moderado
216.0,False,12,Casa,6,Moderado
171.6,False,11,Departamento,2,Eficiente
115.0,False,4,Casa,1,Eficiente
203.7,False,9,Departamento,5,Moderado
231.1,True,10,Departamento,8,Ineficiente
161.5,False,9,Casa,3,Eficiente
441.7,False,18,Casa,8,Ineficiente
350.3,True,16,Casa,10,Ineficiente
243.9,False,12,Departamento,7,Moderado
250.4,False,10,Departamento,7,Ineficiente
177.7,False,9,Departamento,6,Moderado
322.0,False,14,Casa,7,Ineficiente
336.1,False,15,Departamento,6,Ineficiente
243.6,True,16,Departamento,8,Ineficiente
155.9,True,4,Casa,4,Ineficiente
254.0,False,14,Casa,8,Moderado
281.3,False,14,Casa,7,Moderado
196.3,False,10,Casa,7,Moderado
157.1,True,8,Casa,7,Ineficiente
392.1,False,17,Casa,8,Ineficiente
126.1,False,4,Casa,4,Moderado
135.3,False,5,Casa,4,Eficiente
99.2,False,4,Departamento,1,Eficiente
136.5,False,6,Casa,4,Eficiente
340.4,False,17,Casa,8,Ineficiente
299.4,False,14,Departamento,5,Moderado
193.0,False,11,Casa,7,Moderado
246.2,False,15,Casa,8,Moderado
200.7,False,11,Casa,7,Moderado
119.9,False,5,Casa,3,Eficiente
441.7,True,16,Departamento,9,Ineficiente
360.3,True,15,Casa,8,Ineficiente
233.1,False,11,Casa,6,Moderado
122.0,False,5,Departamento,4,Eficiente
160.6,False,9,Departamento,5,Eficiente
151.7,False,6,Casa,6,Moderado
210.7,False,11,Casa,5,Moderado
227.1,False,12,Casa,6,Moderado
153.0,True,10,Departamento,6,Moderado
95.2,False,5,Departamento,1,Moderado
418.9,False,18,Departamento,10,Ineficiente
223.5,False,14,Casa,6,Eficiente
239.7,True,12,Casa,9,Ineficiente
143.3,False,9,Departamento,5,Eficiente
103.3,False,4,Casa,2,Eficiente
169.4,False,9,Departamento,5,Eficiente
176.0,False,7,Casa,5,Moderado
268.6,True,13,Casa,10,Ineficiente
293.9,False,12,Casa,7,Ineficiente
277.0,True,14,Casa,5,Ineficiente
263.5,False,13,Departamento,6,Moderado
422.5,True,16,Casa,8,Ineficiente
203.1,False,9,Departamento,8,Ineficiente
273.6,False,16,Departamento,9,Moderado
79.0,False,6,Departamento,1,Eficiente
161.4,False,11,Departamento,2,Eficiente
120.3,False,5,Departamento,3,Eficiente
221.4,False,14,Casa,5,Eficiente
122.7,False,6,Departamento,3,Eficiente
223.8,False,11,Departamento,4,Moderado
301.0,False,14,Casa,8,Ineficiente
283.7,False,16,Departamento,5,Moderado
394.0,True,22,Casa,13,Ineficiente
85.9,False,6,Departamento,4,Eficiente
120.6,False,6,Casa,6,Eficiente
603.8,True,18,Departamento,11,Ineficiente
307.0,False,16,Casa,9,Ineficiente
194.0,False,10,Departamento,6,Moderado
200.5,False,12,Casa,4,Eficiente
168.1,False,8,Departamento,4,Eficiente
88.7,False,2,Casa,3,Moderado
127.3,False,6,Departamento,4,Eficiente
190.5,False,11,Casa,5,Eficiente
148.7,False,7,Casa,4,Eficiente
157.6,False,8,Casa,4,Eficiente
508.3,False,19,Departamento,7,Ineficiente
182.5,False,10,Casa,3,Eficiente
195.5,False,10,Departamento,6,Moderado
219.1,False,11,Casa,5,Ineficiente
220.6,False,12,Departamento,4,Eficiente
163.3,False,11,Casa,3,Eficiente
337.0,False,15,Casa,8,Ineficiente
240.5,False,14,Casa,7,Moderado
117.4,False,4,Casa,3,Eficiente
191.1,True,9,Casa,8,Ineficiente
186.9,True,8,Casa,9,Ineficiente
185.1,True,10,Casa,7,Ineficiente
215.5,False,11,Departamento,7,Moderado
256.6,False,16,Casa,6,Eficiente
213.9,False,11,Departamento,4,Eficiente
228.4,False,12,Casa,5,Moderado
208.2,False,11,Casa,5,Moderado
80.7,False,4,Casa,2,Eficiente
277.1,False,17,Casa,9,Moderado
242.9,False,11,Casa,6,Moderado
114.7,True,5,Departamento,4,Moderado
197.4,False,8,Departamento,5,Moderado
230.3,False,15,Departamento,4,Eficiente
328.5,False,15,Casa,8,Ineficiente
247.7,True,11,Casa,9,Ineficiente
202.1,True,9,Departamento,9,Ineficiente
301.0,False,16,Casa,9,Ineficiente
233.7,False,13,Casa,6,Moderado
156.3,False,7,Casa,4,Moderado
276.6,False,14,Departamento,7,Moderado
100.7,False,3,Casa,2,Eficiente
281.3,False,13,Casa,7,Ineficiente
177.3,True,8,Departamento,6,Ineficiente
263.2,False,15,Departamento,7,Moderado
142.7,False,6,Casa,4,Moderado
207.3,False,12,Casa,5,Eficiente
180.6,False,9,Departamento,7,Moderado
241.0,True,14,Casa,9,Ineficiente
129.8,False,6,Casa,1,Eficiente
260.8,False,13,Casa,8,Ineficiente
91.9,False,2,Casa,1,Eficiente
131.2,False,7,Departamento,3,Eficiente
90.0,False,2,Departamento,2,Eficiente
245.7,False,14,Departamento,7,Moderado
206.8,False,11,Departamento,5,Moderado
210.4,False,11,Departamento,6,Moderado
323.0,False,16,Departamento,5,Moderado
152.0,False,10,Departamento,2,Eficiente
258.2,False,15,Casa,7,Moderado
202.1,False,11,Casa,5,Eficiente
192.5,False,13,Casa,5,Eficiente
342.5,False,13,Casa,8,Ineficiente
486.3,False,15,Casa,7,Ineficiente
168.2,False,8,Casa,3,Eficiente
249.0,False,16,Departamento,7,Moderado
226.5,False,14,Casa,3,Eficiente
228.8,True,9,Casa,9,Ineficiente
221.4,False,11,Casa,6,Moderado
172.0,False,6,Casa,5,Moderado
40.0,False,3,Departamento,1,Moderado
379.3,False,18,Casa,9,Ineficiente
151.5,False,9,Casa,4,Eficiente
157.0,False,7,Departamento,2,Eficiente
219.1,True,13,Casa,8,Ineficiente
196.2,False,15,Casa,6,Eficiente
130.3,False,4,Departamento,5,Moderado
188.0,False,13,Departamento,3,Eficiente
200.0,False,11,Casa,4,Eficiente
297.6,False,16,Casa,7,Moderado
113.4,False,5,Casa,1,Eficiente
141.2,False,9,Casa,6,Eficiente
237.9,False,13,Departamento,7,Moderado
132.8,False,5,Departamento,4,Moderado
118.6,False,6,Departamento,4,Eficiente
135.2,False,8,Departamento,5,Eficiente
192.5,False,10,Casa,4,Eficiente
164.3,False,4,Departamento,4,Moderado
182.5,False,9,Casa,5,Moderado
129.2,False,6,Casa,3,Eficiente
243.6,False,13,Departamento,5,Moderado
348.4,True,15,Casa,9,Ineficiente
79.1,False,6,Departamento,3,Eficiente
91.0,False,2,Departamento,3,Moderado
264.0,False,14,Departamento,5,Moderado
335.5,False,16,Departamento,7,Ineficiente
82.1,False,7,Casa,2,Eficiente
276.9,False,14,Casa,5,Moderado
346.2,False,17,Departamento,8,Ineficiente
340.6,False,16,Departamento,6,Ineficiente
185.0,False,13,Casa,4,Eficiente
229.3,True,10,Casa,9,Ineficiente
147.6,False,6,Casa,5,Moderado
267.1,False,15,Departamento,7,Moderado
246.6,False,14,Departamento,9,Moderado
363.2,True,16,Departamento,11,Ineficiente
365.1,True,16,Casa,10,Ineficiente
201.5,True,13,Casa,7,Moderado
736.5,True,18,Casa,11,Ineficiente
352.0,False,15,Casa,7,Ineficiente
252.1,False,14,Casa,7,Moderado
113.3,False,5,Departamento,1,Eficiente
106.4,False,5,Casa,2,Eficiente
108.0,False,4,Casa,1,Eficiente
118.9,False,3,Departamento,2,Eficiente
310.3,False,16,Departamento,5,Ineficiente
246.5,False,14,Casa,6,Moderado
154.3,False,10,Casa,4,Eficiente
165.1,False,6,Departamento,3,Moderado
154.7,False,7,Departamento,4,Eficiente
243.1,False,13,Departamento,7,Moderado
139.4,True,6,Casa,5,Ineficiente
230.6,False,10,Casa,8,Ineficiente
200.3,False,9,Departamento,5,Moderado
140.0,False,7,Casa,4,Eficiente
385.5,False,15,Casa,8,Ineficiente
152.1,False,6,Departamento,2,Eficiente
131.4,False,8,Casa,3,Eficiente
250.2,False,18,Departamento,6,Ineficiente
177.5,False,9,Departamento,4,Eficiente
238.5,False,10,Casa,8,Ineficiente
104.8,False,5,Departamento,4,Eficiente
278.6,False,11,Casa,6,Ineficiente
436.9,False,14,Departamento,9,Ineficiente
102.9,False,5,Departamento,3,Eficiente
144.9,False,6,Casa,2,Eficiente
537.0,False,14,Departamento,7,Ineficiente
296.3,True,15,Departamento,10,Ineficiente
197.5,True,13,Departamento,8,Moderado
129.9,False,6,Casa,5,Eficiente
241.5,False,12,Departamento,8,Moderado
113.7,False,3,Casa,4,Moderado
112.4,False,3,Casa,4,Moderado
176.7,False,11,Departamento,5,Eficiente
184.0,False,7,Departamento,3,Moderado
206.5,False,11,Departamento,5,Moderado
163.4,False,9,Casa,4,Eficiente
291.5,False,16,Casa,6,Moderado
137.8,False,7,Casa,3,Eficiente
261.4,False,14,Casa,5,Moderado
190.1,False,9,Departamento,6,Moderado
223.0,False,14,Departamento,8,Moderado
327.0,False,14,Casa,10,Ineficiente
162.4,False,7,Casa,4,Moderado
149.9,False,10,Casa,4,Moderado
84.7,False,4,Departamento,2,Eficiente
74.4,False,4,Departamento,4,Eficiente
185.4,False,11,Casa,7,Eficiente
192.7,False,10,Casa,5,Eficiente
128.2,False,3,Casa,5,Moderado
138.5,False,7,Casa,4,Eficiente
331.5,False,16,Departamento,7,Ineficiente
252.6,False,12,Departamento,6,Moderado
115.7,False,3,Casa,5,Moderado
144.1,False,7,Departamento,4,Eficiente
233.1,True,10,Casa,8,Ineficiente
153.4,False,7,Casa,5,Moderado
316.0,True,16,Casa,8,Ineficiente
285.0,True,16,Departamento,8,Ineficiente
127.4,True,4,Departamento,3,Moderado
238.5,False,14,Casa,5,Eficiente
130.3,False,9,Casa,5,Eficiente
153.4,True,6,Departamento,7,Ineficiente
117.4,False,2,Casa,3,Moderado
285.0,False,16,Departamento,5,Moderado
383.1,False,17,Casa,8,Ineficiente
144.0,False,9,Departamento,2,Ineficiente
310.9,False,19,Casa,8,Moderado
294.2,False,15,Departamento,7,Moderado
127.0,False,7,Casa,4,Eficiente
165.9,False,7,Departamento,6,Moderado
194.7,True,11,Casa,7,Moderado
145.8,False,8,Casa,3,Eficiente
203.8,False,13,Departamento,4,Eficiente
150.2,False,8,Casa,3,Eficiente
160.1,False,2,Casa,3,Moderado
189.8,False,10,Casa,4,Eficiente
83.5,False,3,Casa,1,Eficiente
254.8,True,13,Departamento,10,Ineficiente
127.2,False,7,Departamento,3,Eficiente
490.0,False,17,Casa,9,Ineficiente
456.9,False,16,Casa,9,Ineficiente
142.7,False,4,Departamento,4,Moderado
457.0,False,19,Departamento,9,Ineficiente
258.0,True,13,Departamento,9,Ineficiente
153.7,False,7,Casa,5,Moderado
66.5,False,7,Casa,1,Eficiente
199.2,False,10,Casa,5,Moderado
239.0,True,13,Casa,11,Ineficiente
180.8,False,7,Casa,4,Moderado
106.5,False,2,Departamento,4,Moderado
167.1,True,8,Casa,5,Ineficiente
230.2,True,12,Departamento,8,Ineficiente
148.6,False,7,Departamento,3,Eficiente
174.3,True,7,Casa,5,Ineficiente
91.7,False,4,Departamento,1,Eficiente
182.3,True,6,Departamento,7,Ineficiente
123.2,False,5,Casa,3,Eficiente
255.5,False,14,Departamento,5,Moderado
146.7,False,7,Casa,5,Eficiente
176.6,False,9,Casa,5,Eficiente
424.6,True,15,Departamento,10,Ineficiente
154.2,False,7,Departamento,5,Moderado
166.1,False,11,Casa,6,Eficiente
220.2,False,11,Departamento,3,Eficiente
81.4,False,5,Departamento,2,Eficiente
289.3,False,17,Departamento,5,Moderado
303.0,True,12,Casa,12,Ineficiente
252.8,False,13,Casa,7,Moderado
47.6,False,2,Casa,3,Eficiente
155.4,False,5,Departamento,3,Moderado
116.1,False,6,Casa,2,Moderado
277.8,False,15,Departamento,8,Moderado
307.8,False,16,Casa,8,Ineficiente
203.9,False,9,Departamento,7,Moderado
104.8,False,5,Departamento,2,Eficiente
322.6,False,13,Departamento,7,Ineficiente
157.7,False,8,Departamento,5,Ineficiente
370.4,False,15,Departamento,8,Ineficiente
222.9,False,14,Casa,6,Eficiente
211.7,False,11,Departamento,4,Eficiente
145.1,False,7,Departamento,2,Ineficiente
317.9,False,16,Departamento,8,Ineficiente
257.7,True,14,Casa,7,Ineficiente
318.5,True,16,Departamento,8,Eficiente
214.8,False,12,Casa,6,Moderado
196.0,False,9,Casa,4,Moderado
256.3,True,14,Casa,9,Ineficiente
365.4,False,18,Casa,8,Ineficiente
307.9,False,16,Casa,6,Moderado
212.9,False,11,Casa,5,Moderado
78.4,False,4,Departamento,4,Eficiente
110.8,False,4,Casa,3,Ineficiente
174.8,False,7,Departamento,5,Moderado
163.0,False,11,Departamento,3,Eficiente
109.7,False,8,Casa,2,Eficiente
229.9,True,11,Casa,5,Ineficiente
428.9,False,18,Departamento,7,Ineficiente
152.3,False,10,Departamento,3,Eficiente
239.6,True,11,Departamento,9,Ineficiente
532.1,True,13,Casa,9,Ineficiente
252.9,False,16,Departamento,7,Moderado
132.7,False,6,Departamento,3,Eficiente
193.1,False,9,Departamento,5,Moderado
214.0,False,12,Departamento,6,Moderado
316.4,False,15,Departamento,8,Ineficiente
288.9,True,20,Departamento,10,Ineficiente
54.1,False,2,Departamento,1,Eficiente
123.2,False,6,Departamento,5,Eficiente
196.4,True,13,Casa,6,Moderado
130.2,False,8,Casa,3,Eficiente
40.0,False,5,Departamento,1,Eficiente
128.1,False,5,Departamento,5,Eficiente
201.9,False,11,Casa,4,Eficiente
159.7,False,4,Casa,5,Moderado
115.4,False,5,Departamento,1,Eficiente
177.0,False,9,Departamento,6,Moderado
166.6,True,12,Casa,6,Moderado
352.0,False,17,Casa,7,Ineficiente
177.5,False,11,Departamento,5,Eficiente
119.6,False,5,Departamento,2,Eficiente
106.7,False,7,Departamento,1,Eficiente
182.3,False,10,Casa,4,Eficiente
280.0,False,17,Departamento,8,Ineficiente
141.2,False,8,Casa,3,Eficiente
226.7,False,13,Departamento,5,Eficiente
206.1,True,8,Casa,8,Ineficiente
467.2,True,19,Casa,10,Ineficiente
204.7,False,12,Departamento,6,Eficiente
148.9,False,8,Casa,4,Eficiente
239.8,False,14,Departamento,8,Moderado
243.2,False,14,Departamento,6,Moderado
169.0,False,11,Casa,4,Eficiente
124.0,False,4,Casa,4,Moderado
107.3,True,5,Casa,3,Moderado
220.4,True,12,Casa,10,Ineficiente
133.8,False,5,Departamento,6,Moderado
105.5,False,4,Casa,2,Eficiente
149.9,False,6,Departamento,5,Moderado
336.9,False,16,Casa,8,Ineficiente
258.5,False,14,Departamento,8,Moderado
223.8,False,9,Casa,4,Moderado
258.0,True,14,Casa,8,Ineficiente
183.5,False,9,Departamento,2,Eficiente
108.4,False,4,Departamento,1,Eficiente
117.7,False,3,Departamento,1,Eficiente
157.2,False,8,Casa,2,Eficiente
312.6,False,14,Departamento,7,Ineficiente
318.8,False,18,Casa,8,Moderado
126.7,False,2,Casa,2,Moderado
202.6,False,9,Casa,5,Moderado
168.5,False,7,Casa,3,Moderado
137.6,False,8,Departamento,3,Eficiente
360.8,False,17,Casa,6,Ineficiente
174.1,False,7,Departamento,6,Moderado
189.7,False,9,Departamento,4,Moderado
221.5,False,11,Casa,4,Moderado
129.5,False,7,Casa,4,Eficiente
210.3,False,11,Casa,4,Eficiente
316.9,False,13,Casa,9,Ineficiente
322.1,False,17,Departamento,6,Moderado
107.3,False,7,Departamento,3,Eficiente
91.7,False,3,Departamento,1,Eficiente
204.3,False,11,Casa,5,Eficiente
318.1,False,13,Casa,7,Ineficiente
232.2,True,9,Casa,7,Ineficiente
230.9,True,9,Departamento,6,Ineficiente
111.7,False,4,Casa,2,Eficiente
154.6,False,7,Casa,4,Eficiente
69.1,False,4,Departamento,3,Eficiente
163.4,False,8,Departamento,3,Eficiente
80.2,False,5,Casa,1,Eficiente
304.0,True,17,Departamento,9,Ineficiente
383.1,True,16,Casa,10,Ineficiente
211.7,False,10,Casa,6,Moderado
105.9,False,2,Casa,2,Eficiente
235.2,False,15,Casa,6,Eficiente
373.6,False,15,Departamento,7,Ineficiente
247.0,False,11,Casa,4,Moderado
283.3,False,15,Departamento,6,Moderado
165.4,False,6,Casa,5,Moderado
122.1,False,5,Departamento,5,Moderado
167.2,False,8,Departamento,6,Moderado
90.3,False,5,Casa,2,Eficiente
446.2,False,18,Departamento,6,Ineficiente
181.4,False,12,Departamento,4,Moderado
253.3,False,14,Departamento,6,Moderado
90.8,False,2,Departamento,1,Eficiente
357.8,False,15,Casa,7,Ineficiente
108.2,True,8,Departamento,3,Eficiente
204.4,False,11,Departamento,7,Moderado
242.8,False,13,Casa,7,Moderado
179.2,False,12,Departamento,5,Eficiente
123.9,False,6,Departamento,3,Eficiente
163.4,False,7,Departamento,5,Moderado
134.8,False,7,Casa,2,Eficiente
279.6,False,14,Casa,9,Ineficiente
254.1,True,14,Casa,8,Ineficiente
196.1,True,11,Casa,5,Moderado
136.8,False,5,Departamento,4,Moderado
479.4,False,17,Casa,9,Ineficiente
102.2,False,7,Departamento,2,Eficiente
90.7,False,2,Departamento,4,Moderado
168.9,False,11,Departamento,5,Eficiente
179.1,True,8,Casa,6,Ineficiente
279.9,False,18,Departamento,6,Eficiente
227.9,False,11,Departamento,6,Moderado
177.6,False,9,Departamento,5,Eficiente
246.3,False,16,Casa,8,Moderado
211.1,True,14,Departamento,9,Moderado
483.6,False,18,Casa,6,Ineficiente
193.0,False,8,Departamento,5,Moderado
148.8,False,7,Casa,2,Eficiente
213.7,False,12,Casa,7,Moderado
58.6,False,2,Departamento,1,Eficiente
196.9,False,12,Casa,6,Eficiente
274.2,True,13,Departamento,8,Ineficiente
225.2,False,10,Departamento,4,Moderado
228.5,True,10,Casa,7,Ineficiente
263.9,False,17,Casa,6,Eficiente
317.7,True,14,Casa,10,Ineficiente
321.2,False,15,Departamento,8,Eficiente
208.0,False,9,Departamento,4,Moderado
174.6,True,11,Casa,7,Moderado
76.3,True,2,Casa,5,Ineficiente
301.0,True,13,Casa,10,Ineficiente
209.6,False,11,Casa,6,Ineficiente
149.1,False,8,Casa,4,Moderado
262.2,False,13,Departamento,8,Ineficiente
181.5,True,12,Casa,9,Moderado
197.0,False,9,Casa,6,Moderado
169.9,False,7,Departamento,4,Moderado
212.6,False,10,Departamento,6,Moderado
124.4,False,4,Casa,3,Moderado
216.7,False,10,Departamento,6,Moderado
147.3,False,8,Casa,3,Eficiente
132.0,False,4,Departamento,6,Moderado
287.0,False,14,Casa,6,Moderado
114.1,False,3,Departamento,4,Moderado
289.3,False,13,Casa,4,Moderado
183.7,False,12,Departamento,5,Eficiente
86.8,False,6,Departamento,2,Eficiente
353.1,False,18,Casa,8,Ineficiente
228.8,False,10,Casa,6,Moderado
203.4,True,9,Departamento,9,Ineficiente
308.8,False,19,Casa,7,Moderado
323.6,False,15,Departamento,6,Ineficiente
189.0,False,8,Departamento,4,Moderado
258.7,True,16,Casa,8,Ineficiente
231.5,False,13,Casa,7,Moderado
150.0,False,8,Departamento,5,Eficiente
102.5,False,2,Casa,1,Eficiente
188.7,True,9,Departamento,6,Ineficiente
358.5,False,18,Casa,6,Moderado
257.5,False,13,Casa,6,Moderado
127.7,False,8,Casa,4,Eficiente
315.6,True,13,Casa,9,Moderado
152.4,False,7,Departamento,4,Eficiente
82.2,False,6,Casa,3,Eficiente
262.4,False,12,Departamento,6,Moderado
115.0,False,5,Departamento,1,Eficiente
427.3,False,18,Casa,7,Ineficiente
325.3,True,16,Casa,10,Ineficiente
157.9,False,7,Departamento,5,Moderado
207.5,False,10,Departamento,6,Moderado
473.6,True,17,Departamento,11,Ineficiente
303.8,False,15,Casa,7,Ineficiente
194.6,False,8,Departamento,5,Moderado
666.5,False,19,Casa,6,Ineficiente
182.5,False,8,Departamento,6,Moderado
254.2,False,11,Casa,6,Ineficiente
116.4,False,4,Departamento,2,Eficiente
98.8,False,2,Casa,2,Eficiente
155.5,False,7,Departamento,6,Moderado
202.6,False,9,Casa,7,Moderado
196.5,True,11,Departamento,7,Ineficiente
110.7,False,7,Casa,3,Eficiente
229.6,False,13,Departamento,8,Moderado
140.5,False,4,Casa,4,Moderado
259.4,False,12,Casa,7,Ineficiente
261.4,True,14,Departamento,6,Ineficiente
168.6,False,5,Casa,6,Ineficiente
134.0,False,4,Casa,2,Moderado
337.6,False,13,Departamento,5,Ineficiente
250.7,False,14,Departamento,4,Eficiente
185.5,False,14,Departamento,4,Eficiente
366.6,True,14,Casa,10,Ineficiente
204.9,False,13,Casa,7,Eficiente
135.6,True,5,Departamento,6,Ineficiente
131.3,False,3,Casa,5,Moderado
166.0,False,11,Departamento,4,Eficiente
280.5,False,18,Casa,7,Moderado
311.9,True,16,Departamento,7,Ineficiente
337.6,True,16,Casa,7,Ineficiente
181.9,True,9,Casa,5,Moderado
145.7,False,7,Casa,4,Eficiente
116.1,False,6,Casa,1,Eficiente
142.7,False,10,Departamento,2,Eficiente
116.1,False,4,Casa,1,Eficiente
463.7,True,17,Casa,11,Ineficiente
240.1,False,13,Casa,8,Moderado
166.9,False,10,Departamento,4,Eficiente
405.2,False,21,Casa,9,Ineficiente
116.6,False,7,Casa,1,Eficiente
161.5,False,9,Departamento,6,Eficiente
461.8,False,18,Casa,7,Ineficiente
186.2,False,12,Casa,6,Eficiente
486.2,False,21,Departamento,8,Ineficiente
279.4,False,11,Casa,5,Ineficiente
305.5,False,16,Departamento,6,Moderado
304.0,False,10,Departamento,7,Ineficiente
176.7,True,11,Departamento,4,Eficiente
160.1,False,9,Casa,4,Eficiente
189.6,False,9,Casa,3,Eficiente
132.1,False,2,Casa,4,Moderado
193.6,False,10,Casa,4,Eficiente
197.7,False,11,Casa,6,Eficiente
347.8,False,16,Departamento,9,Ineficiente
220.9,True,11,Departamento,8,Ineficiente
537.0,False,15,Casa,8,Ineficiente
69.1,False,3,Departamento,4,Eficiente
105.2,False,3,Departamento,2,Eficiente
322.7,False,15,Departamento,8,Ineficiente
168.1,False,5,Departamento,5,Moderado
109.5,False,5,Casa,2,Eficiente
180.1,True,10,Casa,5,Moderado
106.8,False,7,Departamento,4,Eficiente
98.3,False,6,Departamento,1,Eficiente
401.1,True,15,Departamento,12,Ineficiente
151.4,False,10,Departamento,2,Eficiente
214.4,False,9,Casa,4,Moderado
190.3,False,10,Casa,5,Ineficiente
154.9,False,9,Departamento,5,Eficiente
141.6,False,9,Casa,2,Eficiente
201.4,False,13,Departamento,6,Eficiente
314.4,False,15,Departamento,7,Ineficiente
299.1,False,16,Casa,8,Moderado
105.8,False,5,Departamento,4,Eficiente
302.8,False,14,Casa,9,Ineficiente
212.1,False,11,Departamento,6,Moderado
153.5,True,11,Casa,4,Eficiente
187.5,False,11,Departamento,3,Eficiente
257.9,False,17,Casa,5,Eficiente
203.4,False,9,Casa,5,Moderado
243.6,False,12,Casa,6,Moderado
140.3,False,7,Casa,4,Eficiente
468.4,True,18,Casa,11,Ineficiente
77.1,False,3,Departamento,1,Eficiente
221.8,False,14,Departamento,6,Eficiente
236.6,False,14,Casa,7,Moderado
225.8,True,10,Departamento,5,Ineficiente
129.0,False,7,Departamento,4,Eficiente
283.9,False,17,Departamento,10,Moderado
193.3,False,11,Casa,6,Eficiente
122.1,False,2,Casa,3,Moderado
109.6,False,4,Departamento,2,Eficiente
207.2,False,12,Casa,6,Eficiente
102.1,False,2,Casa,4,Moderado
369.1,False,18,Departamento,7,Ineficiente
313.1,False,17,Casa,9,Moderado
373.8,False,16,Departamento,8,Ineficiente
405.1,True,16,Casa,12,Ineficiente
149.5,False,7,Departamento,5,Ineficiente
56.4,False,2,Departamento,2,Eficiente
147.9,False,6,Departamento,3,Eficiente
365.2,False,16,Departamento,9,Ineficiente
141.0,True,9,Casa,5,Eficiente
157.7,False,9,Departamento,4,Eficiente
137.5,False,9,Departamento,3,Eficiente
236.0,False,10,Casa,5,Moderado
348.1,False,15,Casa,8,Ineficiente
105.2,False,8,Casa,1,Moderado
324.4,False,14,Departamento,8,Ineficiente
271.6,False,14,Casa,7,Moderado
176.3,False,13,Casa,5,Eficiente
354.9,False,15,Departamento,7,Ineficiente
112.5,False,6,Casa,4,Ineficiente
253.0,False,14,Departamento,5,Moderado
195.9,False,7,Casa,6,Ineficiente
260.9,False,14,Casa,8,Moderado
74.2,False,2,Casa,1,Eficiente
155.7,False,9,Departamento,3,Moderado
236.5,False,16,Departamento,6,Ineficiente
196.9,True,10,Casa,8,Ineficiente
337.3,False,15,Casa,6,Ineficiente
336.7,True,20,Casa,8,Ineficiente
133.4,False,5,Casa,3,Eficiente
245.3,False,11,Departamento,6,Moderado
132.4,False,8,Casa,3,Eficiente
203.6,False,11,Casa,7,Moderado
262.6,False,14,Casa,5,Ineficiente
140.6,False,10,Casa,3,Eficiente
277.8,False,12,Casa,6,Ineficiente
163.0,False,8,Casa,4,Eficiente
156.4,False,5,Casa,3,Moderado
264.5,False,15,Casa,5,Moderado
140.7,False,5,Casa,4,Ineficiente
119.7,False,3,Departamento,6,Moderado
312.1,False,17,Casa,7,Moderado
212.3,False,12,Casa,5,Eficiente
110.1,False,2,Casa,2,Moderado
248.8,False,11,Departamento,8,Ineficiente
148.4,False,7,Departamento,3,Moderado
60.1,False,3,Departamento,1,Eficiente
253.9,False,16,Departamento,7,Ineficiente
137.9,False,7,Casa,4,Eficiente
102.1,False,3,Departamento,3,Moderado
227.2,False,13,Departamento,7,Moderado
279.7,False,12,Casa,7,Ineficiente
143.4,False,7,Casa,5,Eficiente
290.6,False,14,Casa,6,Moderado
472.6,True,15,Casa,9,Ineficiente
310.8,False,16,Departamento,7,Eficiente
331.3,True,12,Casa,11,Ineficiente
196.7,True,8,Departamento,8,Ineficiente
144.2,False,5,Departamento,4,Moderado
197.6,False,10,Casa,5,Moderado
243.4,False,15,Casa,7,Moderado
102.6,False,5,Departamento,1,Eficiente
127.0,False,6,Departamento,3,Eficiente
108.7,False,4,Casa,2,Eficiente
221.7,True,12,Casa,7,Ineficiente
178.5,False,12,Departamento,4,Eficiente
134.2,False,3,Departamento,4,Moderado
128.7,False,5,Casa,5,Moderado
130.2,False,7,Departamento,1,Eficiente
278.8,False,15,Casa,9,Moderado
292.3,False,16,Casa,6,Moderado
125.6,False,8,Departamento,5,Eficiente
222.2,True,10,Casa,7,Ineficiente
159.5,False,8,Departamento,3,Eficiente
184.3,False,9,Departamento,3,Eficiente
250.4,False,17,Casa,7,Moderado
226.3,False,14,Casa,3,Eficiente
193.4,False,10,Departamento,4,Eficiente
109.6,False,6,Departamento,4,Eficiente
204.5,True,11,Departamento,7,Ineficiente
218.7,False,11,Departamento,5,Moderado
231.4,True,12,Departamento,10,Ineficiente
128.6,True,6,Departamento,7,Ineficiente
251.3,False,12,Departamento,6,Moderado
115.0,False,5,Casa,4,Ineficiente
147.3,False,8,Departamento,5,Eficiente
154.7,False,8,Departamento,4,Eficiente
117.1,False,8,Casa,2,Eficiente
193.8,False,13,Departamento,3,Eficiente
93.9,False,5,Casa,3,Eficiente
146.1,False,10,Departamento,3,Eficiente
96.7,False,7,Casa,2,Eficiente
473.5,False,14,Casa,8,Ineficiente
216.3,False,12,Casa,5,Eficiente
181.6,True,9,Departamento,7,Eficiente
221.5,False,12,Casa,4,Ineficiente
224.0,False,12,Departamento,5,Moderado
301.0,False,14,Casa,6,Ineficiente
103.2,False,2,Casa,1,Eficiente
343.4,True,16,Casa,7,Ineficiente
337.3,False,17,Casa,7,Ineficiente
169.0,False,8,Departamento,5,Moderado
54.2,False,2,Casa,3,Eficiente
118.1,False,3,Casa,2,Eficiente
218.9,False,12,Departamento,5,Eficiente
285.5,True,15,Departamento,10,Ineficiente
270.8,True,16,Casa,9,Ineficiente
447.7,False,17,Casa,10,Ineficiente
303.6,False,17,Casa,7,Moderado
149.6,False,5,Departamento,3,Moderado
441.4,False,19,Departamento,7,Ineficiente
111.4,False,4,Departamento,2,Eficiente
107.3,False,6,Casa,4,Eficiente
167.1,True,8,Casa,7,Eficiente
128.4,False,6,Departamento,5,Eficiente
171.2,False,12,Casa,5,Eficiente
283.6,False,14,Casa,4,Moderado
170.8,False,11,Departamento,5,Eficiente
198.7,True,11,Casa,7,Ineficiente
207.9,False,10,Casa,6,Moderado
76.8,False,3,Casa,4,Eficiente
92.8,False,3,Departamento,2,Eficiente
169.8,False,6,Casa,5,Moderado
140.1,False,7,Casa,2,Eficiente
181.4,True,11,Casa,5,Moderado
356.8,False,17,Casa,7,Ineficiente
192.0,True,13,Casa,7,Moderado
100.3,False,6,Departamento,3,Eficiente
141.8,False,5,Casa,2,Eficiente
412.1,False,16,Casa,10,Ineficiente
379.9,False,18,Casa,7,Ineficiente
256.7,False,14,Casa,6,Eficiente
197.6,True,9,Departamento,8,Ineficiente
205.4,False,10,Departamento,6,Moderado
176.7,True,10,Departamento,9,Ineficiente
155.7,False,4,Casa,3,Moderado
151.2,False,3,Departamento,4,Moderado
133.0,False,7,Departamento,3,Eficiente
123.6,False,4,Casa,4,Moderado
348.9,True,17,Casa,10,Ineficiente
254.1,True,16,Departamento,9,Ineficiente
179.4,False,8,Casa,3,Moderado
227.9,True,9,Casa,7,Ineficiente
206.6,False,11,Departamento,4,Eficiente
525.9,False,16,Casa,7,Ineficiente
250.0,False,13,Departamento,5,Moderado
283.1,False,16,Casa,6,Moderado
202.8,True,12,Casa,7,Moderado
165.0,False,8,Casa,4,Eficiente
361.5,False,18,Casa,7,Ineficiente
228.2,False,14,Departamento,5,Eficiente
123.4,False,5,Departamento,3,Eficiente
208.6,False,13,Departamento,5,Eficiente
283.0,False,12,Casa,6,Ineficiente
82.9,False,5,Casa,2,Eficiente
133.4,False,6,Casa,1,Eficiente
230.7,False,10,Casa,9,Ineficiente
77.9,False,2,Departamento,3,Eficiente
95.1,False,6,Casa,3,Eficiente
178.0,False,8,Casa,4,Moderado
245.1,False,14,Casa,6,Moderado
214.5,False,13,Departamento,4,Eficiente
386.9,False,16,Casa,8,Ineficiente
178.5,False,8,Departamento,3,Eficiente
151.0,False,7,Departamento,2,Eficiente
100.3,False,2,Departamento,2,Eficiente
170.9,False,8,Casa,6,Moderado
272.2,False,12,Casa,6,Ineficiente
274.2,False,14,Casa,7,Moderado
194.2,True,8,Departamento,5,Ineficiente
222.1,False,12,Departamento,6,Moderado
296.2,False,17,Departamento,9,Eficiente
351.4,True,14,Casa,7,Ineficiente
126.9,False,4,Departamento,3,Moderado
139.8,False,8,Departamento,5,Eficiente
242.3,True,12,Departamento,8,Ineficiente
174.2,False,9,Casa,4,Eficiente
91.4,False,2,Casa,1,Moderado
255.5,True,15,Casa,6,Moderado
288.9,True,17,Departamento,9,Ineficiente
292.3,False,14,Casa,7,Ineficiente
282.6,False,12,Casa,7,Ineficiente
288.6,True,17,Casa,10,Ineficiente
267.8,False,15,Casa,6,Moderado
221.5,False,13,Departamento,4,Eficiente
231.0,False,10,Departamento,5,Moderado
154.0,False,5,Casa,4,Moderado
185.3,False,11,Casa,6,Eficiente
207.6,False,13,Casa,6,Eficiente
170.7,False,7,Casa,4,Moderado
102.6,False,4,Casa,2,Eficiente
104.1,False,2,Departamento,2,Ineficiente
218.2,False,11,Casa,8,Moderado
289.8,True,14,Casa,9,Ineficiente
200.4,False,12,Casa,5,Eficiente
554.2,False,13,Departamento,8,Ineficiente
137.0,False,9,Casa,3,Ineficiente
211.5,False,11,Departamento,4,Eficiente
340.7,False,18,Casa,5,Moderado
271.1,False,15,Departamento,6,Eficiente
231.8,False,14,Departamento,8,Moderado
310.1,False,19,Casa,9,Moderado
201.2,False,9,Casa,4,Moderado
405.3,False,17,Casa,8,Ineficiente
295.2,True,13,Departamento,9,Ineficiente
121.6,False,5,Departamento,2,Eficiente
228.5,False,14,Casa,8,Moderado
102.6,False,6,Casa,3,Eficiente
380.6,False,16,Casa,8,Ineficiente
221.5,False,10,Casa,6,Moderado
308.1,False,15,Departamento,5,Eficiente
190.4,False,9,Casa,7,Moderado
92.1,False,3,Casa,3,Eficiente
525.3,True,18,Departamento,10,Eficiente
182.2,False,10,Departamento,4,Eficiente
114.1,False,6,Departamento,2,Eficiente
323.0,True,15,Casa,10,Ineficiente
415.1,True,18,Departamento,11,Ineficiente
161.7,True,8,Departamento,8,Ineficiente
191.2,False,10,Casa,4,Eficiente
218.9,True,10,Casa,8,Ineficiente
110.0,False,2,Departamento,1,Eficiente
151.3,False,4,Casa,1,Eficiente
367.7,False,17,Departamento,8,Ineficiente
164.3,False,7,Departamento,3,Moderado
122.4,False,2,Departamento,1,Moderado
143.7,False,6,Departamento,2,Eficiente
270.5,False,15,Departamento,7,Moderado
86.9,False,4,Casa,3,Eficiente
225.1,False,12,Casa,4,Eficiente
488.7,True,17,Departamento,11,Ineficiente
467.2,False,16,Casa,7,Ineficiente
221.3,True,13,Departamento,8,Ineficiente
306.0,True,15,Departamento,9,Ineficiente
350.2,False,16,Casa,8,Ineficiente
165.0,False,10,Departamento,3,Eficiente
293.6,False,16,Casa,7,Moderado
374.2,False,16,Departamento,8,Ineficiente
221.1,False,11,Departamento,6,Moderado
203.5,False,7,Departamento,7,Ineficiente
206.6,False,13,Casa,5,Eficiente
200.8,False,10,Casa,6,Moderado
220.0,False,14,Casa,6,Eficiente
319.8,False,18,Casa,6,Moderado
245.4,True,14,Casa,10,Ineficiente
159.8,False,9,Departamento,3,Eficiente
141.2,False,5,Casa,6,Moderado
166.3,True,6,Casa,7,Ineficiente
192.4,False,11,Departamento,6,Eficiente
149.3,False,4,Casa,4,Moderado
296.6,False,14,Casa,8,Ineficiente
208.4,False,9,Departamento,6,Moderado
281.3,True,13,Departamento,9,Ineficiente
150.3,False,8,Casa,5,Eficiente
122.7,False,6,Departamento,1,Eficiente
320.8,False,15,Casa,7,Ineficiente
211.1,True,12,Casa,8,Ineficiente
159.1,False,7,Departamento,5,Moderado
267.0,False,18,Casa,8,Moderado
266.1,False,15,Casa,6,Moderado
101.0,False,3,Departamento,2,Eficiente
357.6,True,18,Casa,11,Ineficiente
168.3,False,11,Casa,6,Eficiente
407.6,True,15,Casa,11,Ineficiente
98.4,False,2,Departamento,2,Eficiente
198.5,False,9,Departamento,8,Ineficiente
160.3,True,7,Departamento,6,Ineficiente
87.6,False,3,Casa,2,Ineficiente
229.4,False,10,Departamento,8,Ineficiente
78.2,False,2,Departamento,4,Moderado
315.0,False,16,Casa,6,Moderado
140.4,False,8,Departamento,4,Eficiente
135.4,True,7,Casa,6,Moderado
242.5,False,16,Departamento,9,Moderado
182.7,False,12,Casa,8,Eficiente
167.9,False,9,Casa,4,Eficiente
300.7,False,13,Departamento,8,Ineficiente
107.8,False,3,Departamento,2,Eficiente
163.3,False,6,Casa,4,Moderado
249.3,False,14,Departamento,5,Ineficiente
117.2,False,5,Casa,5,Moderado
372.1,False,18,Departamento,8,Ineficiente
180.8,False,10,Casa,5,Eficiente
291.0,False,17,Casa,7,Moderado
287.9,False,17,Casa,7,Moderado
187.2,False,8,Casa,5,Moderado
163.2,False,7,Casa,3,Eficiente
194.5,False,10,Casa,3,Eficiente
234.4,True,11,Departamento,7,Ineficiente
129.9,False,5,Casa,1,Eficiente
121.6,False,6,Casa,3,Moderado
371.3,False,16,Casa,7,Ineficiente
127.4,False,5,Departamento,4,Moderado
231.0,False,11,Casa,6,Moderado
185.8,False,11,Casa,3,Eficiente
164.2,True,9,Departamento,6,Moderado
364.5,False,15,Casa,5,Ineficiente
166.2,False,6,Departamento,3,Moderado
171.8,False,11,Casa,4,Eficiente
157.2,False,11,Departamento,3,Eficiente
160.1,False,8,Casa,6,Eficiente
132.4,False,5,Departamento,4,Moderado
139.8,True,8,Departamento,5,Moderado
407.9,False,17,Casa,9,Ineficiente
268.4,True,14,Casa,8,Ineficiente
175.5,False,11,Casa,4,Eficiente
304.4,True,14,Casa,10,Ineficiente
88.5,False,2,Departamento,1,Eficiente
314.6,True,16,Departamento,10,Ineficiente
294.8,False,15,Departamento,7,Moderado
445.1,False,18,Departamento,9,Ineficiente
263.4,False,16,Departamento,9,Moderado
208.5,False,9,Departamento,6,Moderado
342.4,True,16,Casa,10,Ineficiente
153.3,False,11,Casa,2,Eficiente
168.6,True,7,Casa,7,Ineficiente
192.8,False,9,Casa,5,Moderado
355.2,True,12,Casa,9,Ineficiente
137.2,False,6,Casa,3,Eficiente
135.0,False,7,Casa,4,Eficiente
218.5,False,13,Casa,5,Eficiente
269.8,False,12,Casa,7,Ineficiente
147.3,False,7,Casa,2,Eficiente
268.8,True,15,Casa,7,Ineficiente
359.3,False,16,Casa,7,Ineficiente
146.9,False,10,Casa,3,Eficiente
131.5,False,5,Casa,3,Moderado
327.6,False,18,Departamento,8,Moderado
99.8,False,7,Departamento,2,Eficiente
246.4,False,9,Casa,6,Ineficiente
103.8,False,4,Departamento,4,Moderado
207.5,False,12,Casa,4,Eficiente
241.3,True,11,Departamento,9,Ineficiente
437.5,False,18,Casa,8,Ineficiente
88.6,False,2,Casa,3,Moderado
225.1,True,12,Casa,9,Ineficiente
257.2,False,13,Departamento,6,Moderado
155.5,False,8,Departamento,4,Eficiente
366.4,True,17,Casa,10,Ineficiente
213.0,False,10,Casa,4,Moderado
185.2,False,9,Departamento,3,Eficiente
67.1,False,3,Departamento,3,Eficiente
402.2,True,17,Departamento,10,Ineficiente
75.7,False,4,Departamento,2,Eficiente
346.4,False,16,Casa,7,Ineficiente
197.9,False,12,Casa,6,Eficiente
177.2,False,9,Casa,2,Eficiente
67.5,False,3,Departamento,3,Eficiente
259.3,False,12,Casa,5,Moderado
225.9,True,12,Departamento,9,Ineficiente
165.4,False,9,Departamento,4,Eficiente
154.3,False,6,Departamento,2,Moderado
194.7,True,10,Casa,8,Ineficiente
387.9,True,19,Casa,9,Ineficiente
127.5,False,3,Casa,4,Moderado
149.0,False,8,Departamento,2,Eficiente
270.2,False,13,Departamento,6,Moderado
159.9,False,6,Departamento,3,Ineficiente
376.8,True,18,Casa,9,Ineficiente
164.3,True,9,Departamento,8,Moderado
216.9,False,13,Casa,5,Eficiente
454.0,True,15,Casa,9,Ineficiente
175.4,False,8,Casa,4,Eficiente
276.5,False,14,Departamento,8,Moderado
387.7,True,14,Departamento,9,Ineficiente
274.5,False,14,Departamento,8,Moderado
275.6,False,13,Departamento,8,Ineficiente
252.1,False,11,Departamento,5,Moderado
266.0,False,16,Departamento,7,Moderado
172.4,False,10,Casa,5,Eficiente
189.9,False,10,Casa,4,Eficiente
153.3,False,4,Departamento,2,Moderado
174.5,False,11,Casa,5,Eficiente
144.2,False,3,Casa,3,Moderado
202.8,False,11,Casa,4,Eficiente
323.0,False,14,Departamento,8,Ineficiente
393.3,False,20,Casa,8,Moderado
145.0,False,6,Departamento,2,Eficiente
295.9,False,14,Departamento,8,Ineficiente
327.4,False,15,Casa,6,Moderado
220.7,True,10,Casa,7,Ineficiente
277.3,False,17,Casa,6,Ineficiente
200.1,False,9,Casa,7,Ineficiente
167.6,False,10,Casa,6,Eficiente
234.5,False,15,Departamento,5,Eficiente
165.2,False,9,Departamento,2,Eficiente
184.0,False,10,Casa,3,Eficiente
136.1,False,6,Departamento,3,Eficiente
140.4,False,6,Casa,3,Eficiente
157.3,False,3,Departamento,4,Moderado
200.6,False,12,Casa,6,Eficiente
216.5,False,13,Casa,7,Eficiente
206.6,False,14,Casa,5,Eficiente
151.6,False,8,Departamento,3,Eficiente
230.3,False,12,Departamento,6,Moderado
218.1,False,12,Departamento,5,Eficiente
94.8,False,2,Casa,1,Eficiente
116.8,False,5,Casa,3,Eficiente
192.7,False,11,Departamento,4,Eficiente
313.7,True,12,Casa,9,Ineficiente
112.2,False,2,Casa,1,Moderado
110.5,False,3,Departamento,2,Eficiente
142.3,False,7,Casa,2,Eficiente
215.5,False,12,Casa,7,Moderado
219.6,False,8,Departamento,7,Moderado
187.7,False,8,Departamento,4,Moderado
96.3,False,2,Departamento,1,Eficiente
140.6,False,7,Departamento,3,Ineficiente
231.5,False,9,Casa,8,Ineficiente
225.0,False,9,Departamento,6,Moderado
430.4,True,18,Casa,10,Ineficiente
224.6,False,12,Casa,8,Moderado
242.3,True,14,Casa,9,Ineficiente
290.4,True,16,Casa,9,Ineficiente
307.3,False,12,Casa,7,Eficiente
317.3,False,17,Casa,9,Ineficiente
160.0,True,8,Departamento,4,Moderado
191.2,False,10,Casa,5,Eficiente
126.8,False,6,Casa,2,Eficiente
221.4,False,13,Departamento,6,Eficiente
146.9,False,5,Casa,3,Moderado
171.5,False,9,Casa,3,Eficiente
203.1,False,9,Departamento,5,Moderado
115.1,False,5,Departamento,2,Ineficiente
115.5,False,4,Departamento,4,Moderado
226.2,False,14,Departamento,6,Eficiente
112.7,False,7,Departamento,4,Eficiente
143.0,False,9,Departamento,4,Eficiente
336.8,True,19,Casa,12,Ineficiente
311.0,False,14,Casa,6,Moderado
224.4,False,11,Departamento,7,Moderado
152.3,False,5,Casa,4,Moderado
240.7,False,12,Casa,5,Moderado
255.1,True,12,Departamento,9,Ineficiente
221.7,False,11,Departamento,6,Moderado
155.2,False,5,Departamento,5,Moderado
120.4,False,5,Departamento,2,Eficiente
104.2,False,5,Casa,1,Eficiente
166.4,False,10,Casa,4,Eficiente
187.0,False,10,Departamento,6,Eficiente
386.9,True,17,Departamento,6,Ineficiente
287.4,False,13,Departamento,7,Moderado
197.7,True,9,Departamento,7,Ineficiente
185.4,False,10,Casa,3,Eficiente
246.2,False,16,Casa,5,Eficiente
329.7,False,12,Departamento,6,Ineficiente
195.7,False,12,Departamento,7,Eficiente
192.9,False,11,Casa,5,Eficiente
209.3,False,10,Departamento,5,Moderado
222.4,False,14,Casa,6,Eficiente
216.4,True,8,Casa,6,Ineficiente
138.9,False,5,Casa,3,Moderado
160.5,False,9,Departamento,2,Eficiente
209.5,True,9,Casa,6,Ineficiente
150.3,False,7,Departamento,4,Eficiente
282.7,False,15,Casa,4,Moderado
124.9,False,7,Casa,4,Eficiente
119.5,False,5,Departamento,4,Eficiente
197.1,True,8,Casa,7,Ineficiente
107.9,False,2,Casa,1,Eficiente
215.4,False,10,Departamento,5,Moderado
138.6,False,3,Departamento,5,Moderado
138.3,False,6,Departamento,2,Eficiente
230.4,False,11,Casa,5,Moderado
162.3,False,8,Departamento,3,Eficiente
87.9,False,3,Casa,3,Eficiente
219.1,True,11,Casa,8,Ineficiente
400.4,False,17,Departamento,8,Ineficiente
404.2,True,16,Casa,11,Ineficiente
142.7,False,5,Casa,5,Moderado
68.4,False,2,Departamento,2,Eficiente
105.5,False,2,Casa,2,Moderado
235.6,True,12,Departamento,11,Ineficiente
249.8,False,13,Casa,5,Eficiente
315.3,True,15,Casa,9,Ineficiente
153.9,False,8,Casa,3,Moderado
218.2,True,13,Casa,8,Moderado
353.8,False,15,Casa,8,Ineficiente
161.1,False,8,Departamento,6,Moderado
216.8,False,12,Casa,4,Eficiente
319.5,False,16,Departamento,5,Moderado
211.2,False,13,Departamento,5,Eficiente
278.8,False,17,Casa,7,Moderado
221.9,False,11,Casa,5,Moderado
203.3,False,11,Departamento,5,Ineficiente
280.4,True,14,Casa,9,Ineficiente
195.6,True,11,Casa,4,Moderado
152.8,True,5,Departamento,4,Ineficiente
166.0,False,8,Casa,5,Eficiente
219.1,False,8,Departamento,6,Eficiente
225.3,True,12,Departamento,8,Ineficiente
510.3,False,22,Departamento,8,Ineficiente
95.6,False,4,Casa,2,Eficiente
205.3,False,11,Casa,6,Ineficiente
145.4,False,5,Casa,4,Moderado
87.4,False,5,Departamento,1,Eficiente
370.8,False,15,Casa,7,Ineficiente
149.1,False,9,Departamento,5,Eficiente
132.1,False,5,Departamento,2,Eficiente
254.8,False,15,Departamento,6,Moderado
71.8,False,3,Departamento,1,Eficiente
252.4,False,11,Casa,7,Ineficiente
136.5,False,3,Casa,2,Moderado
149.1,False,6,Casa,3,Moderado
143.6,False,6,Departamento,3,Eficiente
432.6,False,16,Casa,7,Ineficiente
271.6,True,13,Departamento,8,Ineficiente
218.2,False,10,Departamento,7,Moderado
217.9,False,11,Departamento,5,Moderado
293.2,False,13,Departamento,7,Ineficiente
230.8,False,10,Departamento,6,Moderado
98.1,False,4,Casa,2,Eficiente
184.4,True,7,Casa,7,Ineficiente
181.0,False,8,Departamento,6,Moderado
209.2,False,11,Casa,6,Moderado
204.1,False,11,Casa,5,Eficiente
208.9,False,11,Departamento,4,Eficiente
235.7,False,11,Departamento,8,Moderado
164.8,False,13,Casa,5,Eficiente
177.7,False,8,Casa,4,Moderado
226.8,False,11,Departamento,6,Eficiente
244.4,True,11,Casa,9,Ineficiente
199.8,False,13,Casa,4,Eficiente
120.8,False,10,Casa,2,Eficiente
215.0,True,11,Departamento,6,Moderado
181.2,False,10,Departamento,6,Eficiente
113.1,False,6,Departamento,2,Eficiente
274.7,True,14,Casa,9,Ineficiente
286.5,False,16,Departamento,8,Moderado
344.9,False,15,Casa,8,Ineficiente
226.5,True,15,Casa,9,Moderado
108.7,False,2,Casa,2,Moderado
484.6,False,15,Casa,8,Eficiente
162.5,True,8,Casa,4,Moderado
194.7,False,11,Casa,6,Eficiente
195.3,False,9,Casa,4,Moderado
247.0,False,11,Casa,6,Moderado
215.9,False,12,Departamento,5,Eficiente
239.1,False,11,Casa,7,Moderado
474.1,False,16,Departamento,8,Ineficiente
261.7,True,17,Casa,11,Ineficiente
109.6,False,5,Casa,1,Eficiente
114.7,False,5,Casa,1,Eficiente
232.1,True,8,Departamento,9,Ineficiente
270.1,True,15,Casa,9,Ineficiente
129.5,False,7,Casa,5,Eficiente
249.0,False,15,Casa,6,Moderado
173.4,False,10,Casa,4,Eficiente
234.8,False,15,Casa,6,Eficiente
158.7,False,10,Departamento,4,Eficiente
323.6,False,16,Casa,8,Ineficiente
459.1,False,15,Casa,8,Ineficiente
155.5,False,4,Departamento,2,Moderado
178.1,False,9,Casa,3,Eficiente
212.5,False,12,Casa,7,Ineficiente
181.0,False,11,Casa,6,Moderado
186.8,False,11,Departamento,6,Moderado
170.8,False,17,Casa,10,Eficiente
